date,5. volume,4. close,2. high,1. open,3. low
2000-01-03,600.0,10.62,10.62,10.0,10.0
2000-01-04,1200.0,9.875,10.13,10.13,9.875
2000-01-05,5200.0,9.5,9.75,9.75,9.5
2000-01-06,1200.0,9.875,9.875,9.75,9.75
2000-01-07,12000.0,10.25,10.5,10.13,10.0
2000-01-10,7200.0,9.625,10.0,10.0,9.625
2000-01-11,3500.0,9.938,10.13,10.0,9.938
2000-01-12,600.0,9.75,9.75,9.75,9.75
2000-01-13,1000.0,9.75,9.75,9.75,9.75
2000-01-14,8700.0,9.75,9.875,9.75,9.625
2000-01-18,8500.0,9.938,9.938,9.75,9.75
2000-01-19,10600.0,10.38,10.38,9.875,9.875
2000-01-20,4100.0,10.0,10.13,10.13,9.938
2000-01-21,1500.0,10.19,10.19,9.938,9.938
2000-01-24,1500.0,9.5,9.938,9.938,9.5
2000-01-25,2600.0,10.0,10.0,9.875,9.688
2000-01-26,9800.0,9.938,10.25,9.813,9.813
2000-01-27,10900.0,11.25,11.25,10.25,10.25
2000-01-28,15800.0,11.25,11.25,10.63,10.25
2000-01-31,8900.0,10.88,11.25,11.25,10.88
2000-02-01,21700.0,11.13,11.13,11.0,10.88
2000-02-02,25700.0,11.06,11.25,11.0,11.0
2000-02-03,3100.0,11.0,11.13,11.13,11.0
2000-02-04,3200.0,10.63,11.0,10.88,10.63
2000-02-07,7100.0,11.0,11.0,10.75,10.75
2000-02-08,8900.0,11.0,11.0,10.75,10.75
2000-02-09,2600.0,11.0,11.0,10.88,10.88
2000-02-10,1700.0,10.88,11.0,11.0,10.88
2000-02-11,7200.0,11.25,11.25,11.13,11.13
2000-02-14,46700.0,11.0,11.25,11.13,11.0
2000-02-15,25300.0,10.0,10.75,10.75,10.0
2000-02-16,19900.0,10.0,10.13,10.06,10.0
2000-02-17,1600.0,9.875,9.875,9.875,9.875
2000-02-18,100.0,9.875,9.875,9.875,9.875
2000-02-22,6600.0,9.688,9.875,9.875,9.688
2000-02-23,6400.0,9.75,9.75,9.75,9.688
2000-02-24,2600.0,10.13,10.13,9.875,9.75
2000-02-25,700.0,10.0,10.13,9.875,9.875
2000-02-28,35200.0,9.0,9.875,9.875,8.0
2000-02-29,23500.0,9.0,9.25,9.25,8.938
2000-03-01,4000.0,9.0,9.0,8.813,8.813
2000-03-02,7300.0,9.25,9.375,9.25,9.25
2000-03-03,0.0,9.25,9.25,9.25,9.25
2000-03-06,0.0,9.25,9.25,9.25,9.25
2000-03-07,1700.0,9.234,9.25,9.25,9.234
2000-03-08,2400.0,9.438,9.438,9.125,9.063
2000-03-09,10600.0,9.5,9.875,9.063,9.063
2000-03-10,1600.0,9.563,9.563,9.5,9.5
2000-03-13,8800.0,10.13,10.25,9.5,9.25
2000-03-14,11000.0,10.25,10.25,10.19,10.19
2000-03-15,9300.0,10.19,10.25,10.19,10.19
2000-03-16,6100.0,10.38,10.63,10.25,10.25
2000-03-17,3300.0,10.38,10.38,10.25,10.25
2000-03-20,56700.0,11.75,12.5,10.44,10.44
2000-03-21,5800.0,11.25,11.94,11.94,10.81
2000-03-22,7100.0,10.44,10.88,10.88,10.44
2000-03-23,2700.0,10.25,10.38,10.38,10.25
2000-03-24,0.0,10.25,10.25,10.25,10.25
2000-03-27,1700.0,10.25,10.25,10.25,10.25
2000-03-28,1400.0,10.0,10.0,10.0,10.0
2000-03-29,21800.0,9.0,10.0,10.0,8.75
2000-03-30,45800.0,8.75,9.375,9.375,8.75
2000-03-31,137000.0,8.625,9.625,9.25,8.125
2000-04-03,9600.0,9.0,9.063,8.875,8.875
2000-04-04,3700.0,9.125,9.125,9.0,8.938
2000-04-05,58600.0,8.75,9.0,8.938,7.625
2000-04-06,13600.0,8.938,9.0,8.75,8.75
2000-04-07,2900.0,9.0,9.0,8.875,8.875
2000-04-10,700.0,9.0,9.125,9.125,9.0
2000-04-11,9100.0,8.75,9.25,9.25,8.625
2000-04-12,2400.0,9.125,9.125,9.0,8.813
2000-04-13,8100.0,9.0,9.0,9.0,9.0
2000-04-14,500.0,9.0,9.0,9.0,9.0
2000-04-17,6100.0,8.5,8.75,8.75,8.375
2000-04-18,5200.0,8.5,9.109,8.75,8.5
2000-04-19,2000.0,8.625,9.125,9.125,8.625
2000-04-20,20100.0,8.25,8.625,8.625,8.0
2000-04-24,28500.0,8.313,8.609,8.219,8.219
2000-04-25,4700.0,8.5,8.5,8.313,8.313
2000-04-26,8100.0,8.625,8.813,8.563,8.563
2000-04-27,3300.0,8.625,8.75,8.75,8.625
2000-04-28,6700.0,8.75,8.875,8.75,8.75
2000-05-01,30700.0,8.563,8.75,8.688,8.5
2000-05-02,9700.0,8.563,8.563,8.563,8.563
2000-05-03,200.0,8.5,8.5,8.5,8.5
2000-05-04,10000.0,8.75,8.75,8.75,8.75
2000-05-05,0.0,8.75,8.75,8.75,8.75
2000-05-08,2300.0,8.5,8.5,8.5,8.5
2000-05-09,4600.0,8.438,8.5,8.5,8.438
2000-05-10,2000.0,8.438,8.438,8.438,8.438
2000-05-11,6900.0,8.25,8.5,8.5,8.0
2000-05-12,6100.0,8.375,8.375,8.25,8.25
2000-05-15,5200.0,8.625,8.688,8.625,8.625
2000-05-16,2400.0,8.5,8.563,8.563,8.328
2000-05-17,14100.0,8.063,8.688,8.688,8.0
2000-05-18,300.0,8.5,8.5,8.5,8.5
2000-05-19,3100.0,8.156,8.156,8.125,8.125
2000-05-22,500.0,8.313,8.313,8.219,8.219
2000-05-23,0.0,8.31,8.31,8.31,8.31
2000-05-24,300.0,8.313,8.313,8.313,8.313
2000-05-25,9200.0,8.25,8.375,8.125,8.125
2000-05-26,14800.0,8.25,8.25,8.25,8.188
2000-05-30,7900.0,8.375,8.5,8.5,8.125
2000-05-31,2300.0,8.12,8.12,8.12,8.12
2000-06-01,8300.0,8.375,8.375,8.25,8.125
2000-06-02,7100.0,8.375,8.438,8.375,8.375
2000-06-05,4000.0,8.563,8.563,8.344,8.344
2000-06-06,4600.0,8.625,8.625,8.5,8.375
2000-06-07,15500.0,8.625,8.688,8.625,8.625
2000-06-08,9500.0,8.313,8.75,8.75,8.313
2000-06-09,4200.0,8.469,8.469,8.469,8.469
2000-06-12,1400.0,8.375,8.438,8.438,8.375
2000-06-13,2200.0,8.5,8.5,8.375,8.375
2000-06-14,6100.0,9.0,9.0,8.75,8.75
2000-06-15,11500.0,9.25,9.25,8.813,8.813
2000-06-16,500.0,9.0,9.0,9.0,9.0
2000-06-19,2000.0,8.813,8.938,8.938,8.813
2000-06-20,7200.0,9.0,9.063,9.031,9.0
2000-06-21,8400.0,8.875,9.375,9.375,8.625
2000-06-22,1000.0,8.813,8.875,8.75,8.75
2000-06-23,11800.0,9.0,9.0,9.0,8.875
2000-06-26,10000.0,8.625,8.875,8.875,8.563
2000-06-27,6300.0,8.125,8.563,8.563,8.125
2000-06-28,4400.0,8.25,8.25,8.25,8.25
2000-06-29,2300.0,8.438,8.5,8.469,8.313
2000-06-30,4500.0,8.063,8.25,8.25,8.063
2000-07-03,1900.0,8.0,8.25,8.25,8.0
2000-07-05,4700.0,8.938,8.938,8.313,8.313
2000-07-06,31400.0,9.625,9.625,9.0,8.875
2000-07-07,9100.0,9.375,9.625,9.406,9.0
2000-07-10,3800.0,9.25,9.5,9.25,9.25
2000-07-11,18900.0,8.938,9.0,9.0,8.75
2000-07-12,2600.0,8.625,9.125,8.938,8.625
2000-07-13,8600.0,8.875,9.125,9.125,8.875
2000-07-14,29600.0,9.0,9.125,8.875,8.875
2000-07-17,17300.0,8.75,8.938,8.938,8.75
2000-07-18,23400.0,9.0,9.094,8.938,8.75
2000-07-19,200.0,9.125,9.125,9.125,9.125
2000-07-20,3300.0,9.25,9.25,9.125,8.875
2000-07-21,400.0,9.25,9.25,8.938,8.938
2000-07-24,2800.0,9.0,9.0,8.938,8.938
2000-07-25,4800.0,8.813,9.0,8.969,8.813
2000-07-26,700.0,8.75,8.75,8.75,8.75
2000-07-27,3500.0,8.75,8.875,8.781,8.75
2000-07-28,1600.0,8.875,8.875,8.75,8.688
2000-07-31,600.0,9.125,9.125,8.844,8.844
2000-08-01,3500.0,9.0,9.125,8.953,8.953
2000-08-02,13300.0,8.906,9.063,9.0,8.906
2000-08-03,8900.0,9.0,9.0,8.875,8.875
2000-08-04,5100.0,9.25,9.25,9.063,9.063
2000-08-07,2400.0,9.5,9.5,9.438,9.375
2000-08-08,600.0,9.438,9.438,9.438,9.438
2000-08-09,4200.0,9.563,9.563,9.375,9.125
2000-08-10,500.0,9.0,9.0,9.0,9.0
2000-08-11,100.0,9.563,9.563,9.563,9.563
2000-08-14,400.0,9.563,9.563,9.563,9.563
2000-08-15,4100.0,9.563,9.563,9.0,9.0
2000-08-16,0.0,9.56,9.56,9.56,9.56
2000-08-17,100.0,9.25,9.25,9.25,9.25
2000-08-18,0.0,9.25,9.25,9.25,9.25
2000-08-21,0.0,9.25,9.25,9.25,9.25
2000-08-22,0.0,9.25,9.25,9.25,9.25
2000-08-23,800.0,9.0,9.0,9.0,9.0
2000-08-24,1700.0,9.5,9.563,9.563,9.0
2000-08-25,9900.0,9.625,9.625,9.25,9.25
2000-08-28,4400.0,9.25,9.406,9.406,9.125
2000-08-29,6300.0,8.875,9.125,9.125,8.875
2000-08-30,300.0,9.188,9.188,8.813,8.813
2000-08-31,2600.0,9.0,9.0,8.875,8.75
2000-09-01,27900.0,8.938,9.0,8.875,8.5
2000-09-05,9900.0,8.938,8.938,8.75,8.75
2000-09-06,17600.0,8.563,8.75,8.75,8.5
2000-09-07,12600.0,8.0,8.813,8.813,8.0
2000-09-08,459900.0,8.625,8.625,8.188,8.0
2000-09-11,26000.0,8.5,8.5,8.5,8.375
2000-09-12,125600.0,8.75,8.75,8.5,8.5
2000-09-13,37300.0,8.75,8.75,8.688,8.625
2000-09-14,41900.0,8.688,8.75,8.688,8.688
2000-09-15,30700.0,8.75,8.938,8.75,8.688
2000-09-18,70700.0,8.875,8.938,8.875,8.75
2000-09-19,6100.0,8.938,9.094,9.094,8.938
2000-09-20,5600.0,8.906,8.938,8.938,8.875
2000-09-21,19400.0,8.906,9.0,8.984,8.906
2000-09-22,11200.0,9.0,9.0,8.813,8.813
2000-09-25,14000.0,9.0,9.0,9.0,9.0
2000-09-26,13000.0,9.0,9.0,9.0,8.938
2000-09-27,6800.0,9.125,9.125,9.0,9.0
2000-09-28,500.0,9.0,9.0,8.813,8.813
2000-09-29,6700.0,9.0,9.0,9.0,8.813
2000-10-02,12900.0,9.5,9.5,9.125,9.125
2000-10-03,7200.0,8.938,9.25,9.25,8.875
2000-10-04,15300.0,9.0,9.0,9.0,8.813
2000-10-05,13300.0,8.688,8.813,8.813,8.375
2000-10-06,1900.0,8.75,8.875,8.688,8.688
2000-10-09,1100.0,8.75,8.75,8.75,8.75
2000-10-10,2100.0,8.75,8.766,8.766,8.75
2000-10-11,16900.0,9.0,9.375,8.813,8.75
2000-10-12,106100.0,9.25,9.25,9.0,8.938
2000-10-13,19600.0,9.25,9.25,9.156,9.125
2000-10-16,3200.0,9.438,9.438,9.25,9.188
2000-10-17,37200.0,9.5,9.75,9.5,9.5
2000-10-18,15000.0,9.375,9.531,9.5,9.375
2000-10-19,12700.0,9.5,9.938,9.438,9.438
2000-10-20,1000.0,9.688,9.688,9.625,9.625
2000-10-23,1000.0,9.875,9.875,9.672,9.672
2000-10-24,36400.0,10.25,10.38,9.984,9.938
2000-10-25,19200.0,10.25,10.25,10.25,10.06
2000-10-26,1300.0,10.19,10.19,10.19,10.0
2000-10-27,14800.0,10.25,10.25,10.19,10.19
2000-10-30,6900.0,10.75,10.75,10.31,10.31
2000-10-31,5100.0,10.75,10.88,10.5,10.5
2000-11-01,15400.0,11.0,11.0,10.69,10.69
2000-11-02,5500.0,11.0,11.0,10.98,10.94
2000-11-03,2000.0,11.0,11.0,10.88,10.88
2000-11-06,7700.0,11.0,11.0,10.69,10.69
2000-11-07,13100.0,10.88,11.0,10.81,10.81
2000-11-08,5200.0,11.0,11.0,10.81,10.81
2000-11-09,200.0,10.81,10.81,10.81,10.81
2000-11-10,4700.0,10.75,10.75,10.75,10.75
2000-11-13,200.0,10.81,11.0,11.0,10.81
2000-11-14,1400.0,10.63,11.13,11.13,10.63
2000-11-15,2600.0,10.63,10.63,10.63,10.63
2000-11-16,0.0,10.62,10.62,10.62,10.62
2000-11-17,7200.0,10.5,10.63,10.5,10.0
2000-11-20,4500.0,10.38,10.5,10.5,10.25
2000-11-21,400.0,10.5,10.5,10.44,10.44
2000-11-22,600.0,10.56,10.56,10.5,10.5
2000-11-24,100.0,10.81,10.81,10.81,10.81
2000-11-27,6200.0,10.81,10.81,10.75,10.75
2000-11-28,0.0,10.81,10.81,10.81,10.81
2000-11-29,7100.0,11.06,11.06,10.88,10.88
2000-11-30,4800.0,10.94,11.06,11.06,10.94
2000-12-01,1600.0,10.88,11.0,11.0,10.88
2000-12-04,2000.0,10.63,10.88,10.88,10.63
2000-12-05,0.0,10.62,10.62,10.62,10.62
2000-12-06,1500.0,10.88,11.0,11.0,10.88
2000-12-07,400.0,10.88,10.88,10.75,10.75
2000-12-08,5100.0,10.5,10.88,10.88,10.5
2000-12-11,700.0,10.88,10.88,10.88,10.88
2000-12-12,1000.0,10.88,10.88,10.88,10.88
2000-12-13,2000.0,10.75,10.81,10.81,10.5
2000-12-14,100.0,10.75,10.75,10.75,10.75
2000-12-15,400.0,10.63,10.63,10.5,10.5
2000-12-18,200.0,10.52,10.52,10.52,10.52
2000-12-19,500.0,10.5,10.5,10.5,10.5
2000-12-20,100.0,10.44,10.44,10.44,10.44
2000-12-21,100.0,10.56,10.56,10.56,10.56
2000-12-22,2900.0,10.56,10.56,10.56,10.5
2000-12-26,7100.0,10.75,10.75,10.44,10.44
2000-12-27,2300.0,11.0,11.0,10.75,10.44
2000-12-28,5000.0,10.81,10.88,10.81,10.75
2000-12-29,4500.0,10.88,10.88,10.75,10.75
2001-01-02,1500.0,10.75,10.75,10.75,10.75
2001-01-03,2600.0,10.88,10.88,10.88,10.88
2001-01-04,18700.0,12.0,12.13,10.7,10.69
2001-01-05,1600.0,11.63,11.94,11.94,11.63
2001-01-08,2600.0,11.63,11.88,11.5,11.5
2001-01-09,6100.0,11.56,11.63,11.63,11.5
2001-01-10,200.0,11.88,11.88,11.88,11.88
2001-01-11,400.0,11.69,11.69,11.69,11.69
2001-01-12,15800.0,12.0,12.0,11.92,11.75
2001-01-16,5500.0,11.81,12.0,11.98,11.81
2001-01-17,2200.0,11.94,12.0,12.0,11.94
2001-01-18,21000.0,11.75,11.94,11.94,11.5
2001-01-19,15300.0,11.75,11.75,11.75,11.75
2001-01-22,7900.0,11.94,11.94,11.92,11.75
2001-01-23,43800.0,12.75,12.75,11.7,11.7
2001-01-24,57400.0,13.0,13.0,12.73,12.69
2001-01-25,3100.0,13.0,13.0,12.98,12.75
2001-01-26,44600.0,13.69,13.75,13.0,12.98
2001-01-29,65800.0,15.13,15.63,13.81,13.77
2001-01-30,36300.0,14.88,15.25,15.25,14.75
2001-01-31,32300.0,15.0,15.13,15.0,14.13
2001-02-01,3300.0,14.31,14.75,14.5,14.13
2001-02-02,20500.0,13.88,14.27,14.27,13.63
2001-02-05,11700.0,13.94,14.13,13.52,13.5
2001-02-06,1400.0,13.88,14.0,14.0,13.88
2001-02-07,5600.0,13.81,14.0,13.88,13.81
2001-02-08,2600.0,13.81,13.92,13.92,13.81
2001-02-09,1900.0,13.69,13.81,13.81,13.69
2001-02-12,7900.0,13.5,13.69,13.69,13.25
2001-02-13,5900.0,13.13,13.5,13.5,13.13
2001-02-14,3600.0,13.13,13.25,13.13,13.13
2001-02-15,12400.0,13.0,13.25,13.25,13.0
2001-02-16,2000.0,13.06,13.25,13.02,13.02
2001-02-20,4200.0,12.63,13.06,13.05,12.63
2001-02-21,600.0,12.63,12.63,12.63,12.63
2001-02-22,15600.0,12.81,13.0,12.63,12.63
2001-02-23,5700.0,12.75,12.75,12.63,12.63
2001-02-26,9900.0,13.0,13.19,12.63,12.63
2001-02-27,900.0,13.13,13.38,13.25,13.13
2001-02-28,1400.0,13.19,13.25,13.0,13.0
2001-03-01,35400.0,13.0,13.19,13.0,13.0
2001-03-02,41100.0,13.13,13.13,13.0,13.0
2001-03-05,7000.0,13.25,13.25,13.0,13.0
2001-03-06,8100.0,13.44,13.5,13.25,13.25
2001-03-07,5300.0,13.81,13.81,13.48,13.39
2001-03-08,8300.0,13.69,13.81,13.81,13.69
2001-03-09,0.0,13.69,13.69,13.69,13.69
2001-03-12,3400.0,13.56,13.75,13.69,13.56
2001-03-13,3500.0,13.56,13.69,13.58,13.5
2001-03-14,9600.0,13.13,13.38,13.33,13.13
2001-03-15,8900.0,13.31,13.5,13.5,13.13
2001-03-16,2600.0,13.25,13.5,13.31,13.19
2001-03-19,900.0,13.5,13.5,13.5,13.44
2001-03-20,2000.0,13.5,13.56,13.56,13.5
2001-03-21,7800.0,13.53,13.63,13.56,13.53
2001-03-22,5900.0,13.25,13.56,13.56,13.25
2001-03-23,6700.0,13.38,13.44,13.25,13.19
2001-03-26,1500.0,13.25,13.25,13.25,13.25
2001-03-27,17500.0,13.56,13.56,13.27,13.27
2001-03-28,9500.0,13.63,13.88,13.66,13.63
2001-03-29,10800.0,14.0,14.0,13.75,13.56
2001-03-30,109200.0,15.0,15.13,13.81,13.81
2001-04-02,11600.0,15.0,15.13,14.92,14.88
2001-04-03,13900.0,14.88,14.89,14.89,14.63
2001-04-04,1300.0,14.5,15.06,14.75,14.25
2001-04-05,54100.0,14.0,14.25,14.25,14.0
2001-04-06,1400.0,14.5,14.5,14.27,14.25
2001-04-09,5400.0,14.63,14.69,14.69,14.3
2001-04-10,12800.0,14.6,14.7,14.7,14.48
2001-04-11,4600.0,14.78,14.78,14.6,14.6
2001-04-12,3500.0,14.88,14.88,14.74,14.66
2001-04-16,1500.0,14.15,14.66,14.66,14.15
2001-04-17,100.0,14.6,14.6,14.6,14.6
2001-04-18,7600.0,15.0,15.0,14.6,14.6
2001-04-19,3000.0,14.6,15.0,14.71,14.6
2001-04-20,2000.0,14.9,15.0,14.6,14.6
2001-04-23,59700.0,13.6,15.13,14.61,13.5
2001-04-24,42100.0,14.19,14.4,13.78,13.78
2001-04-25,20600.0,14.35,14.35,14.1,14.1
2001-04-26,1300.0,14.38,14.4,14.4,14.38
2001-04-27,2500.0,15.0,15.0,14.4,14.4
2001-04-30,14000.0,15.0,15.26,15.04,15.0
2001-05-01,500.0,15.0,15.0,15.0,15.0
2001-05-02,5900.0,14.9,15.0,14.9,14.85
2001-05-03,23400.0,15.45,15.5,14.81,14.81
2001-05-04,29300.0,15.5,15.5,15.44,15.0
2001-05-07,3000.0,15.43,15.5,15.49,15.43
2001-05-08,1500.0,15.44,15.45,15.45,15.44
2001-05-09,3000.0,15.44,15.45,15.45,15.37
2001-05-10,1000.0,15.45,15.45,15.45,15.45
2001-05-11,2600.0,15.4,15.49,15.4,15.02
2001-05-14,7200.0,15.0,15.35,15.35,14.75
2001-05-15,4600.0,14.95,15.5,14.71,14.71
2001-05-16,2500.0,15.31,15.31,15.06,14.95
2001-05-17,1300.0,15.4,15.4,15.01,15.0
2001-05-18,5900.0,15.65,15.85,15.45,15.45
2001-05-21,16400.0,15.74,15.74,15.45,15.0
2001-05-22,5300.0,15.67,15.74,15.74,15.61
2001-05-23,6600.0,15.55,15.74,15.74,15.5
2001-05-24,3100.0,15.61,15.61,15.61,15.5
2001-05-25,14600.0,15.55,15.66,15.6,15.55
2001-05-29,13700.0,16.05,16.05,15.56,15.55
2001-05-30,18500.0,15.63,15.75,15.75,15.08
2001-05-31,1900.0,15.9,15.9,15.7,15.7
2001-06-01,17200.0,16.15,16.27,15.9,15.86
2001-06-04,32900.0,16.99,16.99,16.2,16.2
2001-06-05,26300.0,17.06,17.2,16.66,16.66
2001-06-06,18800.0,17.01,17.17,17.11,17.0
2001-06-07,11000.0,17.11,17.15,17.15,17.05
2001-06-08,12800.0,17.0,17.15,17.14,16.99
2001-06-11,8700.0,17.0,17.08,17.07,17.0
2001-06-12,2500.0,16.95,17.1,17.1,16.95
2001-06-13,2000.0,16.95,17.0,17.0,16.95
2001-06-14,1000.0,16.95,16.95,16.95,16.95
2001-06-15,1500.0,16.92,16.93,16.93,16.92
2001-06-18,8000.0,16.93,17.02,17.02,16.89
2001-06-19,3200.0,16.8,17.0,17.0,16.41
2001-06-20,4000.0,16.9,16.98,16.98,16.9
2001-06-21,2600.0,16.65,16.98,16.9,16.65
2001-06-22,2300.0,16.52,16.65,16.65,16.52
2001-06-25,0.0,16.52,16.52,16.52,16.52
2001-06-26,13800.0,15.68,16.43,16.43,15.4
2001-06-27,8000.0,15.4,15.5,15.4,15.4
2001-06-28,6700.0,15.0,15.49,15.49,14.91
2001-06-29,9000.0,14.5,14.92,14.92,14.4
2001-07-02,19000.0,14.59,14.75,14.46,14.45
2001-07-03,12500.0,14.5,14.97,14.64,14.4
2001-07-05,15400.0,15.1,15.1,14.75,14.75
2001-07-06,3700.0,15.14,15.14,15.13,15.03
2001-07-09,1700.0,15.15,15.17,15.05,15.04
2001-07-10,5700.0,15.05,15.15,15.14,15.05
2001-07-11,3900.0,14.8,15.05,15.04,14.8
2001-07-12,1200.0,14.9,14.9,14.8,14.8
2001-07-13,700.0,15.1,15.1,15.0,14.8
2001-07-16,4400.0,15.38,15.42,15.0,14.9
2001-07-17,1200.0,15.3,15.38,15.38,15.1
2001-07-18,2500.0,15.25,15.3,15.25,15.25
2001-07-19,33700.0,15.25,15.29,15.16,15.15
2001-07-20,1500.0,15.3,15.3,15.15,15.15
2001-07-23,4200.0,15.71,16.0,15.37,15.37
2001-07-24,3100.0,15.25,16.05,16.05,15.25
2001-07-25,3800.0,15.28,15.47,15.25,15.12
2001-07-26,300.0,15.28,15.28,15.28,15.28
2001-07-27,2200.0,15.5,15.6,15.6,15.5
2001-07-30,8700.0,15.5,15.5,15.5,15.3
2001-07-31,1600.0,15.7,15.7,15.5,15.5
2001-08-01,2900.0,15.9,15.9,15.7,15.7
2001-08-02,11800.0,15.9,15.97,15.95,15.75
2001-08-03,800.0,16.11,16.11,15.95,15.95
2001-08-06,8200.0,16.1,16.25,16.1,16.0
2001-08-07,3400.0,16.2,16.21,16.0,16.0
2001-08-08,3800.0,16.0,16.18,15.89,15.81
2001-08-09,4200.0,16.07,16.25,16.17,16.07
2001-08-10,800.0,16.27,16.27,16.07,16.07
2001-08-13,13000.0,18.0,18.0,16.34,16.33
2001-08-14,9600.0,17.2,17.74,17.25,16.82
2001-08-15,8200.0,16.7,17.2,17.1,16.5
2001-08-16,500.0,17.0,17.0,17.0,17.0
2001-08-17,4300.0,16.85,16.85,16.75,16.7
2001-08-20,3400.0,16.85,16.85,16.85,16.85
2001-08-21,2000.0,17.0,17.0,17.0,17.0
2001-08-22,2200.0,17.12,17.12,17.06,17.06
2001-08-23,8500.0,16.88,17.0,17.0,16.88
2001-08-24,16400.0,16.5,17.0,16.89,16.05
2001-08-27,12800.0,16.25,16.25,16.06,15.95
2001-08-28,8100.0,16.12,16.25,16.1,16.1
2001-08-29,6300.0,15.82,16.12,16.12,15.81
2001-08-30,1500.0,15.98,15.98,15.98,15.82
2001-08-31,4100.0,15.88,15.88,15.81,15.7
2001-09-04,1500.0,15.79,15.88,15.88,15.66
2001-09-05,14700.0,15.61,15.83,15.83,15.45
2001-09-06,20800.0,14.92,15.5,15.5,14.92
2001-09-07,8500.0,14.16,14.92,14.92,14.16
2001-09-10,800.0,14.17,14.17,14.17,14.17
2001-09-17,22100.0,14.0,14.0,13.45,13.28
2001-09-18,10400.0,13.96,14.1,13.89,13.75
2001-09-19,7000.0,13.83,14.0,14.0,13.7
2001-09-20,10200.0,13.75,13.85,13.85,13.75
2001-09-21,4900.0,14.01,14.09,14.09,13.75
2001-09-24,6600.0,14.0,14.24,13.85,13.85
2001-09-25,3900.0,14.0,14.0,14.0,14.0
2001-09-26,2300.0,13.76,14.05,14.04,13.76
2001-09-27,6000.0,13.56,13.76,13.76,13.56
2001-09-28,7300.0,13.6,13.65,13.46,13.46
2001-10-01,1300.0,13.51,13.6,13.6,13.51
2001-10-02,3100.0,13.55,13.55,13.5,13.47
2001-10-03,4000.0,13.28,13.65,13.65,13.28
2001-10-04,8700.0,13.75,13.75,13.75,13.3
2001-10-05,5100.0,13.8,13.8,13.8,13.74
2001-10-08,0.0,13.8,13.8,13.8,13.8
2001-10-09,500.0,13.6,13.6,13.6,13.6
2001-10-10,5100.0,13.98,14.0,13.98,13.7
2001-10-11,1000.0,13.7,13.75,13.75,13.51
2001-10-12,600.0,13.51,13.51,13.51,13.51
2001-10-15,700.0,13.51,13.52,13.52,13.51
2001-10-16,2500.0,13.75,13.75,13.65,13.6
2001-10-17,1700.0,13.72,13.72,13.72,13.72
2001-10-18,1600.0,13.51,13.7,13.7,13.51
2001-10-19,1200.0,13.67,13.72,13.72,13.67
2001-10-22,3800.0,13.89,13.89,13.75,13.73
2001-10-23,5100.0,13.7,13.9,13.9,13.7
2001-10-24,5200.0,13.28,13.83,13.52,13.28
2001-10-25,11100.0,13.45,13.45,13.35,12.79
2001-10-26,1500.0,13.53,13.59,13.59,13.25
2001-10-29,1500.0,13.5,13.53,13.53,13.5
2001-10-30,1600.0,13.31,13.48,13.48,13.31
2001-10-31,600.0,13.31,13.31,13.31,13.31
2001-11-01,5300.0,13.51,13.53,13.46,13.38
2001-11-02,1900.0,13.39,13.53,13.53,13.39
2001-11-05,9000.0,13.51,13.79,13.69,13.49
2001-11-06,4600.0,13.77,13.79,13.79,13.66
2001-11-07,600.0,13.61,13.71,13.71,13.61
2001-11-08,8000.0,13.66,13.77,13.77,13.61
2001-11-09,8700.0,13.77,13.77,13.61,13.6
2001-11-12,1000.0,13.67,13.67,13.67,13.67
2001-11-13,900.0,13.6,13.77,13.77,13.6
2001-11-14,1200.0,13.72,13.72,13.57,13.57
2001-11-15,2000.0,13.75,13.79,13.77,13.61
2001-11-16,11600.0,13.99,13.99,13.79,13.75
2001-11-19,11100.0,13.67,13.76,13.7,13.62
2001-11-20,1900.0,13.67,13.75,13.75,13.67
2001-11-21,1700.0,13.75,13.77,13.77,13.75
2001-11-23,1500.0,13.85,13.9,13.9,13.85
2001-11-26,500.0,13.9,13.9,13.9,13.9
2001-11-27,1600.0,13.9,13.9,13.9,13.88
2001-11-28,1000.0,13.75,13.84,13.84,13.75
2001-11-29,1800.0,13.95,13.95,13.75,13.75
2001-11-30,4400.0,14.7,15.2,13.86,13.86
2001-12-03,3700.0,15.0,15.2,15.2,14.88
2001-12-04,3400.0,15.1,15.15,15.0,15.0
2001-12-05,1200.0,15.1,15.1,15.1,15.09
2001-12-06,600.0,15.23,15.23,15.23,15.15
2001-12-07,8100.0,14.39,15.24,15.24,14.39
2001-12-10,9500.0,14.03,14.41,14.38,14.03
2001-12-11,5900.0,14.0,14.19,14.03,13.76
2001-12-12,800.0,13.8,13.97,13.97,13.8
2001-12-13,0.0,13.8,13.8,13.8,13.8
2001-12-14,200.0,14.0,14.0,14.0,14.0
2001-12-17,6500.0,14.05,14.2,14.01,14.0
2001-12-18,2900.0,14.5,14.59,14.15,14.15
2001-12-19,3800.0,14.87,14.88,14.6,14.16
2001-12-20,3500.0,14.66,14.94,14.87,14.65
2001-12-21,700.0,15.09,15.09,14.7,14.7
2001-12-24,500.0,14.7,14.76,14.76,14.7
2001-12-26,600.0,14.75,14.75,14.75,14.75
2001-12-27,1600.0,15.1,15.1,14.82,14.82
2001-12-28,300.0,15.14,15.19,15.17,15.14
2001-12-31,700.0,15.2,15.2,15.01,15.0
2002-01-02,6000.0,15.12,15.25,15.01,15.01
2002-01-03,4600.0,15.31,15.31,15.31,15.25
2002-01-04,1000.0,15.25,15.35,15.25,15.25
2002-01-07,2400.0,15.44,15.44,15.38,15.25
2002-01-08,1700.0,15.22,15.5,15.25,15.04
2002-01-09,600.0,15.4,15.7,15.7,15.4
2002-01-10,700.0,15.6,15.6,15.6,15.28
2002-01-11,1300.0,15.75,15.75,15.5,15.5
2002-01-14,6100.0,15.25,15.88,15.88,15.21
2002-01-15,2100.0,15.28,15.9,15.88,15.28
2002-01-16,2000.0,15.45,15.5,15.5,15.45
2002-01-17,3300.0,15.5,15.5,15.45,15.25
2002-01-18,1200.0,15.4,15.4,15.35,15.35
2002-01-22,46300.0,16.05,16.25,15.47,15.46
2002-01-23,15000.0,16.75,16.75,16.75,16.1
2002-01-24,600.0,16.27,16.27,16.25,16.25
2002-01-25,7300.0,16.05,16.67,16.67,16.05
2002-01-28,12300.0,16.1,16.5,16.0,16.0
2002-01-29,5500.0,16.25,16.5,16.0,16.0
2002-01-30,22300.0,16.2,16.25,16.25,16.13
2002-01-31,10200.0,16.1,16.45,16.21,16.1
2002-02-01,2900.0,16.0,16.1,16.1,16.0
2002-02-04,10700.0,16.05,16.1,16.0,16.0
2002-02-05,13400.0,16.04,16.05,16.0,16.0
2002-02-06,800.0,16.0,16.01,16.01,16.0
2002-02-07,2700.0,15.9,16.04,16.01,15.85
2002-02-08,700.0,16.01,16.01,16.01,16.0
2002-02-11,12500.0,15.96,16.05,16.0,15.96
2002-02-12,10600.0,15.97,16.09,16.09,15.85
2002-02-13,5000.0,15.97,15.97,15.97,15.97
2002-02-14,18600.0,15.97,16.07,15.98,15.97
2002-02-15,55300.0,15.95,16.13,16.13,15.8
2002-02-19,5600.0,16.0,16.0,15.95,15.85
2002-02-20,27100.0,16.0,16.05,16.05,15.85
2002-02-21,1400.0,16.01,16.05,15.98,15.95
2002-02-22,3900.0,15.9,16.05,15.9,15.9
2002-02-25,12600.0,15.95,16.0,15.86,15.86
2002-02-26,1000.0,15.95,15.95,15.95,15.95
2002-02-27,5000.0,16.04,16.15,16.0,16.0
2002-02-28,8100.0,16.1,16.1,16.05,16.0
2002-03-01,0.0,16.1,16.1,16.1,16.1
2002-03-04,4200.0,16.14,16.19,16.01,16.01
2002-03-05,500.0,16.05,16.14,16.05,16.05
2002-03-06,13400.0,16.22,16.22,16.1,16.1
2002-03-07,1100.0,16.25,16.25,16.2,16.2
2002-03-08,9600.0,15.8,16.2,16.15,15.8
2002-03-11,900.0,15.85,15.94,15.94,15.85
2002-03-12,3700.0,16.05,16.1,15.94,15.85
2002-03-13,12600.0,16.15,16.24,16.11,16.11
2002-03-14,5200.0,16.35,16.35,16.35,16.12
2002-03-15,4600.0,16.17,16.33,16.17,16.17
2002-03-18,3900.0,16.1,16.33,16.33,16.1
2002-03-19,9600.0,16.18,16.22,16.17,16.17
2002-03-20,18100.0,16.4,16.4,16.22,16.22
2002-03-21,21000.0,16.5,16.5,16.5,16.32
2002-03-22,8100.0,16.43,16.65,16.5,16.43
2002-03-25,9300.0,16.66,16.66,16.5,16.5
2002-03-26,10300.0,16.89,16.9,16.74,16.74
2002-03-27,11800.0,16.85,16.9,16.81,16.75
2002-03-28,8100.0,17.25,17.25,16.9,16.9
2002-04-01,4000.0,17.05,17.25,17.25,17.05
2002-04-02,30300.0,16.97,17.1,17.1,16.97
2002-04-03,70800.0,17.0,17.05,17.04,17.0
2002-04-04,6500.0,17.0,17.08,17.05,17.0
2002-04-05,6400.0,17.0,17.08,16.97,16.97
2002-04-08,22000.0,16.95,17.0,16.98,16.95
2002-04-09,70100.0,17.3,17.3,17.05,16.95
2002-04-10,15200.0,17.06,17.5,17.39,16.96
2002-04-11,12400.0,17.15,17.24,17.2,17.1
2002-04-12,4300.0,17.25,17.25,17.24,17.24
2002-04-15,2700.0,17.44,17.44,17.25,17.25
2002-04-16,4700.0,17.84,17.84,17.42,17.42
2002-04-17,2500.0,17.94,17.94,17.84,17.67
2002-04-18,13500.0,17.05,17.95,17.94,16.97
2002-04-19,14100.0,17.2,17.25,16.97,16.97
2002-04-22,2400.0,17.0,17.19,17.0,17.0
2002-04-23,14500.0,17.55,17.88,17.01,17.01
2002-04-24,8800.0,17.25,17.89,17.5,17.2
2002-04-25,34600.0,18.15,18.15,17.26,17.25
2002-04-26,17200.0,18.05,18.35,18.14,18.0
2002-04-29,50500.0,18.19,18.19,18.04,18.0
2002-04-30,8800.0,18.17,18.17,18.15,18.1
2002-05-01,18100.0,18.47,18.6,18.17,18.17
2002-05-02,7500.0,18.4,18.4,18.4,18.35
2002-05-03,11100.0,18.4,18.5,18.29,18.29
2002-05-06,3700.0,19.0,19.0,18.3,18.3
2002-05-07,9300.0,18.5,19.0,18.4,18.18
2002-05-08,2200.0,18.43,18.47,18.47,18.3
2002-05-09,13100.0,18.25,18.29,18.29,17.9
2002-05-10,1700.0,18.2,18.24,18.15,18.01
2002-05-13,1100.0,18.2,18.2,18.2,18.11
2002-05-14,6900.0,18.09,18.11,18.11,17.95
2002-05-15,5500.0,18.11,18.18,18.18,18.11
2002-05-16,6300.0,18.26,18.45,18.11,18.11
2002-05-17,7000.0,18.23,18.9,18.12,18.12
2002-05-20,1700.0,18.5,18.5,18.23,18.23
2002-05-21,6300.0,18.31,18.68,18.31,18.31
2002-05-22,25500.0,19.17,19.17,18.4,18.4
2002-05-23,9700.0,19.0,19.17,19.17,18.97
2002-05-24,2500.0,19.0,19.05,18.95,18.95
2002-05-28,11600.0,19.15,19.15,19.0,18.95
2002-05-29,22200.0,19.4,19.4,19.19,19.19
2002-05-30,54600.0,19.99,20.09,19.1,19.0
2002-05-31,77600.0,20.27,20.6,19.7,19.51
2002-06-03,4000.0,19.47,20.28,20.28,19.47
2002-06-04,5600.0,18.95,19.3,19.3,18.81
2002-06-05,7200.0,19.8,20.0,19.2,19.2
2002-06-06,1700.0,19.55,19.6,19.5,19.5
2002-06-07,12600.0,18.9,19.6,19.52,18.9
2002-06-10,6200.0,19.07,19.29,18.9,18.9
2002-06-11,8400.0,18.95,19.3,18.99,18.85
2002-06-12,1400.0,19.0,19.15,18.95,18.95
2002-06-13,2000.0,19.0,19.0,19.0,19.0
2002-06-14,5800.0,18.9,18.95,18.95,18.45
2002-06-17,2600.0,18.99,19.0,18.9,18.73
2002-06-18,8700.0,19.0,19.0,18.83,18.5
2002-06-19,10700.0,18.99,19.1,19.1,18.8
2002-06-20,5100.0,18.91,19.25,18.9,18.9
2002-06-21,2100.0,18.99,19.0,19.0,18.99
2002-06-24,8100.0,19.65,19.65,18.99,18.99
2002-06-25,9200.0,20.07,20.15,19.7,19.7
2002-06-26,14200.0,20.05,20.05,19.7,19.31
2002-06-27,26700.0,19.5,20.29,20.05,19.14
2002-06-28,308800.0,20.05,21.45,19.25,18.85
2002-07-01,18700.0,20.35,21.14,20.05,19.99
2002-07-02,18600.0,20.1,20.3,20.26,19.91
2002-07-03,4200.0,19.95,20.1,20.1,19.66
2002-07-05,2300.0,20.18,20.23,19.95,19.95
2002-07-08,23300.0,20.0,20.29,20.29,20.0
2002-07-09,14900.0,19.42,19.99,19.99,19.42
2002-07-10,6800.0,19.12,19.75,19.35,19.09
2002-07-11,37100.0,18.27,19.19,19.09,18.27
2002-07-12,26100.0,18.2,18.67,18.3,18.1
2002-07-15,13800.0,18.17,18.21,18.2,18.01
2002-07-16,15900.0,18.75,18.75,18.06,17.85
2002-07-17,5300.0,18.95,18.95,18.9,18.27
2002-07-18,7100.0,18.2,19.15,18.95,18.2
2002-07-19,22900.0,16.7,18.25,18.2,16.49
2002-07-22,7100.0,16.95,17.35,16.8,16.8
2002-07-23,41200.0,16.71,17.07,17.0,16.51
2002-07-24,10000.0,17.23,17.23,16.69,16.6
2002-07-25,7100.0,17.9,17.9,17.25,17.25
2002-07-26,10100.0,19.7,19.7,17.89,17.87
2002-07-29,12200.0,20.0,20.0,19.7,19.3
2002-07-30,8800.0,19.4,19.5,19.43,19.1
2002-07-31,5400.0,18.78,19.4,19.4,18.78
2002-08-01,4200.0,18.2,18.95,18.8,18.2
2002-08-02,7300.0,18.26,19.4,18.39,18.1
2002-08-05,3300.0,18.07,18.14,18.14,18.07
2002-08-06,8400.0,18.24,18.89,18.2,17.4
2002-08-07,2600.0,18.73,18.73,17.92,17.92
2002-08-08,2200.0,18.43,18.8,18.31,18.31
2002-08-09,2400.0,18.41,18.5,18.49,18.41
2002-08-12,4500.0,18.55,18.55,18.45,18.31
2002-08-13,2700.0,18.21,18.36,18.36,18.2
2002-08-14,12200.0,18.45,18.47,18.2,18.16
2002-08-15,26000.0,18.44,18.44,18.21,18.2
2002-08-16,44800.0,18.52,18.62,18.42,18.35
2002-08-19,16400.0,18.36,18.78,18.6,18.35
2002-08-20,15400.0,19.5,19.99,18.8,18.79
2002-08-21,15600.0,19.79,19.89,19.5,19.25
2002-08-22,6400.0,19.0,19.84,19.84,19.0
2002-08-23,2200.0,18.6,19.12,19.12,18.54
2002-08-26,500.0,18.9,18.9,18.89,18.89
2002-08-27,1900.0,18.51,18.88,18.5,18.49
2002-08-28,3700.0,18.5,18.9,18.9,18.5
2002-08-29,32100.0,18.55,18.9,18.5,18.5
2002-08-30,7700.0,18.55,18.75,18.74,18.55
2002-09-03,22700.0,18.58,18.65,18.55,18.49
2002-09-04,800.0,18.75,18.75,18.7,18.7
2002-09-05,5100.0,18.52,18.75,18.5,18.5
2002-09-06,10000.0,18.65,18.7,18.7,18.51
2002-09-09,3200.0,18.6,18.7,18.7,18.51
2002-09-10,13900.0,18.6,18.74,18.74,18.4
2002-09-11,22900.0,18.45,18.65,18.65,18.45
2002-09-12,2700.0,18.01,18.35,18.35,18.0
2002-09-13,3000.0,18.39,18.4,18.03,18.03
2002-09-16,2200.0,18.12,18.49,18.4,18.07
2002-09-17,200.0,18.11,18.11,18.11,18.11
2002-09-18,700.0,18.46,18.46,18.36,18.17
2002-09-19,8800.0,18.16,18.28,18.16,18.07
2002-09-20,23400.0,18.27,18.27,18.22,18.01
2002-09-23,4800.0,18.11,18.22,18.11,17.9
2002-09-24,17400.0,17.1,18.0,17.99,16.96
2002-09-25,3600.0,17.67,17.7,17.1,17.1
2002-09-26,30900.0,17.25,17.7,17.15,17.15
2002-09-27,1500.0,17.2,17.58,17.58,17.18
2002-09-30,21600.0,17.17,17.35,17.2,17.0
2002-10-01,4400.0,17.14,17.14,17.0,16.96
2002-10-02,15800.0,16.95,17.07,16.97,16.95
2002-10-03,5600.0,16.97,17.18,16.9,16.8
2002-10-04,3400.0,16.55,16.9,16.8,16.52
2002-10-07,22300.0,15.48,16.56,16.56,15.0
2002-10-08,9600.0,15.86,16.05,15.2,15.2
2002-10-09,20300.0,15.52,15.9,15.8,15.35
2002-10-10,11500.0,15.78,15.78,15.35,15.35
2002-10-11,2500.0,16.5,16.5,15.56,15.56
2002-10-14,3500.0,17.11,17.11,16.45,16.4
2002-10-15,6600.0,17.73,17.99,17.23,17.23
2002-10-16,3400.0,17.68,17.99,17.99,17.58
2002-10-17,7700.0,18.2,18.22,17.99,17.99
2002-10-18,2800.0,18.47,18.61,18.23,18.23
2002-10-21,1200.0,18.74,18.74,18.43,18.41
2002-10-22,19900.0,18.51,18.73,18.73,18.47
2002-10-23,5800.0,18.46,18.72,18.47,18.43
2002-10-24,3000.0,18.51,18.7,18.62,18.5
2002-10-25,7900.0,18.71,18.72,18.6,18.5
2002-10-28,19900.0,18.72,18.72,18.71,18.57
2002-10-29,6300.0,19.16,19.16,18.72,18.63
2002-10-30,12800.0,18.65,19.09,19.09,18.65
2002-10-31,5800.0,18.7,19.19,19.19,18.7
2002-11-01,4600.0,19.25,19.25,18.69,18.69
2002-11-04,110000.0,19.09,19.3,19.25,18.93
2002-11-05,114100.0,19.19,19.19,19.09,18.97
2002-11-06,102400.0,19.15,19.24,19.0,18.95
2002-11-07,55000.0,19.18,19.25,19.14,19.0
2002-11-08,2900.0,19.2,19.25,19.15,19.15
2002-11-11,3500.0,19.05,19.2,19.19,19.03
2002-11-12,3700.0,19.13,19.14,19.06,19.05
2002-11-13,400.0,19.13,19.13,19.13,19.12
2002-11-14,10200.0,19.22,19.3,19.17,19.06
2002-11-15,6200.0,19.13,19.2,19.19,19.12
2002-11-18,4800.0,19.12,19.25,19.12,19.12
2002-11-19,37600.0,19.09,19.32,19.32,19.08
2002-11-20,8000.0,19.14,19.29,19.1,19.1
2002-11-21,100700.0,19.18,19.26,19.15,19.1
2002-11-22,68500.0,19.17,19.25,19.17,19.11
2002-11-25,29100.0,19.2,19.4,19.24,19.19
2002-11-26,65400.0,19.26,19.26,19.19,19.16
2002-11-27,9600.0,19.45,19.5,19.5,19.27
2002-11-29,5800.0,19.5,19.5,19.45,19.34
2002-12-02,7200.0,19.33,19.51,19.51,19.26
2002-12-03,14700.0,19.22,19.45,19.33,19.15
2002-12-04,1200.0,19.26,19.4,19.21,19.21
2002-12-05,3300.0,19.2,19.37,19.37,19.2
2002-12-06,15400.0,19.33,19.33,19.3,19.2
2002-12-09,8300.0,19.21,19.27,19.27,19.2
2002-12-10,3000.0,19.47,19.47,19.22,19.22
2002-12-11,9100.0,19.35,19.47,19.21,19.21
2002-12-12,1900.0,19.26,19.3,19.22,19.22
2002-12-13,1700.0,19.02,19.23,19.22,19.0
2002-12-16,7400.0,19.15,19.18,19.01,19.0
2002-12-17,1200.0,19.17,19.2,19.2,19.0
2002-12-18,1900.0,18.98,19.2,19.2,18.98
2002-12-19,2900.0,18.98,18.98,18.76,18.76
2002-12-20,10600.0,19.25,19.25,19.19,18.91
2002-12-23,6100.0,19.7,19.7,19.01,19.0
2002-12-24,1400.0,19.4,19.59,19.59,19.4
2002-12-26,400.0,19.42,19.6,19.6,19.36
2002-12-27,5700.0,19.0,19.65,19.42,19.0
2002-12-30,1800.0,19.01,19.24,19.24,18.96
2002-12-31,8500.0,18.9,19.4,19.16,18.9
2003-01-02,2900.0,19.4,19.4,18.91,18.9
2003-01-03,6400.0,19.02,19.42,19.33,19.02
2003-01-06,5600.0,19.12,19.17,19.01,18.9
2003-01-07,9600.0,18.85,19.01,19.0,18.8
2003-01-08,24500.0,18.43,18.87,18.85,18.21
2003-01-09,6200.0,18.75,18.92,18.4,18.4
2003-01-10,2100.0,18.61,18.79,18.75,18.55
2003-01-13,5200.0,18.82,19.06,18.61,18.61
2003-01-14,4400.0,18.89,18.89,18.76,18.75
2003-01-15,18300.0,19.21,19.39,18.9,18.85
2003-01-16,2700.0,19.57,19.87,19.38,19.29
2003-01-17,2500.0,19.56,19.61,19.61,19.56
2003-01-21,20400.0,19.64,19.65,19.4,19.4
2003-01-22,19000.0,19.7,20.67,19.9,19.55
2003-01-23,6000.0,19.61,19.87,19.79,19.44
2003-01-24,10600.0,19.57,19.74,19.61,19.5
2003-01-27,26900.0,19.5,19.69,19.51,19.41
2003-01-28,41100.0,19.58,19.67,19.51,19.47
2003-01-29,18900.0,19.58,19.67,19.51,19.47
2003-01-30,9500.0,19.52,20.0,19.8,19.52
2003-01-31,3700.0,19.6,19.99,19.99,19.55
2003-02-03,7000.0,19.79,19.79,19.63,19.52
2003-02-04,2400.0,19.61,19.79,19.79,19.56
2003-02-05,4800.0,19.76,19.89,19.6,19.55
2003-02-06,8400.0,19.57,19.79,19.7,19.57
2003-02-07,3300.0,19.55,19.56,19.56,19.55
2003-02-10,1500.0,19.6,19.6,19.55,19.55
2003-02-11,32400.0,19.79,19.8,19.55,19.55
2003-02-12,6500.0,19.55,19.75,19.55,19.55
2003-02-13,39500.0,19.61,19.61,19.55,19.5
2003-02-14,6800.0,19.56,19.65,19.57,19.56
2003-02-18,6300.0,19.63,19.67,19.58,19.57
2003-02-19,12900.0,19.57,19.6,19.57,19.57
2003-02-20,4800.0,19.55,19.61,19.57,19.55
2003-02-21,1500.0,19.75,19.85,19.7,19.55
2003-02-24,2900.0,19.71,19.71,19.68,19.6
2003-02-25,5100.0,19.83,19.91,19.79,19.61
2003-02-26,5700.0,19.73,19.73,19.65,19.65
2003-02-27,19000.0,19.83,19.83,19.68,19.67
2003-02-28,4300.0,19.67,19.71,19.67,19.67
2003-03-03,7000.0,19.63,19.78,19.78,19.63
2003-03-04,10700.0,19.68,19.68,19.63,19.63
2003-03-05,8900.0,19.64,19.8,19.78,19.64
2003-03-06,28100.0,19.7,19.82,19.82,19.65
2003-03-07,11000.0,19.65,19.72,19.66,19.65
2003-03-10,1900.0,19.6,19.66,19.61,19.6
2003-03-11,2100.0,19.82,19.83,19.56,19.56
2003-03-12,31100.0,19.67,19.89,19.84,19.6
2003-03-13,15500.0,19.6,19.68,19.62,19.5
2003-03-14,5500.0,19.16,19.62,19.6,19.15
2003-03-17,4800.0,19.39,19.44,19.15,19.15
2003-03-18,2500.0,19.56,19.56,19.49,19.25
2003-03-19,6500.0,19.73,19.73,19.59,19.3
2003-03-20,3400.0,19.99,19.99,19.43,19.43
2003-03-21,9100.0,19.86,20.1,19.85,19.69
2003-03-24,2600.0,19.73,19.86,19.82,19.34
2003-03-25,2200.0,19.97,20.01,19.81,19.52
2003-03-26,12700.0,18.91,19.81,19.8,18.85
2003-03-27,3000.0,19.14,19.14,18.8,18.73
2003-03-28,4700.0,18.9,19.21,18.98,18.9
2003-03-31,7500.0,18.55,19.04,18.9,18.55
2003-04-01,4400.0,18.8,18.81,18.55,18.5
2003-04-02,2300.0,19.08,19.12,18.94,18.94
2003-04-03,1400.0,19.13,19.16,19.12,19.0
2003-04-04,4600.0,18.56,19.18,19.18,18.55
2003-04-07,2800.0,18.948,19.04,18.69,18.69
2003-04-08,5200.0,19.32,19.4,18.96,18.96
2003-04-09,1800.0,19.37,19.49,19.49,19.3
2003-04-10,2400.0,19.25,19.453,19.42,19.25
2003-04-11,4400.0,19.09,19.38,19.38,19.02
2003-04-14,14500.0,19.21,19.36,19.0,18.8
2003-04-15,5400.0,19.32,19.38,19.15,19.15
2003-04-16,6300.0,19.35,19.46,19.26,19.26
2003-04-17,6400.0,19.43,19.55,19.45,19.32
2003-04-21,5500.0,19.53,19.55,19.55,19.39
2003-04-22,6000.0,19.6,19.6,19.56,19.41
2003-04-23,1100.0,19.63,19.65,19.52,19.52
2003-04-24,7900.0,19.65,19.65,19.62,19.52
2003-04-25,11900.0,19.51,19.69,19.69,19.51
2003-04-28,23400.0,19.6,19.7,19.48,19.48
2003-04-29,2900.0,19.61,19.7,19.7,19.6
2003-04-30,1200.0,19.63,19.78,19.74,19.63
2003-05-01,2800.0,19.78,19.8,19.76,19.64
2003-05-02,1500.0,19.8,19.8,19.8,19.7
2003-05-05,4100.0,19.7,19.76,19.65,19.6
2003-05-06,6600.0,19.68,19.78,19.67,19.67
2003-05-07,10700.0,19.67,19.78,19.78,19.62
2003-05-08,46200.0,19.65,19.73,19.67,19.63
2003-05-09,10500.0,19.73,19.74,19.74,19.66
2003-05-12,17400.0,19.71,19.8,19.65,19.65
2003-05-13,6200.0,19.79,19.85,19.7,19.65
2003-05-14,37900.0,19.79,19.92,19.75,19.75
2003-05-15,16600.0,19.66,19.9,19.9,19.65
2003-05-16,14100.0,19.7,19.89,19.89,19.69
2003-05-19,3700.0,19.83,19.83,19.7,19.7
2003-05-20,1900.0,19.9,19.9,19.7,19.7
2003-05-21,16100.0,19.7,19.9,19.9,19.65
2003-05-22,18500.0,19.55,19.66,19.65,19.55
2003-05-23,6100.0,19.66,19.75,19.68,19.64
2003-05-27,22400.0,19.95,20.0,19.84,19.75
2003-05-28,60200.0,19.76,20.0,20.0,19.7
2003-05-29,14500.0,19.7,19.86,19.78,19.7
2003-05-30,8100.0,19.8,20.0,19.99,19.75
2003-06-02,3900.0,19.72,19.9,19.879,19.7
2003-06-03,17100.0,20.03,20.03,19.83,19.7
2003-06-04,8000.0,19.98,20.15,20.09,19.84
2003-06-05,2800.0,20.2,20.2,19.98,19.84
2003-06-06,2400.0,20.18,20.3,20.2,20.17
2003-06-09,2000.0,19.71,20.25,19.76,19.71
2003-06-10,2300.0,20.05,20.05,19.67,19.67
2003-06-11,4000.0,20.55,20.55,20.02,20.02
2003-06-12,4200.0,20.06,20.25,19.7,19.7
2003-06-13,3900.0,20.321,20.7,19.87,19.87
2003-06-16,4400.0,20.08,20.6,20.33,19.84
2003-06-17,4500.0,19.92,20.35,20.19,19.92
2003-06-18,3000.0,20.11,20.13,20.11,19.86
2003-06-19,2600.0,19.85,20.2,20.2,19.75
2003-06-20,1500.0,19.8,19.98,19.98,19.77
2003-06-23,4700.0,19.65,19.99,19.75,19.65
2003-06-24,3900.0,19.9,19.95,19.67,19.67
2003-06-25,21000.0,19.87,20.0,19.99,19.77
2003-06-26,1600.0,19.79,19.869,19.869,19.65
2003-06-27,6300.0,19.75,19.88,19.79,19.68
2003-06-30,58600.0,19.84,19.855,19.65,19.5
2003-07-01,18200.0,19.46,19.55,19.44,19.28
2003-07-02,27000.0,19.58,19.74,19.39,19.39
2003-07-03,6900.0,19.59,19.64,19.58,19.57
2003-07-07,20300.0,20.19,20.19,19.63,19.63
2003-07-08,19400.0,21.01,21.28,20.21,20.21
2003-07-09,10000.0,20.62,20.9,20.16,20.1
2003-07-10,2800.0,20.59,20.85,20.84,20.59
2003-07-11,4400.0,20.76,20.76,20.6,20.44
2003-07-14,14900.0,20.66,20.98,20.85,20.66
2003-07-15,2300.0,20.989,20.99,20.59,20.49
2003-07-16,7000.0,21.21,21.85,20.989,20.94
2003-07-17,6500.0,21.56,21.71,21.2,21.2
2003-07-18,5800.0,21.88,21.95,21.6,21.6
2003-07-21,3500.0,21.73,21.88,21.88,21.68
2003-07-22,4100.0,21.739,21.769,21.68,21.67
2003-07-23,2600.0,21.8,21.9,21.89,21.77
2003-07-24,8800.0,21.96,22.0,21.85,21.85
2003-07-25,11600.0,21.51,22.05,21.99,21.32
2003-07-28,2800.0,21.39,21.75,21.75,21.25
2003-07-29,11100.0,21.23,21.37,21.37,21.1
2003-07-30,3400.0,21.32,21.5,21.479,21.1
2003-07-31,3600.0,21.25,21.75,21.265,21.1
2003-08-01,6100.0,21.29,21.7,21.395,21.04
2003-08-04,22700.0,21.0,21.35,21.35,20.96
2003-08-05,1800.0,21.01,21.16,21.16,21.01
2003-08-06,7400.0,20.94,21.02,21.02,20.53
2003-08-07,31200.0,20.75,20.99,20.91,20.7
2003-08-08,1200.0,20.8,20.82,20.77,20.77
2003-08-11,1500.0,21.15,21.24,20.81,20.81
2003-08-12,3000.0,21.22,21.22,20.91,20.91
2003-08-13,2600.0,21.05,21.21,21.09,21.05
2003-08-14,13500.0,20.96,21.15,21.01,20.96
2003-08-15,1000.0,21.43,21.43,21.25,21.25
2003-08-18,8500.0,21.28,21.5,21.235,20.97
2003-08-19,9600.0,21.75,21.8,21.66,21.321
2003-08-20,14900.0,22.73,22.73,21.769,21.769
2003-08-21,9800.0,23.74,23.94,22.75,22.75
2003-08-22,11600.0,23.62,23.81,23.81,23.62
2003-08-25,9700.0,23.79,23.8,23.8,23.34
2003-08-26,9600.0,23.71,24.0,23.8,23.36
2003-08-27,1100.0,23.93,23.93,23.86,23.61
2003-08-28,3100.0,23.51,23.8,23.58,23.45
2003-08-29,1800.0,23.8,23.8,23.79,23.78
2003-09-02,20900.0,25.2,25.28,23.8,23.8
2003-09-03,11400.0,25.99,26.1,25.39,24.82
2003-09-04,4500.0,26.1,26.23,26.1,26.0
2003-09-05,3600.0,25.26,26.55,25.78,25.26
2003-09-08,4300.0,25.7,26.0,25.26,25.26
2003-09-09,900.0,25.27,25.59,25.55,25.27
2003-09-10,3300.0,24.75,25.025,25.025,24.73
2003-09-11,1300.0,25.03,25.65,25.14,25.03
2003-09-12,1200.0,25.84,25.84,25.25,24.8
2003-09-15,4100.0,25.44,26.181,25.99,25.44
2003-09-16,6000.0,26.5,26.8,25.9,25.9
2003-09-17,3400.0,26.64,26.779,26.26,26.08
2003-09-18,5500.0,24.831,26.75,25.9,24.831
2003-09-19,1900.0,25.0,25.71,24.9975,24.9975
2003-09-22,5700.0,24.92,25.3,25.0,24.7
2003-09-23,2000.0,24.92,24.95,24.95,24.781
2003-09-24,8200.0,23.6,24.74,24.74,23.5
2003-09-25,6800.0,23.55,23.98,23.3,23.3
2003-09-26,2200.0,23.26,23.7,23.495,23.26
2003-09-29,3400.0,23.6,23.6,23.58,23.26
2003-09-30,4200.0,23.3,23.93,23.27,23.26
2003-10-01,4600.0,24.83,24.9,24.25,24.0
2003-10-02,7000.0,24.88,24.9,24.76,24.75
2003-10-03,7500.0,24.95,24.99,24.5,24.0
2003-10-06,4100.0,25.54,25.54,24.94,24.94
2003-10-07,4300.0,26.26,26.26,25.59,25.59
2003-10-08,3400.0,26.31,26.44,26.32,26.31
2003-10-09,2300.0,26.31,27.0,26.25,26.1
2003-10-10,5600.0,26.41,26.67,26.67,26.31
2003-10-13,3300.0,26.42,26.6,26.41,26.41
2003-10-14,19100.0,26.69,27.2,26.54,26.51
2003-10-15,7400.0,26.91,27.1,26.855,26.45
2003-10-16,2500.0,27.17,27.4,27.09,26.93
2003-10-17,5600.0,26.98,27.5,27.4,26.95
2003-10-20,7800.0,27.05,27.393,27.24,27.05
2003-10-21,5800.0,27.02,27.47,27.47,27.02
2003-10-22,6700.0,26.85,27.067,27.067,26.75
2003-10-23,1500.0,26.98,26.98,26.83,26.73
2003-10-24,8200.0,26.85,27.36,26.73,26.72
2003-10-27,2600.0,27.24,27.5,27.49,27.03
2003-10-28,5100.0,27.889,27.889,27.59,27.3
2003-10-29,3800.0,28.45,28.45,27.95,27.95
2003-10-30,4800.0,28.28,29.0,28.17,28.17
2003-10-31,4700.0,28.77,29.12,28.99,28.27
2003-11-03,7900.0,28.4,29.239,28.5,28.25
2003-11-04,12100.0,30.0,30.65,28.26,28.26
2003-11-05,2800.0,30.0,30.0,29.58,29.36
2003-11-06,22300.0,29.31,29.99,29.99,29.05
2003-11-07,4900.0,28.88,29.25,29.25,28.88
2003-11-10,9400.0,27.89,29.0,28.925,27.87
2003-11-11,7300.0,27.25,28.05,27.66,27.1
2003-11-12,5700.0,27.52,27.69,27.55,27.25
2003-11-13,700.0,27.71,27.71,27.44,27.44
2003-11-14,7000.0,27.15,28.0,27.78,27.15
2003-11-17,5400.0,26.711,27.51,27.03,26.55
2003-11-18,3400.0,27.2,27.99,26.91,26.91
2003-11-19,2000.0,28.0,28.0,27.0,27.0
2003-11-20,3100.0,26.59,27.63,27.5,26.59
2003-11-21,3400.0,27.5,27.98,26.54,26.54
2003-11-24,5100.0,27.96,28.0,27.29,27.29
2003-11-25,4400.0,28.0,28.14,27.635,27.635
2003-11-26,6100.0,28.0,28.0,28.0,27.11
2003-11-28,300.0,27.93,28.14,28.14,27.93
2003-12-01,2300.0,28.11,28.18,28.16,27.15
2003-12-02,5900.0,28.0,28.18,28.15,27.85
2003-12-03,4700.0,27.3,27.85,27.85,27.3
2003-12-04,3500.0,27.89,27.89,27.01,26.8
2003-12-05,3600.0,27.1,28.1,28.0,27.0
2003-12-08,3100.0,27.29,27.83,27.295,26.62
2003-12-09,2300.0,27.35,27.46,27.23,27.0
2003-12-10,1000.0,27.38,27.44,27.215,26.73
2003-12-11,2300.0,28.0,28.0,27.54,26.7
2003-12-12,3100.0,28.19,28.19,27.595,27.01
2003-12-15,3500.0,27.13,28.29,28.21,27.13
2003-12-16,4200.0,27.02,27.38,27.255,26.78
2003-12-17,2000.0,27.24,27.24,26.91,26.54
2003-12-18,10100.0,26.61,27.12,26.56,26.5
2003-12-19,5100.0,26.19,28.0,28.0,25.99
2003-12-22,1800.0,26.61,26.93,26.93,26.25
2003-12-23,1700.0,26.61,26.61,26.22,25.84
2003-12-24,0.0,26.61,26.61,26.61,26.61
2003-12-26,800.0,26.5,26.97,26.495,26.495
2003-12-29,3000.0,27.0,27.03,26.97,26.72
2003-12-30,6900.0,26.542,27.44,26.99,26.51
2003-12-31,3400.0,25.9,27.32,26.91,25.9
2004-01-02,800.0,26.81,27.4,27.4,26.81
2004-01-05,4300.0,27.6,28.16,27.34,26.84
2004-01-06,3400.0,28.46,28.46,28.28,27.45
2004-01-07,4600.0,28.35,28.95,28.95,28.02
2004-01-08,1500.0,28.2,29.0,28.535,28.2
2004-01-09,2900.0,27.74,29.0,28.94,27.5
2004-01-12,8600.0,26.83,27.98,27.26,26.6
2004-01-13,2500.0,27.09,27.09,26.87,26.65
2004-01-14,1000.0,27.02,27.5,27.045,27.02
2004-01-15,1100.0,27.18,27.41,27.21,27.0
2004-01-16,1900.0,27.24,27.249,27.135,27.0
2004-01-20,6300.0,28.11,28.11,27.17,27.0
2004-01-21,10300.0,28.15,29.0,28.17,28.03
2004-01-22,17300.0,28.43,28.65,28.49,28.07
2004-01-23,13900.0,28.01,28.2,28.15,27.88
2004-01-26,3200.0,28.75,28.98,28.219,28.06
2004-01-27,1900.0,28.38,28.75,28.75,28.36
2004-01-28,12800.0,27.75,28.32,28.26,27.64
2004-01-29,2300.0,27.51,28.0,27.5,27.36
2004-01-30,21700.0,27.19,28.38,28.27,27.19
2004-02-02,400.0,27.19,27.81,27.19,27.19
2004-02-03,1600.0,27.19,27.299,27.05,27.05
2004-02-04,3500.0,27.64,27.8,27.475,27.15
2004-02-05,1900.0,27.3,27.6,27.15,27.15
2004-02-06,2200.0,27.88,27.9,27.88,27.13
2004-02-09,1000.0,27.54,27.9,27.82,27.54
2004-02-10,1300.0,27.73,27.73,27.66,27.66
2004-02-11,2300.0,27.56,27.75,27.24,27.23
2004-02-12,47700.0,27.491,28.0,27.47,27.47
2004-02-13,3600.0,27.25,27.776,27.25,27.2
2004-02-17,1300.0,27.5,27.69,27.35,27.35
2004-02-18,8400.0,27.25,27.3,27.05,27.05
2004-02-19,4300.0,27.533,27.64,27.1,27.1
2004-02-20,3700.0,27.27,27.45,27.36,27.26
2004-02-23,5400.0,27.35,27.35,27.2,27.2
2004-02-24,4400.0,27.78,27.79,27.35,27.35
2004-02-25,2600.0,27.8,27.81,27.521,27.52
2004-02-26,30700.0,27.52,27.8,27.8,27.4
2004-02-27,500.0,27.85,27.85,27.85,27.85
2004-03-01,3700.0,27.88,27.89,27.6,27.6
2004-03-02,1600.0,27.6,27.9,27.89,27.6
2004-03-03,8400.0,27.81,27.81,27.43,27.43
2004-03-04,2000.0,27.43,27.77,27.44,27.42
2004-03-05,2000.0,27.43,27.71,27.64,27.43
2004-03-08,2000.0,27.46,27.9,27.9,27.44
2004-03-09,32100.0,27.25,27.55,27.515,27.21
2004-03-10,1200.0,27.3,27.36,27.3,27.3
2004-03-11,4300.0,27.25,27.615,27.615,27.25
2004-03-12,5500.0,27.93,27.95,27.25,27.25
2004-03-15,2100.0,27.18,27.625,27.625,27.18
2004-03-16,1100.0,27.07,27.25,27.17,27.07
2004-03-17,3800.0,27.63,27.63,27.4402,27.07
2004-03-18,3500.0,27.12,27.55,27.4,27.05
2004-03-19,6300.0,27.46,27.88,27.29,27.2
2004-03-22,6700.0,27.93,27.93,27.65,27.2
2004-03-23,1200.0,27.52,27.74,27.62,27.49
2004-03-24,6600.0,27.01,27.45,27.3,26.91
2004-03-25,1900.0,27.42,27.55,27.21,27.21
2004-03-26,600.0,27.04,27.81,27.76,27.04
2004-03-29,1200.0,27.82,27.82,27.66,27.66
2004-03-30,1600.0,27.87,27.89,27.81,27.08
2004-03-31,800.0,27.23,27.86,27.86,27.2
2004-04-01,3900.0,26.98,27.84,27.22,26.98
2004-04-02,3500.0,27.84,27.84,27.27,27.27
2004-04-05,4900.0,28.15,28.15,27.89,27.88
2004-04-06,2100.0,27.1,28.14,27.99,27.03
2004-04-07,1900.0,27.47,28.01,27.52,27.06
2004-04-08,4300.0,28.55,28.55,27.62,27.62
2004-04-12,4300.0,28.29,28.75,28.0,28.0
2004-04-13,13600.0,28.88,28.88,28.01,27.74
2004-04-14,5300.0,27.07,28.33,28.325,27.07
2004-04-15,4600.0,26.95,27.99,27.02,26.88
2004-04-16,2800.0,27.15,27.46,26.8,26.8
2004-04-19,7700.0,27.13,27.22,27.22,26.81
2004-04-20,5800.0,26.7,27.27,26.8,26.6
2004-04-21,5700.0,25.99,26.7,26.7,25.79
2004-04-22,3600.0,25.8,26.48,26.07,25.75
2004-04-23,12000.0,25.2,26.01,26.01,25.2
2004-04-26,10500.0,24.17,25.46,25.35,24.17
2004-04-27,5300.0,24.25,24.37,24.36,23.6
2004-04-28,4100.0,24.25,24.38,24.34,24.08
2004-04-29,25600.0,24.25,24.51,24.49,24.25
2004-04-30,5700.0,23.62,24.33,24.14,23.5
2004-05-03,3700.0,23.5,23.52,23.52,23.49
2004-05-04,4100.0,23.8,23.97,23.68,23.68
2004-05-05,3400.0,23.8,24.38,24.29,23.8
2004-05-06,11900.0,23.63,24.35,23.8,23.63
2004-05-07,6100.0,23.41,23.99,23.99,23.41
2004-05-10,3600.0,23.41,24.19,24.19,23.41
2004-05-11,7600.0,23.41,23.76,23.42,23.37
2004-05-12,4200.0,23.89,23.89,23.36,23.33
2004-05-13,17400.0,23.89,24.24,23.75,23.61
2004-05-14,9400.0,24.0,24.3,24.065,23.58
2004-05-17,5800.0,23.99,24.14,23.995,23.75
2004-05-18,9600.0,24.55,24.64,23.97,23.97
2004-05-19,12500.0,24.14,25.0,24.625,23.86
2004-05-20,7300.0,24.1,24.11,23.97,23.93
2004-05-21,34400.0,24.54,24.81,24.04,24.04
2004-05-24,9400.0,25.44,25.44,24.465,24.465
2004-05-25,3000.0,25.53,25.64,25.39,25.39
2004-05-26,12800.0,26.32,26.32,25.48,25.2
2004-05-27,10800.0,25.2,26.03,25.77,25.15
2004-05-28,2800.0,25.02,25.29,25.21,25.02
2004-06-01,10500.0,24.38,25.61,25.61,24.0
2004-06-02,21600.0,24.39,24.6,23.91,23.91
2004-06-03,2100.0,24.09,24.59,24.38,24.09
2004-06-04,3700.0,24.25,24.58,24.05,24.05
2004-06-07,6300.0,24.54,24.69,24.3,24.02
2004-06-08,7000.0,24.41,24.59,24.41,24.41
2004-06-09,1900.0,24.4,24.5,24.4,24.4
2004-06-10,23000.0,24.57,24.63,24.4,24.34
2004-06-14,14800.0,24.25,24.39,24.23,24.1
2004-06-15,37100.0,24.34,24.54,24.1,24.05
2004-06-16,64400.0,24.28,24.6,24.12,24.12
2004-06-17,6300.0,24.26,24.69,24.12,24.11
2004-06-18,18600.0,24.06,24.59,24.59,24.06
2004-06-21,4500.0,24.02,24.23,24.03,24.02
2004-06-22,11500.0,23.77,24.0,23.78,23.25
2004-06-23,18400.0,23.34,24.34,24.18,23.34
2004-06-24,5700.0,23.56,23.96,23.5,23.38
2004-06-25,241500.0,22.93,26.6,23.97,22.88
2004-06-28,17400.0,22.96,23.74,23.34,22.96
2004-06-29,10200.0,22.16,22.95,22.92,22.16
2004-06-30,12300.0,22.1,22.38,22.26,22.07
2004-07-01,8500.0,22.24,22.29,22.02,22.01
2004-07-02,7000.0,22.2,22.21,22.16,22.16
2004-07-06,8100.0,22.53,22.77,22.42,22.2
2004-07-07,7700.0,22.6,22.82,22.6,22.59
2004-07-08,7300.0,22.62,22.75,22.61,22.59
2004-07-09,7600.0,22.79,23.05,23.02,22.5
2004-07-12,1800.0,22.72,22.73,22.56,22.5
2004-07-13,2500.0,22.6,22.62,22.6,22.6
2004-07-14,4100.0,22.6,23.43,22.78,22.6
2004-07-15,4100.0,22.74,23.21,23.18,22.61
2004-07-16,2800.0,22.98,23.15,23.14,22.88
2004-07-19,12200.0,22.91,23.0,22.6,22.6
2004-07-20,15500.0,23.1,23.29,23.05,22.9
2004-07-21,2900.0,23.26,23.26,23.1,23.1
2004-07-22,9100.0,23.25,23.25,23.25,23.22
2004-07-23,8800.0,23.25,23.41,23.3,23.25
2004-07-26,2100.0,23.46,23.5,23.48,23.26
2004-07-27,3500.0,23.99,24.0,23.49,23.49
2004-07-28,10400.0,24.19,24.19,23.99,23.39
2004-07-29,11900.0,23.73,24.35,24.23,23.5
2004-07-30,5700.0,23.85,23.96,23.58,23.57
2004-08-02,10900.0,24.11,24.21,23.52,23.51
2004-08-03,9700.0,23.91,24.15,23.72,23.72
2004-08-04,8100.0,24.0,24.25,24.0,23.86
2004-08-05,1600.0,24.25,24.27,24.0,24.0
2004-08-06,5600.0,25.06,25.06,24.5,24.25
2004-08-09,4700.0,25.16,25.46,25.06,25.06
2004-08-10,12500.0,25.5,25.5,25.16,25.16
2004-08-11,25000.0,25.43,25.51,25.34,25.3
2004-08-12,4900.0,25.4,25.68,25.68,25.35
2004-08-13,5100.0,25.37,25.37,25.37,25.37
2004-08-16,42100.0,25.37,25.5,25.5,25.37
2004-08-17,1300.0,25.35,25.35,25.35,25.35
2004-08-18,18100.0,25.3,25.5,25.35,25.25
2004-08-19,5000.0,25.27,25.37,25.25,25.25
2004-08-20,3000.0,25.25,25.6,25.6,25.25
2004-08-23,3700.0,25.35,25.35,25.25,25.25
2004-08-24,5600.0,25.25,25.32,25.25,25.25
2004-08-25,3100.0,25.3,25.35,25.35,25.3
2004-08-26,1900.0,25.25,25.45,25.45,25.25
2004-08-27,14700.0,25.47,25.65,25.43,25.4
2004-08-30,400.0,25.83,25.83,25.63,25.63
2004-08-31,3100.0,26.12,26.12,25.84,25.77
2004-09-01,1500.0,26.06,26.31,26.05,26.04
2004-09-02,1400.0,26.39,26.39,25.81,25.81
2004-09-03,1300.0,26.1,26.4,26.4,26.0
2004-09-07,2600.0,26.15,26.2,26.2,26.13
2004-09-08,1300.0,26.47,26.47,26.34,26.19
2004-09-09,3000.0,26.6,26.6,26.46,26.23
2004-09-10,23700.0,26.52,26.73,26.73,26.38
2004-09-13,2800.0,26.6,26.63,26.6,26.43
2004-09-14,12400.0,26.35,26.6,26.56,25.9
2004-09-15,13700.0,26.67,26.67,26.46,26.3
2004-09-16,100.0,26.42,26.42,26.42,26.42
2004-09-17,0.0,26.42,26.42,26.42,26.42
2004-09-20,0.0,26.42,26.42,26.42,26.42
2004-09-21,1600.0,26.13,26.37,26.37,26.12
2004-09-22,0.0,26.13,26.13,26.13,26.13
2004-09-23,3200.0,26.44,26.45,26.13,26.05
2004-09-24,700.0,26.33,26.61,26.48,26.29
2004-09-27,3700.0,25.89,26.52,26.52,25.89
2004-09-28,1100.0,25.96,26.54,26.245,25.7
2004-09-29,2900.0,25.89,26.48,26.47,25.85
2004-09-30,1100.0,26.01,26.01,26.0,26.0
2004-10-01,1800.0,26.14,26.15,26.15,26.0
2004-10-04,2700.0,26.06,26.22,26.2,26.0
2004-10-05,2600.0,26.06,26.2,26.2,26.06
2004-10-06,1400.0,25.78,25.95,25.95,25.78
2004-10-07,200.0,25.78,25.78,25.78,25.78
2004-10-08,1600.0,25.85,25.99,25.64,25.64
2004-10-11,2000.0,25.75,26.1,25.66,25.66
2004-10-12,4200.0,25.77,25.79,25.76,25.2
2004-10-13,100.0,25.71,25.71,25.71,25.71
2004-10-14,2600.0,26.0,26.2,25.97,25.77
2004-10-15,38000.0,25.35,25.74,25.74,25.35
2004-10-18,16900.0,25.67,26.0,25.65,25.62
2004-10-19,6300.0,26.4,26.4,25.5,25.5
2004-10-20,2500.0,26.36,26.36,26.33,26.33
2004-10-21,1700.0,26.38,26.49,26.49,26.35
2004-10-22,8700.0,26.45,26.63,26.63,26.38
2004-10-25,200.0,26.65,26.65,26.65,26.65
2004-10-26,600.0,26.9,26.9,26.65,26.65
2004-10-27,5900.0,26.7,27.0,26.67,26.41
2004-10-28,6900.0,27.33,27.33,26.75,26.75
2004-10-29,5000.0,27.69,27.75,26.9,26.9
2004-11-01,6300.0,27.7,28.11,27.51,27.14
2004-11-02,7600.0,27.68,27.91,27.91,27.35
2004-11-03,14600.0,27.09,27.4,26.4,26.4
2004-11-04,2500.0,27.12,27.28,27.1,27.02
2004-11-05,2300.0,27.13,27.13,26.45,26.45
2004-11-08,7300.0,26.95,26.99,26.79,26.45
2004-11-09,2500.0,26.99,27.4,27.25,26.4
2004-11-10,26100.0,26.82,27.0,27.0,26.82
2004-11-11,1400.0,27.05,27.16,27.0,27.0
2004-11-12,900.0,27.27,27.3,27.13,27.13
2004-11-15,0.0,27.27,27.27,27.27,27.27
2004-11-16,2500.0,27.5,27.9,27.5,27.5
2004-11-17,6500.0,27.33,27.35,27.25,26.22
2004-11-18,1300.0,27.25,27.47,27.35,26.93
2004-11-19,300.0,27.48,27.48,27.48,27.48
2004-11-22,2300.0,27.48,27.48,26.95,26.9
2004-11-23,100.0,27.47,27.47,27.47,27.47
2004-11-24,600.0,27.25,27.26,27.26,27.25
2004-11-26,300.0,27.47,27.6,27.6,27.47
2004-11-29,300.0,27.45,27.45,27.45,27.45
2004-11-30,300.0,27.36,27.36,27.26,27.26
2004-12-01,4200.0,27.47,27.47,27.29,27.28
2004-12-02,200.0,27.36,27.36,27.36,27.36
2004-12-03,300.0,27.5,27.5,27.37,27.37
2004-12-06,1100.0,27.64,27.64,27.6,27.52
2004-12-07,2600.0,27.66,27.749,27.51,27.51
2004-12-08,700.0,27.65,27.66,27.66,27.65
2004-12-09,200.0,27.799,27.799,27.799,27.799
2004-12-10,500.0,28.56,28.56,28.56,28.56
2004-12-13,800.0,27.84,27.84,27.84,27.84
2004-12-14,0.0,27.84,27.84,27.84,27.84
2004-12-15,10900.0,27.99,27.99,27.511,27.51
2004-12-16,600.0,27.53,27.559,27.559,27.53
2004-12-17,300.0,28.0,28.0,28.0,28.0
2004-12-20,0.0,28.0,28.0,28.0,28.0
2004-12-21,1500.0,27.52,28.0,28.0,27.52
2004-12-22,3500.0,27.98,28.0,27.74,27.62
2004-12-23,200.0,27.952,27.952,27.952,27.952
2004-12-27,13900.0,27.95,28.07,27.9,27.67
2004-12-28,9800.0,28.15,28.15,27.84,27.16
2004-12-29,24800.0,28.9,28.9,27.4,27.2
2004-12-30,5900.0,28.74,28.9,28.88,28.06
2004-12-31,1400.0,28.85,28.85,28.47,28.47
2005-01-03,7600.0,29.11,29.15,28.9,28.371
2005-01-04,1000.0,29.25,29.25,28.854,28.854
2005-01-05,13600.0,29.49,29.88,28.84,28.84
2005-01-06,1100.0,29.447,29.57,29.411,29.4
2005-01-07,1000.0,29.461,29.58,29.44,29.44
2005-01-10,300.0,29.74,29.74,29.6,29.6
2005-01-11,600.0,29.74,29.75,29.3,29.3
2005-01-12,1000.0,29.99,29.99,29.5,29.5
2005-01-13,1500.0,29.66,29.9,29.71,29.58
2005-01-14,1200.0,29.9,29.9,29.44,29.44
2005-01-18,1700.0,29.895,29.9,29.05,29.05
2005-01-19,3800.0,29.42,29.99,29.99,29.2
2005-01-20,100.0,29.17,29.17,29.17,29.17
2005-01-21,10600.0,28.0,28.9,28.59,27.65
2005-01-24,1000.0,28.0,28.2,28.19,28.0
2005-01-25,6000.0,28.08,28.319,28.319,27.82
2005-01-26,1900.0,28.06,28.49,27.7,27.7
2005-01-27,2000.0,28.14,28.25,28.051,28.051
2005-01-28,23900.0,27.93,28.46,28.46,27.35
2005-01-31,2100.0,28.01,28.07,27.68,27.68
2005-02-01,400.0,28.24,28.24,28.1,28.1
2005-02-02,100.0,28.24,28.24,28.24,28.24
2005-02-03,0.0,28.24,28.24,28.24,28.24
2005-02-04,6400.0,27.95,27.99,27.99,27.95
2005-02-07,700.0,28.0,28.0,28.0,28.0
2005-02-08,3400.0,28.34,28.34,28.34,27.999
2005-02-09,300.0,28.39,28.39,28.39,28.39
2005-02-10,600.0,28.5,28.5,28.39,28.39
2005-02-11,5400.0,27.95,28.93,28.59,27.95
2005-02-14,3400.0,27.7,28.069,27.69,27.67
2005-02-15,800.0,27.96,28.42,28.42,27.96
2005-02-16,3100.0,28.0,28.0,27.821,27.82
2005-02-17,600.0,28.43,28.5,28.5,28.43
2005-02-18,0.0,28.43,28.43,28.43,28.43
2005-02-22,2100.0,28.0,28.42,28.42,28.0
2005-02-23,3600.0,28.01,28.209,28.0,28.0
2005-02-24,1000.0,28.569,28.569,28.3,28.3
2005-02-25,1800.0,28.99,28.99,28.8,28.26
2005-02-28,0.0,28.99,28.99,28.99,28.99
2005-03-01,5800.0,29.0,29.0,28.5,28.5
2005-03-02,300.0,29.0,29.0,28.52,28.52
2005-03-03,2700.0,28.88,28.88,28.54,28.54
2005-03-04,9400.0,28.16,28.24,27.9,27.9
2005-03-07,800.0,28.46,28.59,28.111,28.111
2005-03-08,100.0,28.59,28.59,28.59,28.59
2005-03-09,14000.0,27.86,28.34,28.34,27.86
2005-03-10,4000.0,27.99,28.08,27.954,27.93
2005-03-11,9200.0,27.95,28.22,28.22,27.95
2005-03-14,22300.0,27.87,28.1,27.95,27.8
2005-03-15,24500.0,27.55,27.839,27.75,27.2
2005-03-16,9000.0,27.1,27.81,27.3,26.998
2005-03-17,1300.0,27.74,27.74,27.14,27.14
2005-03-18,2400.0,27.32,27.642,27.55,27.25
2005-03-21,6800.0,27.26,27.85,27.62,27.2
2005-03-22,6900.0,27.19,27.83,27.54,26.51
2005-03-23,14800.0,26.83,27.01,27.0,26.83
2005-03-24,35300.0,26.95,26.95,26.77,26.5
2005-03-28,63600.0,26.29,27.0,27.0,26.15
2005-03-29,9700.0,26.42,26.75,26.25,26.0
2005-03-30,700.0,26.38,26.729,26.729,26.38
2005-03-31,3000.0,26.0,26.05,26.03,26.0
2005-04-01,16900.0,25.75,25.85,25.75,25.41
2005-04-04,1600.0,25.8,25.8,25.8,25.59
2005-04-05,1400.0,26.17,26.2,25.66,25.66
2005-04-06,400.0,25.72,26.24,26.24,25.72
2005-04-07,200.0,26.19,26.19,26.19,26.19
2005-04-08,1900.0,26.24,26.24,25.93,25.93
2005-04-11,1500.0,26.11,26.22,25.66,25.66
2005-04-12,900.0,26.03,26.23,26.132,25.96
2005-04-13,600.0,26.19,26.19,26.02,26.02
2005-04-14,1100.0,25.82,26.5,26.5,25.82
2005-04-15,1700.0,25.92,26.02,25.9,25.9
2005-04-18,2200.0,25.8,25.8,25.8,25.8
2005-04-19,2900.0,25.89,26.12,26.0,25.75
2005-04-20,11600.0,25.72,26.15,25.89,25.29
2005-04-21,3400.0,25.87,26.0,26.0,25.87
2005-04-22,25600.0,26.75,27.5,26.0,25.75
2005-04-25,3300.0,25.76,26.75,26.75,25.76
2005-04-26,8300.0,26.51,26.64,26.45,26.45
2005-04-27,6600.0,26.0,26.75,26.31,25.9
2005-04-28,108500.0,26.41,26.49,26.48,25.75
2005-04-29,7200.0,27.73,27.73,26.48,26.48
2005-05-02,3200.0,27.76,27.95,27.74,27.69
2005-05-03,4900.0,27.85,27.88,27.88,27.35
2005-05-04,1100.0,27.25,27.66,27.66,27.25
2005-05-05,3800.0,27.08,27.87,27.5,26.6
2005-05-06,6600.0,27.49,27.57,26.2,26.2
2005-05-09,8300.0,27.19,27.33,27.25,27.1
2005-05-10,5500.0,27.08,27.19,27.19,26.86
2005-05-11,1200.0,27.1,27.1,27.06,26.8
2005-05-12,14200.0,27.1,27.1,27.1,26.71
2005-05-13,200.0,27.1,27.1,27.1,27.1
2005-05-16,3400.0,26.966,27.1,27.1,26.85
2005-05-17,16700.0,25.87,26.59,26.55,25.6
2005-05-18,7700.0,26.04,26.6516,25.65,25.65
2005-05-19,6500.0,26.84,26.84,26.46,26.32
2005-05-20,6400.0,27.36,27.36,26.46,26.46
2005-05-23,15400.0,27.48,27.48,27.4,26.97
2005-05-24,1700.0,27.47,27.5,27.35,27.35
2005-05-25,7600.0,27.21,27.5,27.11,27.11
2005-05-26,6600.0,26.26,27.24,27.12,26.26
2005-05-27,1900.0,26.36,26.46,26.16,26.11
2005-05-31,5500.0,26.74,26.75,26.36,26.36
2005-06-01,5900.0,27.33,27.49,26.67,26.67
2005-06-02,6400.0,27.39,27.45,27.33,27.29
2005-06-03,1200.0,27.43,27.43,27.07,26.86
2005-06-06,4500.0,27.72,27.72,27.44,27.44
2005-06-07,6400.0,27.73,28.0,27.75,27.73
2005-06-08,7900.0,27.99,28.0,28.0,27.63
2005-06-09,40200.0,29.6,29.98,27.5,27.5
2005-06-10,133600.0,30.0,30.46,29.52,29.52
2005-06-13,13600.0,29.85,30.25,30.25,29.54
2005-06-14,8700.0,29.6,29.6,29.31,29.31
2005-06-15,12500.0,29.56,29.56,29.52,28.8
2005-06-16,12000.0,29.6,29.7,28.7,28.7
2005-06-17,6500.0,29.6,29.7,29.6,29.6
2005-06-20,3900.0,29.6,29.6,29.6,29.18
2005-06-21,8700.0,29.6,29.7,28.57,28.57
2005-06-22,15100.0,29.25,29.75,28.9,28.68
2005-06-23,27900.0,29.01,29.29,28.98,28.53
2005-06-24,286500.0,28.33,29.3,29.3,28.3187
2005-06-27,54100.0,27.36,28.45,28.28,27.2
2005-06-28,29700.0,27.29,27.3,27.02,27.01
2005-06-29,9800.0,27.29,27.29,27.29,27.06
2005-06-30,75800.0,26.69,27.29,27.29,26.32
2005-07-01,36000.0,26.84,26.9,26.72,26.505
2005-07-05,18000.0,27.39,27.44,26.96,26.96
2005-07-06,17000.0,27.45,27.45,27.45,27.25
2005-07-07,5600.0,26.95,27.3,27.09,26.21
2005-07-08,35800.0,28.83,28.98,27.05,27.05
2005-07-11,32200.0,30.19,31.0,28.99,28.824
2005-07-12,27900.0,29.99,30.64,30.33,29.95
2005-07-13,6700.0,30.13,30.45,29.75,29.71
2005-07-14,6900.0,29.71,30.47,30.47,29.71
2005-07-15,2800.0,30.41,30.64,29.66,29.66
2005-07-18,6100.0,30.27,30.5299,30.37,29.71
2005-07-19,8600.0,29.47,30.41,30.41,29.47
2005-07-20,5400.0,29.61,29.71,29.31,29.16
2005-07-21,6400.0,28.18,29.99,29.99,28.18
2005-07-22,8300.0,30.0,30.0,28.55,28.35
2005-07-25,8300.0,29.89,30.2,30.0,29.85
2005-07-26,15200.0,30.1,30.91,29.78,29.78
2005-07-27,4800.0,29.74,29.91,29.91,29.39
2005-07-28,9200.0,29.86,30.24,29.8,29.35
2005-07-29,5900.0,29.66,30.21,30.08,29.37
2005-08-01,8300.0,29.26,29.6,29.45,29.26
2005-08-02,5500.0,31.44,31.44,29.68,29.45
2005-08-03,8900.0,29.35,31.15,31.15,28.79
2005-08-04,4700.0,28.75,29.17,29.17,28.49
2005-08-05,7600.0,28.5,28.7,28.7,28.37
2005-08-08,5400.0,28.46,28.54,28.12,28.12
2005-08-09,3600.0,28.8,28.8,28.32,28.32
2005-08-10,5900.0,28.56,28.88,28.88,28.5
2005-08-11,4800.0,28.7,28.7,28.5,28.45
2005-08-12,11800.0,28.16,28.87,28.87,28.1
2005-08-15,3200.0,28.52,28.52,28.28,28.2
2005-08-16,13200.0,28.16,28.37,28.3,27.79
2005-08-17,2900.0,28.03,28.39,28.39,27.75
2005-08-18,2900.0,27.16,28.13,28.13,27.16
2005-08-19,1700.0,27.56,27.62,27.36,27.36
2005-08-22,12100.0,27.73,28.02,27.55,27.5
2005-08-23,1800.0,27.51,28.45,28.34,27.5
2005-08-24,4200.0,27.5,27.99,27.76,27.5
2005-08-25,4200.0,27.25,27.76,27.49,27.24
2005-08-26,16800.0,28.03,28.25,27.25,27.25
2005-08-29,800.0,28.46,28.46,28.03,27.97
2005-08-30,1600.0,28.47,28.47,28.27,28.27
2005-08-31,1400.0,28.86,28.86,28.23,28.23
2005-09-01,3800.0,29.05,29.2,28.87,28.861
2005-09-02,2900.0,29.15,29.15,28.93,28.93
2005-09-06,3000.0,29.88,29.88,29.17,29.11
2005-09-07,4100.0,29.82,30.0,29.33,29.33
2005-09-08,3400.0,29.5,29.5,29.4,29.4
2005-09-09,3000.0,29.47,29.49,29.49,29.47
2005-09-12,5600.0,29.81,29.95,29.42,29.17
2005-09-13,4200.0,29.64,29.81,29.81,29.2
2005-09-14,13100.0,29.51,30.0,29.1,29.03
2005-09-15,4400.0,28.65,29.32,29.149,28.45
2005-09-16,37100.0,27.92,28.94,28.94,27.86
2005-09-19,14100.0,28.9,29.0,28.05,27.98
2005-09-20,3400.0,29.22,29.24,28.75,28.75
2005-09-21,5500.0,27.54,28.92,28.92,27.28
2005-09-22,9700.0,26.99,27.39,27.39,26.63
2005-09-23,4500.0,26.92,26.92,26.9,26.31
2005-09-26,5000.0,27.61,27.61,26.92,26.92
2005-09-27,8500.0,27.86,27.94,27.75,27.49
2005-09-28,2500.0,27.38,28.06,27.49,27.25
2005-09-29,1700.0,27.96,27.96,26.919,26.919
2005-09-30,8600.0,27.43,27.78,27.6,27.05
2005-10-03,3300.0,26.46,27.4599,27.23,26.35
2005-10-04,6900.0,27.01,27.01,26.71,26.68
2005-10-05,8300.0,26.59,26.95,26.76,26.59
2005-10-06,3300.0,26.74,26.84,26.75,26.61
2005-10-07,1800.0,26.88,26.93,26.92,26.78
2005-10-10,2100.0,26.39,26.68,26.68,26.32
2005-10-11,3300.0,26.45,26.63,26.5,26.42
2005-10-12,7300.0,26.94,26.94,26.2,26.2
2005-10-13,2600.0,26.66,26.66,26.56,26.18
2005-10-14,2300.0,27.13,27.13,26.91,26.752
2005-10-17,3800.0,26.43,27.16,27.16,26.41
2005-10-18,3400.0,26.47,26.47,26.42,26.18
2005-10-19,7300.0,26.99,26.99,26.57,25.56
2005-10-20,1000.0,26.49,27.16,27.15,26.49
2005-10-21,2800.0,27.06,27.06,26.16,25.99
2005-10-24,6600.0,28.6,28.6,27.08,27.08
2005-10-25,2600.0,27.51,28.859,28.8,27.41
2005-10-26,5800.0,26.74,27.54,27.35,26.74
2005-10-27,3300.0,25.9,26.71,26.71,25.9
2005-10-28,5200.0,26.45,26.45,26.22,26.0
2005-10-31,6300.0,28.0,28.0,26.5,26.5
2005-11-01,9800.0,29.185,29.23,27.71,27.64
2005-11-02,3200.0,29.0,29.0,28.56,28.55
2005-11-03,4900.0,29.14,29.5,29.29,28.892
2005-11-04,400.0,29.08,29.5,29.39,29.08
2005-11-07,2800.0,29.2425,29.4,29.4,28.71
2005-11-08,1000.0,28.86,29.18,29.18,28.57
2005-11-09,7700.0,29.04,29.83,29.14,29.04
2005-11-10,5200.0,29.95,30.0,29.33,28.6
2005-11-11,1100.0,29.91,30.06,29.75,29.66
2005-11-14,3400.0,29.56,29.77,29.77,29.32
2005-11-15,15200.0,27.78,29.69,29.69,27.55
2005-11-16,6000.0,26.97,27.99,27.58,26.6
2005-11-17,1700.0,27.78,27.78,27.14,27.14
2005-11-18,12100.0,28.37,28.56,28.14,27.39
2005-11-21,5900.0,28.05,28.5399,28.44,27.76
2005-11-22,1400.0,27.8,28.14,28.12,27.8
2005-11-23,11500.0,28.12,28.12,27.69,27.5474
2005-11-25,0.0,28.12,28.12,28.12,28.12
2005-11-28,3100.0,27.47,28.27,28.02,27.43
2005-11-29,2400.0,27.139,27.8,27.8,27.0
2005-11-30,3800.0,27.98,27.98,26.94,26.94
2005-12-01,3800.0,28.8,29.15,27.98,27.96
2005-12-02,1000.0,28.14,29.0,28.99,28.14
2005-12-05,2200.0,28.34,28.38,28.14,28.14
2005-12-06,2100.0,28.5,28.76,28.4,28.11
2005-12-07,6300.0,27.66,28.55,28.55,27.65
2005-12-08,6300.0,27.46,27.73,27.31,27.31
2005-12-09,3800.0,27.51,27.61,27.6,27.48
2005-12-12,14300.0,27.6,27.96,27.6,27.51
2005-12-13,2900.0,28.17,28.17,27.58,27.58
2005-12-14,14000.0,28.0,28.21,28.21,27.18
2005-12-15,11700.0,27.78,27.96,27.77,27.44
2005-12-16,42500.0,27.75,27.75,27.7,27.36
2005-12-19,8000.0,27.05,27.88,27.88,26.7
2005-12-20,6200.0,27.48,27.65,26.6901,26.56
2005-12-21,1000.0,27.38,27.58,27.48,27.38
2005-12-22,700.0,27.81,27.95,27.87,27.81
2005-12-23,1400.0,27.82,27.88,27.88,27.68
2005-12-27,3900.0,27.13,27.813,27.813,27.13
2005-12-28,8300.0,26.91,27.65,27.42,26.91
2005-12-29,7700.0,27.1,27.2,27.15,27.0
2005-12-30,8700.0,27.09,27.49,26.95,26.5
2006-01-03,4400.0,27.65,27.65,27.22,26.85
2006-01-04,800.0,27.45,27.55,27.46,27.33
2006-01-05,2700.0,27.38,27.38,27.33,27.15
2006-01-06,3700.0,27.46,27.48,27.44,27.15
2006-01-09,3200.0,27.0,27.4,27.4,26.9
2006-01-10,3200.0,27.29,27.37,26.94,26.94
2006-01-11,9800.0,27.01,27.11,27.02,26.61
2006-01-12,4900.0,27.0,27.25,27.24,27.0
2006-01-13,4800.0,27.16,27.52,26.76,26.76
2006-01-17,1000.0,27.17,27.17,27.12,27.001
2006-01-18,3600.0,27.16,27.29,26.99,26.99
2006-01-19,2000.0,27.41,27.73,27.16,27.16
2006-01-20,24900.0,27.2,27.79,27.79,26.75
2006-01-23,7900.0,27.39,27.65,27.31,27.06
2006-01-24,4000.0,27.32,27.51,27.5,27.23
2006-01-25,2000.0,27.204,27.36,27.3,27.07
2006-01-26,10600.0,27.7,27.7,27.48,27.24
2006-01-27,13500.0,27.43,28.22,27.29,27.06
2006-01-30,3600.0,27.06,27.494,27.44,27.01
2006-01-31,3800.0,27.02,27.18,27.04,27.0
2006-02-01,6000.0,27.55,27.55,27.0,27.0
2006-02-02,9000.0,27.49,27.49,27.25,27.0
2006-02-03,3600.0,27.65,27.65,27.29,27.18
2006-02-06,2600.0,27.04,27.3,27.3,27.04
2006-02-07,6800.0,27.0,27.25,27.25,27.0
2006-02-08,600.0,27.25,27.25,27.1,27.1
2006-02-09,2300.0,26.75,27.23,27.23,26.75
2006-02-10,19000.0,26.88,26.88,26.75,26.31
2006-02-13,3900.0,26.95,26.98,26.98,26.74
2006-02-14,21900.0,26.75,27.0,26.97,26.75
2006-02-15,4200.0,27.0,27.0,27.0,26.82
2006-02-16,9600.0,27.0,27.1,27.1,26.76
2006-02-17,3000.0,27.0,27.21,27.21,26.86
2006-02-21,2800.0,26.75,27.06,27.06,26.73
2006-02-22,4700.0,27.2,27.2,26.7,26.7
2006-02-23,5300.0,27.1,27.21,27.058,26.75
2006-02-24,13200.0,26.75,26.76,26.75,26.75
2006-02-27,14800.0,28.64,28.884,27.06,27.06
2006-02-28,13700.0,27.59,28.5,28.35,27.38
2006-03-01,2800.0,27.98,27.98,27.23,27.23
2006-03-02,26500.0,27.43,27.97,27.55,27.15
2006-03-03,8200.0,27.42,27.42,27.38,27.17
2006-03-06,12400.0,26.65,27.38,27.21,26.52
2006-03-07,33000.0,26.48,26.71,26.5,26.0
2006-03-08,15600.0,25.8,26.41,26.41,25.8
2006-03-09,9300.0,25.65,26.17,26.0,25.65
2006-03-10,6700.0,25.63,25.81,25.55,25.39
2006-03-13,14800.0,25.74,26.05,25.91,25.61
2006-03-14,9100.0,26.09,26.13,25.89,25.72
2006-03-15,26600.0,26.59,26.7,26.0,25.81
2006-03-16,5300.0,26.63,26.76,26.6,26.4
2006-03-17,45500.0,26.17,26.76,26.76,26.16
2006-03-20,16400.0,25.89,26.35,26.35,25.56
2006-03-21,32600.0,25.66,26.08,25.65,25.51
2006-03-22,12800.0,25.92,26.04,25.75,25.55
2006-03-23,11200.0,26.21,26.21,26.0,25.9
2006-03-24,3900.0,25.9,26.38,26.03,25.72
2006-03-27,14100.0,25.83,25.9,25.9,25.65
2006-03-28,7300.0,25.85,26.0,25.88,25.67
2006-03-29,16800.0,26.17,26.28,26.05,25.68
2006-03-30,4800.0,26.07,26.2,26.2,25.89
2006-03-31,14300.0,26.34,26.41,26.06,25.9
2006-04-03,11800.0,25.83,26.39,26.39,25.58
2006-04-04,12900.0,25.7,25.98,25.69,25.55
2006-04-05,10800.0,25.88,25.92,25.75,25.51
2006-04-06,12600.0,25.88,25.88,25.85,25.7
2006-04-07,14300.0,25.67,26.05,25.95,25.09
2006-04-10,15900.0,25.66,25.75,25.55,25.47
2006-04-11,13800.0,25.4,25.53,25.53,25.2
2006-04-12,8400.0,25.8,25.82,25.44,25.25
2006-04-13,24200.0,26.25,26.37,25.46,25.46
2006-04-17,6800.0,26.31,26.3699,26.3699,26.0
2006-04-18,19000.0,26.85,26.89,26.35,25.8
2006-04-19,11400.0,27.23,27.25,26.92,26.55
2006-04-20,13900.0,26.93,27.05,27.05,26.84
2006-04-21,8900.0,27.06,27.32,27.32,26.75
2006-04-24,5000.0,26.91,27.0,26.9,26.85
2006-04-25,7800.0,27.08,27.31,27.0,26.6
2006-04-26,7800.0,27.0,27.32,26.75,26.55
2006-04-27,12600.0,27.2,27.3,26.75,26.54
2006-04-28,20900.0,27.62,27.62,27.2,27.0
2006-05-01,13100.0,27.97,28.02,27.74,27.42
2006-05-02,16200.0,28.71,28.81,27.74,27.72
2006-05-03,14200.0,29.13,29.16,28.72,28.72
2006-05-04,15500.0,29.39,29.39,29.0,28.9
2006-05-05,18700.0,29.75,29.9,29.25,29.12
2006-05-08,15300.0,29.95,29.95,29.85,29.61
2006-05-09,15300.0,30.14,30.2,30.0,29.85
2006-05-10,11000.0,29.85,30.29,30.12,29.85
2006-05-11,8800.0,28.81,29.76,29.75,28.7
2006-05-12,14000.0,27.14,28.52,28.52,27.11
2006-05-15,10300.0,26.74,27.45,26.89,26.32
2006-05-16,14700.0,26.79,27.35,26.92,26.56
2006-05-17,25400.0,26.31,26.7,26.52,26.26
2006-05-18,38100.0,26.02,26.62,26.62,26.01
2006-05-19,25900.0,26.51,26.88,25.89,25.86
2006-05-22,13900.0,26.47,26.95,26.31,26.13
2006-05-23,6800.0,26.58,26.87,26.46,26.42
2006-05-24,17400.0,26.82,26.92,26.48,26.48
2006-05-25,10400.0,27.32,27.37,27.18,27.06
2006-05-26,13100.0,27.14,27.5,27.36,26.85
2006-05-30,15400.0,26.72,27.32,27.31,26.65
2006-05-31,8000.0,27.08,27.08,27.03,26.26
2006-06-01,11900.0,27.92,27.95,27.08,27.06
2006-06-02,13800.0,28.6,28.6,28.15,27.95
2006-06-05,21000.0,27.56,28.44,28.42,27.35
2006-06-06,16600.0,26.55,27.42,27.37,26.5
2006-06-07,36300.0,26.42,26.85,26.5,26.33
2006-06-08,29100.0,26.38,26.67,26.4,25.75
2006-06-09,20500.0,26.05,26.77,26.55,25.84
2006-06-12,11300.0,25.93,26.27,25.85,25.75
2006-06-13,33400.0,25.87,26.17,25.81,25.81
2006-06-14,15500.0,26.31,26.31,26.04,25.83
2006-06-15,43600.0,26.74,27.34,26.39,26.31
2006-06-16,93500.0,26.21,26.74,26.61,26.05
2006-06-19,27900.0,26.11,26.35,26.29,25.82
2006-06-20,11700.0,25.65,26.1,25.94,25.65
2006-06-21,9600.0,25.9,26.11,25.86,25.64
2006-06-22,9100.0,25.9,25.95,25.75,25.72
2006-06-23,15400.0,25.59,25.96,25.75,25.59
2006-06-26,11800.0,25.58,25.85,25.8,25.39
2006-06-27,13100.0,25.71,25.91,25.575,25.575
2006-06-28,25000.0,25.58,25.78,25.61,25.22
2006-06-29,34300.0,26.8,26.8,25.64,25.47
2006-06-30,728000.0,26.35,26.98,26.97,25.67
2006-07-03,11700.0,25.8,26.2,26.09,25.8
2006-07-05,22400.0,25.92,26.14,25.8,25.51
2006-07-06,21000.0,26.35,26.47,25.7,25.7
2006-07-07,26000.0,26.18,26.51,26.34,26.18
2006-07-10,4900.0,26.23,26.42,26.18,26.18
2006-07-11,19500.0,26.13,26.25,26.25,25.75
2006-07-12,9900.0,26.14,26.25,25.9,25.89
2006-07-13,13200.0,26.09,26.32,26.3,26.02
2006-07-14,11200.0,25.94,26.11,26.1,25.8
2006-07-17,13000.0,26.09,26.14,26.14,25.39
2006-07-18,13300.0,25.75,26.3,26.3,25.51
2006-07-19,18700.0,26.03,26.26,25.87,25.87
2006-07-20,12300.0,25.77,26.3,26.29,25.75
2006-07-21,2900.0,26.04,26.08,25.79,25.79
2006-07-24,8400.0,25.75,26.21,26.21,25.54
2006-07-25,23900.0,25.51,26.3,26.04,25.18
2006-07-26,20900.0,25.79,25.93,25.64,25.49
2006-07-27,16900.0,26.18,26.23,25.64,25.64
2006-07-28,32400.0,26.3,26.35,26.1,26.1
2006-07-31,21400.0,26.47,26.47,26.08,26.08
2006-08-01,44600.0,26.08,26.6,26.49,25.71
2006-08-02,18500.0,26.24,26.51,25.905,25.88
2006-08-03,7900.0,26.42,26.56,26.385,26.2
2006-08-04,16000.0,26.48,26.66,26.31,26.17
2006-08-07,8200.0,26.59,26.6,26.6,26.59
2006-08-08,12500.0,26.8,26.8,26.6,26.4
2006-08-09,16800.0,26.99,27.05,26.72,26.66
2006-08-10,17700.0,27.22,27.22,26.81,26.8
2006-08-11,11200.0,26.93,27.14,26.95,26.84
2006-08-14,18300.0,26.95,27.2,26.92,26.8
2006-08-15,12800.0,27.7,27.9,27.19,27.01
2006-08-16,9600.0,28.13,28.15,27.5701,27.5701
2006-08-17,21500.0,28.01,28.28,27.98,27.98
2006-08-18,7400.0,28.03,28.2,28.18,28.03
2006-08-21,2800.0,28.13,28.22,28.16,28.048
2006-08-22,500.0,28.1001,28.28,28.28,28.1001
2006-08-23,1400.0,28.16,28.31,28.11,27.99
2006-08-24,3600.0,28.1,28.13,28.13,27.94
2006-08-25,39600.0,26.71,28.0,28.0,26.59
2006-08-28,6100.0,27.17,27.17,26.92,26.91
2006-08-29,3200.0,27.73,28.0,27.18,27.18
2006-08-30,14200.0,27.17,27.83,27.58,27.04
2006-08-31,5400.0,27.29,27.29,27.08,26.95
2006-09-01,400.0,27.36,27.67,27.67,27.25
2006-09-05,11000.0,27.11,27.44,27.44,27.09
2006-09-06,3400.0,27.28,27.46,27.12,27.12
2006-09-07,6300.0,27.2,27.213,27.21,27.2
2006-09-08,13000.0,26.91,27.38,26.97,26.89
2006-09-11,3000.0,27.23,27.39,26.95,26.95
2006-09-12,3500.0,27.11,27.23,27.07,27.06
2006-09-13,7500.0,27.17,27.31,27.06,27.06
2006-09-14,5200.0,27.11,27.37,27.11,27.11
2006-09-15,1700.0,27.22,27.22,26.73,26.73
2006-09-18,800.0,26.99,27.01,26.88,26.88
2006-09-19,800.0,27.27,27.27,26.95,26.95
2006-09-20,24700.0,27.24,27.39,27.3799,27.1
2006-09-21,8600.0,27.34,27.47,27.12,27.12
2006-09-22,13100.0,27.66,27.75,27.27,27.27
2006-09-25,10500.0,27.915,28.0,27.46,27.46
2006-09-26,3100.0,27.74,27.89,27.79,27.59
2006-09-27,900.0,27.57,27.66,27.66,27.342
2006-09-28,18600.0,28.28,28.5,27.95,27.94
2006-09-29,13600.0,28.53,28.69,28.5,28.35
2006-10-02,500.0,28.27,28.6699,28.6699,28.27
2006-10-03,24900.0,27.24,28.29,28.15,26.87
2006-10-04,7500.0,27.3,27.44,27.0,27.0
2006-10-05,1800.0,27.57,27.75,27.75,27.46
2006-10-06,10400.0,27.75,27.9,27.5,27.49
2006-10-09,7000.0,28.0,28.1,27.61,27.61
2006-10-10,4400.0,28.4,28.4,28.0,27.85
2006-10-11,6500.0,27.6,28.42,28.15,27.6
2006-10-12,18500.0,27.89,27.89,27.6,27.05
2006-10-13,30100.0,27.8,27.96,27.52,27.52
2006-10-16,7000.0,28.0,28.18,27.825,27.75
2006-10-17,3500.0,27.95,28.07,28.07,27.9
2006-10-18,8200.0,28.25,28.25,27.925,27.925
2006-10-19,5100.0,28.22,28.43,28.205,28.16
2006-10-20,1100.0,27.82,28.14,28.07,27.82
2006-10-23,100.0,27.76,27.76,27.76,27.76
2006-10-24,6200.0,27.62,28.0099,27.97,27.57
2006-10-25,11200.0,27.64,27.8,27.54,27.51
2006-10-26,5800.0,28.15,28.23,27.65,27.65
2006-10-27,9600.0,28.67,28.7,28.35,28.33
2006-10-30,5000.0,28.79,28.79,28.55,28.5
2006-10-31,3700.0,28.92,28.97,28.67,28.67
2006-11-01,22400.0,28.91,28.95,28.9,28.6
2006-11-02,11300.0,28.855,28.91,28.73,28.5
2006-11-03,2600.0,28.79,28.8,28.66,28.56
2006-11-06,3100.0,28.28,28.59,28.45,28.28
2006-11-07,3500.0,28.18,28.29,27.9401,27.9401
2006-11-08,17700.0,28.46,28.69,28.11,28.0
2006-11-09,11200.0,29.05,29.05,28.85,28.06
2006-11-10,2200.0,28.5,28.78,28.78,28.41
2006-11-13,6400.0,28.929,28.96,28.78,28.57
2006-11-14,7000.0,29.13,29.2,28.99,28.99
2006-11-15,3000.0,28.8,29.0,28.797,28.797
2006-11-16,7200.0,28.71,28.97,28.62,28.5
2006-11-17,7800.0,28.72,28.99,28.9199,28.49
2006-11-20,6000.0,28.75,28.91,28.8,28.35
2006-11-21,7700.0,29.0,29.07,28.69,28.64
2006-11-22,3200.0,29.06,29.07,29.0,29.0
2006-11-24,1000.0,29.12,29.12,29.02,29.02
2006-11-27,2100.0,29.05,29.18,29.0,29.0
2006-11-28,11700.0,29.33,29.49,28.93,28.93
2006-11-29,4100.0,29.55,29.74,29.28,29.28
2006-11-30,7800.0,29.76,30.1,29.55,29.55
2006-12-01,8300.0,30.06,30.1,29.74,29.16
2006-12-04,14300.0,30.15,30.6,30.09,30.09
2006-12-05,11000.0,30.14,30.24,29.67,29.65
2006-12-06,13400.0,30.4,30.43,30.06,30.06
2006-12-07,17800.0,30.46,30.54,30.4396,29.19
2006-12-08,3100.0,30.19,30.32,30.2,30.02
2006-12-11,3500.0,29.87,29.9801,29.9244,29.75
2006-12-12,4400.0,29.46,29.56,29.41,29.38
2006-12-13,7000.0,29.24,29.47,29.3701,29.24
2006-12-14,6900.0,28.81,29.1,29.06,28.81
2006-12-15,3200.0,29.19,29.19,28.64,28.64
2006-12-18,800.0,29.34,29.34,29.1601,29.16
2006-12-19,23400.0,29.56,29.56,29.22,29.0
2006-12-20,3600.0,29.91,30.13,29.53,29.4
2006-12-21,2300.0,30.34,30.39,30.04,30.04
2006-12-22,2000.0,30.09,30.45,30.45,30.09
2006-12-26,9000.0,30.5,30.51,30.2,30.01
2006-12-27,6300.0,30.68,30.7,30.68,30.45
2006-12-28,700.0,30.59,30.7,30.4925,30.4925
2006-12-29,4100.0,30.25,30.44,30.32,30.25
2007-01-03,2600.0,30.18,30.2501,30.2501,30.0
2007-01-04,300.0,30.14,30.15,29.98,29.98
2007-01-05,2400.0,29.85,29.98,29.86,29.85
2007-01-08,2000.0,29.8,29.93,29.78,29.78
2007-01-09,3000.0,29.74,29.8999,29.74,29.74
2007-01-10,2800.0,29.38,29.5,29.5,29.38
2007-01-11,1400.0,29.285,29.34,29.32,29.17
2007-01-12,4400.0,29.27,29.28,29.18,29.15
2007-01-16,3400.0,29.15,29.28,29.28,29.15
2007-01-17,14900.0,29.01,29.17,29.0,29.0
2007-01-18,5600.0,28.27,29.0,29.0,28.27
2007-01-19,9500.0,27.53,28.18,28.18,27.5
2007-01-22,12500.0,27.6,27.73,27.5,27.25
2007-01-23,3500.0,27.59,27.85,27.85,27.59
2007-01-24,1600.0,27.89,27.89,27.82,27.51
2007-01-25,3100.0,28.07,28.15,28.0001,27.9
2007-01-26,6000.0,28.24,28.28,28.25,28.18
2007-01-29,7400.0,28.68,28.68,28.42,27.99
2007-01-30,4300.0,28.77,28.77,28.46,28.46
2007-01-31,8500.0,28.95,29.01,28.59,27.97
2007-02-01,1200.0,29.16,29.16,28.7001,28.7001
2007-02-02,3.0,29.16,29.16,29.16,29.16
2007-02-05,1400.0,29.38,29.3899,29.3899,29.19
2007-02-06,3100.0,29.0,29.13,29.13,28.9
2007-02-07,2100.0,29.1,29.17,28.85,28.85
2007-02-08,5100.0,29.07,29.07,28.89,28.7
2007-02-09,300.0,29.08,29.1,28.964,28.964
2007-02-12,900.0,28.84,29.1,29.09,28.84
2007-02-13,500.0,28.94,29.16,29.16,28.94
2007-02-14,1100.0,28.88,29.0,29.0,28.88
2007-02-15,3900.0,29.1,29.15,28.73,28.65
2007-02-16,12400.0,29.5,29.5,29.0,29.0
2007-02-20,5700.0,29.6,29.6,29.35,29.34
2007-02-21,400.0,29.72,29.72,29.63,29.54
2007-02-22,300.0,29.33,29.42,29.42,29.33
2007-02-23,200.0,29.43,29.43,29.33,29.33
2007-02-26,1100.0,29.35,29.36,29.33,29.33
2007-02-27,0.0,29.35,29.35,29.35,29.35
2007-02-28,3200.0,28.94,29.35,29.35,28.94
2007-03-01,2600.0,28.58,29.13,29.1,28.58
2007-03-02,2100.0,28.33,28.56,28.56,28.26
2007-03-05,1700.0,28.108,28.35,28.35,28.108
2007-03-06,4800.0,28.0,28.17,28.1,27.9
2007-03-07,1600.0,27.79,27.93,27.8758,27.79
2007-03-08,4600.0,28.1,28.23,27.9999,27.9999
2007-03-09,6400.0,28.61,28.86,28.1,28.05
2007-03-12,1700.0,28.7,28.7,28.5,28.5
2007-03-13,5200.0,28.43,28.61,28.56,28.3
2007-03-14,900.0,28.21,28.4,28.31,28.21
2007-03-15,9300.0,28.0,28.17,28.17,27.87
2007-03-16,200.0,27.9,27.9,27.9,27.9
2007-03-19,1400.0,27.72,27.9,27.9,27.72
2007-03-20,600.0,27.83,27.85,27.8,27.78
2007-03-21,700.0,28.05,28.1,28.04,28.04
2007-03-22,800.0,27.96,27.97,27.97,27.96
2007-03-23,1200.0,28.0,28.0,28.0,27.88
2007-03-26,3400.0,28.5,28.5,28.09,28.09
2007-03-27,1600.0,28.59,28.65,28.44,28.43
2007-03-28,4700.0,28.53,28.68,28.58,28.5
2007-03-29,1000.0,28.59,28.59,28.41,28.41
2007-03-30,1600.0,28.7,28.7,28.51,28.51
2007-04-02,3100.0,28.57,28.7,28.7,28.47
2007-04-03,3600.0,28.5,28.5,28.42,28.24
2007-04-04,10000.0,27.88,28.39,28.26,27.75
2007-04-05,800.0,28.07,28.07,27.8899,27.8899
2007-04-09,900.0,28.15,28.15,28.14,28.0
2007-04-10,2800.0,28.2,28.2,27.95,27.95
2007-04-11,800.0,27.63,27.8,27.73,27.62
2007-04-12,3800.0,27.41,27.57,27.44,27.27
2007-04-13,3600.0,27.23,27.3,27.18,27.18
2007-04-16,300.0,27.41,27.44,27.4,27.4
2007-04-17,900.0,27.48,27.53,27.53,27.36
2007-04-18,900.0,27.44,27.66,27.66,27.44
2007-04-19,8300.0,26.88,27.34,27.34,26.71
2007-04-20,2000.0,27.0,27.13,27.13,26.9
2007-04-23,26100.0,27.24,27.34,26.88,26.88
2007-04-24,1900.0,27.47,27.74,27.56,27.47
2007-04-25,400.0,27.58,27.58,27.36,27.36
2007-04-26,400.0,27.98,27.98,27.73,27.73
2007-04-27,8600.0,28.04,28.26,28.14,28.04
2007-04-30,4000.0,28.06,28.62,28.36,28.05
2007-05-01,1500.0,27.92,28.12,27.98,27.92
2007-05-02,2700.0,27.66,27.99,27.99,27.53
2007-05-03,7900.0,28.05,28.1,27.32,27.27
2007-05-04,13800.0,28.35,28.62,28.11,28.11
2007-05-07,2900.0,28.52,28.69,28.35,28.35
2007-05-08,7300.0,28.86,28.96,28.44,28.36
2007-05-09,1000.0,28.61,28.71,28.68,28.61
2007-05-10,400.0,28.39,28.49,28.38,28.35
2007-05-11,3500.0,28.75,28.88,28.41,28.41
2007-05-14,7700.0,29.05,29.19,28.95,28.9
2007-05-15,2400.0,29.17,29.25,29.04,29.04
2007-05-16,14100.0,29.0,29.25,29.25,28.91
2007-05-17,0.0,29.0,29.0,29.0,29.0
2007-05-18,3400.0,28.61,28.87,28.79,28.61
2007-05-21,8000.0,27.96,28.59,28.59,27.05
2007-05-22,2100.0,27.96,28.0,27.71,27.71
2007-05-23,8400.0,27.9,28.0,27.82,27.74
2007-05-24,39800.0,27.79,27.9,27.9,27.7
2007-05-25,13900.0,27.1,27.75,27.57,27.07
2007-05-29,9100.0,27.2,27.31,27.23,27.07
2007-05-30,6200.0,27.12,27.33,27.33,27.12
2007-05-31,5100.0,27.49,27.49,27.2,27.12
2007-06-01,9300.0,27.7,27.7,27.63,27.46
2007-06-04,5100.0,27.86,28.0,27.65,27.64
2007-06-05,12500.0,28.13,28.22,27.91,27.91
2007-06-06,4100.0,28.45,28.45,28.0001,28.0
2007-06-07,5500.0,28.5,28.59,28.15,28.15
2007-06-08,0.0,28.5,28.5,28.5,28.5
2007-06-11,800.0,28.5,28.63,28.48,28.48
2007-06-12,4900.0,28.61,28.71,28.5,28.31
2007-06-13,1200.0,28.75,28.75,28.61,28.52
2007-06-14,8300.0,28.29,28.81,28.81,28.13
2007-06-15,2000.0,28.38,28.38,28.25,28.19
2007-06-18,0.0,28.38,28.38,28.38,28.38
2007-06-19,400.0,28.5,28.5,28.24,28.24
2007-06-20,2500.0,28.79,28.84,28.34,28.34
2007-06-21,2600.0,28.78,28.78,28.68,28.66
2007-06-22,4900.0,28.56,28.73,28.52,28.5
2007-06-25,2300.0,28.44,28.58,28.58,28.32
2007-06-26,21600.0,29.78,30.0,28.53,28.47
2007-06-27,8900.0,29.64,29.75,29.18,29.17
2007-06-28,3400.0,29.39,29.51,29.29,29.13
2007-06-29,2500.0,29.82,29.82,29.56,29.55
2007-07-02,2700.0,28.8123,29.64,29.5,28.8123
2007-07-03,500.0,28.8001,28.97,28.95,28.8001
2007-07-05,3800.0,28.42,28.72,28.64,28.34
2007-07-06,800.0,28.66,28.66,28.405,28.405
2007-07-09,1900.0,28.42,28.6501,28.6501,28.42
2007-07-10,5300.0,28.23,28.38,28.26,28.13
2007-07-11,4800.0,28.09,28.24,28.09,27.92
2007-07-12,4300.0,27.8,27.83,27.67,27.62
2007-07-13,8800.0,28.51,28.61,28.18,27.965
2007-07-16,1600.0,28.01,28.49,28.49,28.01
2007-07-17,6000.0,27.87,27.87,27.62,27.5
2007-07-18,29000.0,26.37,26.74,26.61,25.4
2007-07-19,1800.0,26.29,26.52,26.352,26.29
2007-07-20,3000.0,26.68,26.68,26.03,26.03
2007-07-23,700.0,26.69,26.69,26.51,26.51
2007-07-24,22800.0,26.57,26.8999,26.88,26.57
2007-07-25,3400.0,26.11,26.87,26.87,26.11
2007-07-26,8200.0,26.0307,26.41,26.41,25.64
2007-07-27,1600.0,25.61,26.24,26.24,25.6
2007-07-30,7400.0,26.61,26.75,26.14,26.0
2007-07-31,1700.0,26.31,26.85,26.18,26.18
2007-08-01,51900.0,26.53,26.68,26.25,26.21
2007-08-02,8900.0,25.75,26.0201,26.0201,25.66
2007-08-03,5300.0,25.73,26.0,25.94,25.72
2007-08-06,5000.0,25.67,25.67,25.66,25.26
2007-08-07,2800.0,25.82,25.82,25.67,25.4
2007-08-08,7300.0,25.26,26.56,26.05,25.26
2007-08-09,3900.0,24.92,25.79,25.79,24.75
2007-08-10,12200.0,24.35,24.75,24.54,23.99
2007-08-13,24100.0,26.75,27.22,24.41,24.4
2007-08-14,11000.0,25.89,26.65,26.61,25.7
2007-08-15,1000.0,25.63,25.9,25.51,25.51
2007-08-16,6400.0,25.17,25.76,25.76,24.9
2007-08-17,2500.0,25.0,25.39,25.28,24.95
2007-08-20,3300.0,24.9,25.22,24.9,24.9
2007-08-21,6200.0,25.24,25.5,24.89,24.11
2007-08-22,2600.0,26.24,26.24,25.35,25.35
2007-08-23,5900.0,26.67,26.68,25.99,25.99
2007-08-24,9000.0,27.53,27.98,26.78,26.78
2007-08-27,7200.0,26.88,27.74,27.74,26.55
2007-08-28,3900.0,27.05,27.05,26.56,26.04
2007-08-29,300.0,26.7,26.7,26.56,26.56
2007-08-30,4500.0,26.88,26.95,26.5508,26.48
2007-08-31,1300.0,27.38,27.38,26.56,26.56
2007-09-04,9500.0,28.59,29.0,27.49,27.49
2007-09-05,14600.0,27.3,28.09,28.05,27.3
2007-09-06,8700.0,27.98,28.0,27.38,27.3
2007-09-07,3200.0,26.91,27.76,27.63,26.91
2007-09-10,9700.0,26.25,26.9,26.9,26.18
2007-09-11,7600.0,26.25,26.4,26.3501,26.09
2007-09-12,4700.0,26.14,26.29,26.17,26.1
2007-09-13,8900.0,26.25,26.4,26.31,26.19
2007-09-14,2600.0,26.0,26.5,26.0,26.0
2007-09-17,2300.0,26.05,26.14,26.02,26.0
2007-09-18,11900.0,26.25,26.33,26.33,26.05
2007-09-19,1100.0,26.12,26.49,26.17,26.12
2007-09-20,1300.0,26.24,26.24,26.0,25.95
2007-09-21,1600.0,25.88,26.0,26.0,25.52
2007-09-24,2100.0,25.77,25.85,25.57,25.55
2007-09-25,6700.0,26.32,26.5,25.86,25.8
2007-09-26,5900.0,26.56,26.56,26.16,25.76
2007-09-27,3500.0,26.34,26.7,26.5001,26.34
2007-09-28,6900.0,27.0,27.2,26.5399,26.5399
2007-10-01,3400.0,25.83,26.78,26.78,25.83
2007-10-02,4100.0,26.77,26.93,26.0,26.0
2007-10-03,52700.0,25.35,25.99,25.748,25.0
2007-10-04,20800.0,25.72,26.0,25.4,25.03
2007-10-05,8200.0,25.7,25.81,25.61,25.6
2007-10-08,6100.0,25.52,25.72,25.72,25.41
2007-10-09,11500.0,25.26,26.06,25.15,25.15
2007-10-10,17200.0,25.06,25.33,25.05,25.05
2007-10-11,41000.0,23.53,25.2899,25.2899,23.25
2007-10-12,21900.0,23.91,24.25,23.74,23.6
2007-10-15,2600.0,24.29,24.35,24.19,24.19
2007-10-16,6500.0,24.36,24.64,24.01,24.0
2007-10-17,3400.0,23.83,24.48,24.47,23.83
2007-10-18,3200.0,23.64,23.73,23.73,23.51
2007-10-19,4200.0,22.77,23.51,23.51,22.73
2007-10-22,6100.0,22.91,22.91,22.78,22.73
2007-10-23,19300.0,23.14,23.26,23.24,22.8
2007-10-24,2200.0,23.05,23.2499,23.2499,23.05
2007-10-25,8300.0,21.26,22.8,22.8,21.08
2007-10-26,64300.0,21.83,22.0399,22.0,21.52
2007-10-29,4700.0,22.67,22.79,22.16,22.09
2007-10-30,6600.0,23.08,23.6,22.7,22.67
2007-10-31,3300.0,23.63,23.79,23.42,23.41
2007-11-01,11700.0,23.11,23.61,23.61,23.01
2007-11-02,4800.0,21.62,23.02,23.01,21.62
2007-11-05,7400.0,21.62,21.86,21.86,21.45
2007-11-06,3000.0,22.0,22.0,21.8,21.75
2007-11-07,9700.0,20.75,21.99,21.99,20.58
2007-11-08,17500.0,21.48,21.48,21.3799,20.81
2007-11-09,12600.0,21.5,21.85,21.85,21.2
2007-11-12,4900.0,21.54,21.7799,21.2,21.2
2007-11-13,6800.0,21.61,21.91,21.87,21.5
2007-11-14,14200.0,21.5,21.89,21.52,21.48
2007-11-15,4800.0,21.47,22.13,22.13,21.29
2007-11-16,14100.0,21.56,21.95,21.75,21.28
2007-11-19,10700.0,22.5,22.73,21.75,21.7015
2007-11-20,9500.0,22.5,22.5,21.99,21.95
2007-11-21,6300.0,21.93,22.35,22.35,21.29
2007-11-23,6200.0,21.72,22.13,21.73,21.54
2007-11-26,700.0,21.55,22.04,21.7501,21.55
2007-11-27,1700.0,21.44,21.89,21.4001,21.33
2007-11-28,6900.0,21.26,21.58,21.2,21.01
2007-11-29,2100.0,21.1,21.17,21.17,21.0
2007-11-30,29500.0,22.12,22.86,21.31,21.21
2007-12-03,8600.0,22.87,22.87,22.27,22.06
2007-12-04,10300.0,22.6899,23.0,22.58,22.33
2007-12-05,3600.0,22.76,22.8,22.73,22.4696
2007-12-06,11600.0,23.1,23.1,22.75,22.1
2007-12-07,11100.0,23.35,23.35,22.83,22.32
2007-12-10,10200.0,23.34,23.99,23.0,22.63
2007-12-11,5900.0,23.79,23.96,23.26,23.26
2007-12-12,15000.0,24.0,24.17,23.85,23.79
2007-12-13,12300.0,23.91,24.145,24.0,22.99
2007-12-14,21000.0,23.83,23.95,23.91,23.76
2007-12-17,11900.0,22.72,23.78,23.74,22.54
2007-12-18,27200.0,21.9,22.94,22.93,21.56
2007-12-19,17500.0,21.94,22.24,22.09,21.6
2007-12-20,13100.0,22.42,22.45,21.61,21.5
2007-12-21,11700.0,22.25,22.64,22.39,21.75
2007-12-24,11600.0,22.05,22.44,22.12,21.61
2007-12-26,3000.0,21.71,22.16,22.04,21.64
2007-12-27,8400.0,22.02,22.11,21.63,21.5
2007-12-28,5800.0,21.88,22.28,22.07,21.53
2007-12-31,6000.0,22.02,22.18,22.18,21.55
2008-01-02,11700.0,21.22,22.51,22.51,21.05
2008-01-03,7800.0,20.86,22.08,22.08,20.85
2008-01-04,11700.0,21.34,21.91,20.75,20.34
2008-01-07,8300.0,20.88,21.63,21.63,20.73
2008-01-08,6500.0,21.12,21.2,20.71,20.7
2008-01-09,16500.0,19.42,20.76,20.76,18.74
2008-01-10,9300.0,19.19,20.09,19.41,18.09
2008-01-11,12300.0,19.7,19.7,19.2,18.08
2008-01-14,31700.0,19.23,19.9199,19.9199,17.3
2008-01-15,4900.0,19.72,19.72,18.99,18.47
2008-01-16,14700.0,19.33,19.92,19.92,18.42
2008-01-17,2000.0,19.07,19.43,19.26,19.07
2008-01-18,8700.0,20.75,20.75,19.0,18.88
2008-01-22,5700.0,20.0,20.16,20.12,19.76
2008-01-23,18400.0,19.65,20.98,20.98,19.1
2008-01-24,19000.0,19.85,20.27,19.9,19.85
2008-01-25,15200.0,20.2,20.47,20.3,20.02
2008-01-28,8900.0,20.52,20.53,20.47,20.2
2008-01-29,42800.0,20.55,21.0,20.5,20.5
2008-01-30,18100.0,21.0,21.23,20.54,20.51
2008-01-31,13300.0,21.07,21.18,20.93,20.8
2008-02-01,59200.0,21.6,21.654,21.28,21.28
2008-02-04,4100.0,21.59,21.59,21.23,21.23
2008-02-05,5800.0,21.24,21.75,21.49,21.12
2008-02-06,4100.0,21.15,21.37,21.2,21.13
2008-02-07,39000.0,20.91,21.3,21.14,20.91
2008-02-08,3200.0,20.69,20.905,20.9,20.68
2008-02-11,6000.0,20.8,20.92,20.84,20.8
2008-02-12,23300.0,20.85,20.96,20.96,20.8
2008-02-13,17800.0,20.9,20.94,20.9,20.87
2008-02-14,2400.0,20.99,21.04,20.73,20.73
2008-02-15,19600.0,20.99,20.99,20.75,20.71
2008-02-19,29900.0,20.37,20.52,20.51,19.6
2008-02-20,3600.0,20.05,20.195,20.08,19.85
2008-02-21,1200.0,20.0,20.14,20.01,20.0
2008-02-22,16100.0,19.2,20.325,20.0,19.12
2008-02-25,13200.0,19.65,20.35,19.6,19.6
2008-02-26,7400.0,19.4,19.71,19.65,19.4
2008-02-27,14000.0,19.3,19.65,19.65,19.25
2008-02-28,4200.0,19.81,19.81,19.18,19.15
2008-02-29,1100.0,19.46,19.61,19.61,19.46
2008-03-03,2100.0,19.2,19.38,19.37,19.09
2008-03-04,1600.0,19.29,19.29,19.14,19.1
2008-03-05,4500.0,19.55,19.75,19.32,19.32
2008-03-06,2300.0,19.54,19.72,19.55,19.54
2008-03-07,3000.0,19.05,19.54,19.53,18.93
2008-03-10,5100.0,18.25,18.9,18.84,18.25
2008-03-11,3800.0,19.38,19.38,18.84,18.61
2008-03-12,1700.0,19.16,19.25,19.25,19.16
2008-03-13,3700.0,19.2,19.2,18.96,18.72
2008-03-14,3000.0,19.4,19.65,19.25,19.24
2008-03-17,9900.0,18.1,20.0,19.75,17.98
2008-03-18,12900.0,18.5,19.0,18.63,18.0
2008-03-19,8800.0,18.4,19.39,18.94,18.01
2008-03-20,2700.0,19.25,19.29,18.71,18.71
2008-03-24,5500.0,18.81,19.13,19.1,18.5
2008-03-25,17000.0,19.3,19.34,18.52,18.22
2008-03-26,1600.0,19.05,19.19,19.19,19.0
2008-03-27,7300.0,19.0,19.505,19.505,18.7101
2008-03-28,2600.0,18.87,19.01,19.01,18.77
2008-03-31,11000.0,18.35,18.56,18.56,17.55
2008-04-01,3100.0,18.3392,18.48,18.48,17.8101
2008-04-02,16200.0,18.25,18.35,17.922,17.5
2008-04-03,3100.0,17.67,18.24,18.02,17.51
2008-04-04,4600.0,18.49,18.5,17.75,17.75
2008-04-07,3400.0,17.85,18.34,18.34,17.76
2008-04-08,4100.0,17.8,18.447,18.39,17.8
2008-04-09,2200.0,17.88,17.88,17.88,17.49
2008-04-10,3400.0,17.86,17.88,17.56,17.49
2008-04-11,1700.0,17.82,18.38,17.89,17.82
2008-04-14,1000.0,17.76,18.4,18.359,17.76
2008-04-15,6700.0,17.4,18.23,18.23,17.4
2008-04-16,17700.0,17.09,18.12,18.12,16.98
2008-04-17,9500.0,17.28,17.45,17.1,16.97
2008-04-18,4900.0,17.5,17.6,17.6,17.24
2008-04-21,5900.0,17.64,17.82,17.7,17.26
2008-04-22,7900.0,18.12,18.54,17.83,17.83
2008-04-23,43600.0,18.41,18.81,18.05,18.05
2008-04-24,3000.0,18.95,19.67,18.64,18.64
2008-04-25,10400.0,19.35,19.91,19.5,19.35
2008-04-28,17700.0,18.24,19.73,19.63,17.62
2008-04-29,6200.0,18.47,18.58,18.37,18.28
2008-04-30,4100.0,18.69,19.06,18.6,18.6
2008-05-01,12300.0,18.9,18.9,18.75,18.6
2008-05-02,6200.0,18.91,19.0,19.0,18.6
2008-05-05,15500.0,18.57,18.91,18.91,18.06
2008-05-06,35000.0,19.22,19.22,18.7,18.36
2008-05-07,22100.0,17.69,18.96,18.96,17.65
2008-05-08,13200.0,18.39,18.39,17.85,17.73
2008-05-09,16800.0,17.99,18.32,18.32,17.99
2008-05-12,12800.0,18.09,18.57,17.82,17.82
2008-05-13,6000.0,18.38,18.38,18.15,18.1
2008-05-14,4000.0,18.58,18.62,18.39,18.39
2008-05-15,9600.0,18.25,18.78,18.39,18.25
2008-05-16,10100.0,18.25,18.41,18.41,18.25
2008-05-19,19800.0,18.29,18.48,18.41,18.25
2008-05-20,25200.0,18.28,18.57,18.43,18.0
2008-05-21,5300.0,18.35,18.58,18.45,18.248
2008-05-22,80700.0,19.61,20.0,18.18,18.18
2008-05-23,7900.0,19.51,19.5799,19.32,19.19
2008-05-27,12300.0,19.28,19.64,19.52,19.25
2008-05-28,8400.0,19.57,19.78,19.61,19.52
2008-05-29,16600.0,19.3,19.62,19.51,19.3
2008-05-30,6800.0,19.25,19.54,19.3,19.1501
2008-06-02,4600.0,19.5,19.5,19.31,19.1831
2008-06-03,6600.0,19.5,19.5,19.48,19.4
2008-06-04,15000.0,19.5,19.5,19.26,19.25
2008-06-05,6300.0,19.6,19.6,19.27,19.27
2008-06-06,7700.0,19.3,19.6,19.45,19.3
2008-06-09,11500.0,19.37,19.62,19.25,18.36
2008-06-10,3700.0,19.35,19.54,19.26,19.25
2008-06-11,6000.0,19.26,19.61,19.25,19.16
2008-06-12,3600.0,19.22,19.68,19.18,19.18
2008-06-13,7700.0,19.84,19.94,19.5,19.5
2008-06-16,7200.0,19.49,19.65,19.56,19.16
2008-06-17,1900.0,19.72,19.75,19.25,19.25
2008-06-18,3800.0,19.555,19.75,19.75,19.37
2008-06-19,4600.0,19.15,19.35,19.35,19.15
2008-06-20,14500.0,18.52,19.25,18.17,18.17
2008-06-23,12200.0,18.74,18.84,18.62,18.26
2008-06-24,41100.0,16.27,18.69,18.36,15.9
2008-06-25,19100.0,16.27,17.15,16.53,16.2
2008-06-26,2600.0,16.6,16.74,16.35,16.35
2008-06-27,4600.0,16.59,17.42,17.22,16.55
2008-06-30,18300.0,16.01,16.802,16.76,16.01
2008-07-01,9500.0,16.0,16.1,16.02,15.6
2008-07-02,6700.0,15.72,16.1,15.86,15.6
2008-07-03,15400.0,14.3,15.5,15.5,14.27
2008-07-07,14500.0,14.3,15.0,14.58,14.16
2008-07-08,10900.0,14.8,14.92,14.33,14.31
2008-07-09,8200.0,14.89,15.031,14.61,14.52
2008-07-10,4200.0,14.91,14.94,14.51,14.4
2008-07-11,6700.0,14.55,14.56,14.51,14.3
2008-07-14,137200.0,15.18,15.25,14.51,14.41
2008-07-15,6700.0,15.16,15.4,14.8,14.4
2008-07-16,13400.0,14.96,15.38,15.0,14.75
2008-07-17,7700.0,15.37,15.46,15.03,14.83
2008-07-18,19900.0,15.42,16.6,14.98,14.98
2008-07-21,6500.0,15.97,16.01,15.62,15.51
2008-07-22,14600.0,15.648,16.38,16.38,15.5
2008-07-23,24000.0,16.55,17.66,15.94,15.5
2008-07-24,8400.0,15.71,16.84,16.84,15.71
2008-07-25,29000.0,15.54,16.1,16.1,15.5
2008-07-28,6000.0,15.02,15.76,15.71,14.94
2008-07-29,8800.0,14.44,15.68,14.91,14.44
2008-07-30,17600.0,14.55,14.71,14.61,14.55
2008-07-31,10800.0,14.85,14.96,14.46,14.46
2008-08-01,1300.0,14.74,14.98,14.72,14.67
2008-08-04,6500.0,14.65,14.74,14.67,14.55
2008-08-05,4300.0,14.39,14.56,14.55,14.32
2008-08-06,8100.0,15.49,15.49,14.3,14.25
2008-08-07,3500.0,15.2799,15.38,15.27,15.19
2008-08-08,8600.0,14.46,15.5,15.29,14.35
2008-08-11,6800.0,14.32,14.83,14.5,14.32
2008-08-12,2000.0,14.41,14.45,14.4,14.3
2008-08-13,4900.0,14.25,14.68,14.3,14.25
2008-08-14,7200.0,14.36,14.61,14.27,14.27
2008-08-15,9000.0,14.61,14.84,14.25,14.25
2008-08-18,9200.0,14.7101,15.39,14.91,14.7
2008-08-19,10700.0,14.47,15.0399,15.0399,14.25
2008-08-20,4300.0,14.45,14.47,14.4,14.25
2008-08-21,3000.0,14.25,14.3,14.3,14.25
2008-08-22,4600.0,14.25,14.3599,14.3599,14.25
2008-08-25,10500.0,14.56,14.56,14.25,14.05
2008-08-26,6700.0,14.92,15.23,14.55,14.54
2008-08-27,4400.0,15.6,15.75,15.25,15.2
2008-08-28,12000.0,16.89,16.94,15.94,15.91
2008-08-29,5500.0,16.39,16.94,16.94,16.35
2008-09-02,9400.0,15.9,16.76,16.68,15.85
2008-09-03,1300.0,15.86,15.97,15.95,15.85
2008-09-04,1400.0,16.28,16.28,16.0,16.0
2008-09-05,3800.0,15.68,16.1,16.1,15.68
2008-09-08,4600.0,16.17,16.17,16.03,15.732
2008-09-09,2100.0,16.04,16.16,16.06,16.0
2008-09-10,4700.0,16.55,16.93,16.0,16.0
2008-09-11,900.0,16.55,16.55,16.16,16.16
2008-09-12,5700.0,15.5,16.17,16.1501,15.5
2008-09-15,1800.0,15.25,15.36,15.36,15.17
2008-09-16,4500.0,15.06,15.2,14.41,14.41
2008-09-17,5400.0,14.06,15.29,15.28,14.05
2008-09-18,8900.0,13.89,14.54,14.06,13.75
2008-09-19,10400.0,13.92,14.36,13.96,13.11
2008-09-22,4500.0,14.5,15.07,15.07,14.34
2008-09-23,9500.0,14.04,14.3601,14.3601,13.58
2008-09-24,5300.0,13.905,14.39,14.39,13.905
2008-09-25,12500.0,13.85,13.92,13.872,13.78
2008-09-26,7100.0,13.5099,13.7801,13.78,13.13
2008-09-29,9360.0,10.95,13.3,13.3,10.95
2008-09-30,46600.0,11.01,11.34,10.81,10.0
2008-10-01,15900.0,11.0,11.96,11.96,10.61
2008-10-02,18600.0,11.55,11.6,11.6,10.94
2008-10-03,16900.0,12.65,14.5,12.0,11.56
2008-10-06,10300.0,12.0,12.46,12.46,10.95
2008-10-07,5800.0,11.64,12.0,11.999,11.64
2008-10-08,13100.0,10.99,11.93,11.85,10.6
2008-10-09,8900.0,11.36,11.855,11.075,10.7
2008-10-10,3700.0,10.53,11.0,10.999,10.5
2008-10-13,3900.0,10.67,11.25,11.22,10.65
2008-10-14,28200.0,10.39,12.31,11.22,10.39
2008-10-15,3600.0,10.07,10.57,10.39,10.07
2008-10-16,25600.0,10.19,10.5099,10.31,9.95
2008-10-17,17500.0,10.38,10.38,10.26,10.05
2008-10-20,3900.0,11.17,11.19,10.569,10.35
2008-10-21,13900.0,10.35,12.47,12.47,10.0
2008-10-22,8700.0,10.15,12.32,12.32,10.05
2008-10-23,14900.0,9.363,10.356,9.95,9.35
2008-10-24,27400.0,10.0,10.15,9.3,9.3
2008-10-27,5700.0,10.49,11.04,10.78,10.38
2008-10-28,4000.0,9.67,10.7,10.7,9.67
2008-10-29,3000.0,9.975,10.02,10.0,9.75
2008-10-30,3200.0,9.8,9.98,9.98,9.8
2008-10-31,8900.0,10.05,10.198,10.04,9.8
2008-11-03,6800.0,9.9,9.99,9.7801,9.5
2008-11-04,5400.0,10.18,10.18,10.02,9.82
2008-11-05,7100.0,10.52,10.5247,9.96,9.9
2008-11-06,4100.0,10.3807,10.5252,10.5252,10.2
2008-11-07,1800.0,10.2,10.25,10.25,10.2
2008-11-10,14100.0,9.28,10.45,10.2,8.08
2008-11-11,600.0,9.425,9.44,9.4399,9.425
2008-11-12,0.0,9.425,9.425,9.425,9.425
2008-11-13,5200.0,9.73,9.73,9.02,9.0
2008-11-14,2800.0,9.72,9.72,9.0501,9.0501
2008-11-17,700.0,9.72,9.72,9.65,9.65
2008-11-18,8200.0,9.5,9.6,9.5,9.26
2008-11-19,6200.0,9.34,9.35,9.31,9.28
2008-11-20,5600.0,9.01,9.25,9.25,9.01
2008-11-21,3500.0,8.29,9.01,9.01,8.25
2008-11-24,5800.0,8.17,8.29,8.29,7.73
2008-11-25,7300.0,7.15,8.5,7.88,7.15
2008-11-26,19100.0,7.0,8.69,7.15,6.8
2008-11-28,1600.0,7.5,7.5,7.48,7.48
2008-12-01,5300.0,8.3,8.31,7.71,7.27
2008-12-02,7300.0,9.0,9.0,7.564,7.564
2008-12-03,6900.0,7.7,8.87,8.86,7.6
2008-12-04,24500.0,7.51,8.0,7.86,7.02
2008-12-05,8400.0,7.666,7.68,7.25,7.031
2008-12-08,2000.0,7.5,7.63,7.56,7.5
2008-12-09,5900.0,7.8,8.0,7.52,7.5
2008-12-10,8800.0,7.28,8.0,8.0,7.13
2008-12-11,14100.0,7.28,7.4899,7.25,7.0
2008-12-12,57400.0,6.165,7.28,7.28,6.0
2008-12-15,36200.0,6.11,6.78,6.37,6.0
2008-12-16,45500.0,6.52,6.75,6.475,6.35
2008-12-17,26300.0,7.75,7.83,6.75,6.5201
2008-12-18,23500.0,7.36,7.74,7.6,7.31
2008-12-19,31500.0,7.5,7.77,7.5,7.2
2008-12-22,6400.0,7.84,7.91,7.57,7.26
2008-12-23,3900.0,7.59,7.64,7.44,7.31
2008-12-24,500.0,7.47,7.47,7.32,7.31
2008-12-26,900.0,7.45,7.47,7.47,7.3
2008-12-29,100700.0,7.25,7.47,7.31,7.11
2008-12-30,5000.0,7.42,7.42,7.25,7.25
2008-12-31,16900.0,7.73,7.73,7.467,7.25
2009-01-02,14700.0,7.75,7.75,7.746,7.68
2009-01-05,7800.0,8.82,8.82,7.81,7.81
2009-01-06,12800.0,8.86,8.95,8.54,8.51
2009-01-07,6500.0,8.53,8.54,8.24,8.12
2009-01-08,2400.0,8.5499,8.55,8.41,8.402
2009-01-09,6800.0,8.55,8.59,8.51,8.25
2009-01-12,9600.0,8.39,8.622,8.55,8.2101
2009-01-13,4700.0,7.87,8.75,8.7,7.84
2009-01-14,4100.0,7.977,8.005,8.0,7.977
2009-01-15,2700.0,8.0,8.0,7.98,7.976
2009-01-16,2400.0,7.75,7.95,7.95,7.75
2009-01-20,7100.0,7.622,7.96,7.72,7.59
2009-01-21,10700.0,7.91,8.2325,7.96,7.6
2009-01-22,52200.0,7.51,8.09,8.08,7.5
2009-01-23,10900.0,7.4456,7.73,7.73,7.33
2009-01-26,46200.0,7.6999,8.24,7.69,7.55
2009-01-27,3700.0,7.51,7.869,7.85,7.5
2009-01-28,13400.0,7.61,7.6499,7.6499,7.5
2009-01-29,4300.0,7.51,7.76,7.75,7.5
2009-01-30,18700.0,6.87,7.51,7.51,6.87
2009-02-02,5000.0,7.2,7.2,7.0,6.55
2009-02-03,14400.0,6.02,6.98,6.98,6.02
2009-02-04,18700.0,6.12,6.27,6.21,5.9599
2009-02-05,9000.0,6.16,6.5701,6.274,6.15
2009-02-06,7000.0,6.1,6.278,6.21,6.05
2009-02-09,8900.0,6.11,6.38,6.22,6.1
2009-02-10,1900.0,6.125,6.14,6.13,6.1
2009-02-11,45200.0,6.1,6.2,6.2,6.02
2009-02-12,17800.0,6.1,6.25,6.16,6.05
2009-02-13,14300.0,6.07,6.1999,6.0692,6.0
2009-02-17,11300.0,6.04,6.33,6.02,5.97
2009-02-18,2400.0,5.92,6.0,6.0,5.91
2009-02-19,10900.0,5.84,5.84,5.76,5.62
2009-02-20,5700.0,5.59,5.8,5.8,5.33
2009-02-23,15700.0,4.67,5.52,5.52,4.41
2009-02-24,16700.0,4.94,5.14,4.55,4.54
2009-02-25,19800.0,5.06,5.16,5.07,4.99
2009-02-26,65800.0,5.23,5.34,5.1,5.09
2009-02-27,18300.0,5.18,5.31,5.25,5.15
2009-03-02,27900.0,5.15,5.27,5.26,5.0624
2009-03-03,25200.0,5.11,5.15,5.15,4.96
2009-03-04,20200.0,4.78,5.05,4.84,4.59
2009-03-05,23900.0,4.23,5.13,5.12,4.02
2009-03-06,18000.0,4.24,4.75,4.37,4.17
2009-03-09,18500.0,4.05,4.19,4.19,3.76
2009-03-10,10300.0,4.5699,4.85,4.11,4.11
2009-03-11,12600.0,4.69,4.79,4.61,4.4001
2009-03-12,15700.0,5.6,5.84,4.92,4.92
2009-03-13,50600.0,5.26,6.25,5.828,5.26
2009-03-16,7500.0,5.25,5.59,5.41,5.25
2009-03-17,16900.0,5.47,5.47,5.26,5.2
2009-03-18,35400.0,5.6,5.7,5.25,5.25
2009-03-19,9700.0,5.8,5.98,5.7,5.66
2009-03-20,14900.0,5.49,5.75,5.75,5.3804
2009-03-23,15600.0,5.43,5.64,5.64,5.26
2009-03-24,38500.0,5.66,5.73,5.5,5.496
2009-03-25,26500.0,5.9,6.0,5.5,5.5
2009-03-26,20600.0,6.45,6.49,5.9,5.9
2009-03-27,5400.0,6.3,6.55,6.45,6.1301
2009-03-30,8000.0,6.01,6.25,6.25,6.01
2009-03-31,6400.0,6.08,6.55,6.2,6.01
2009-04-01,3300.0,6.3,6.46,6.1,6.1
2009-04-02,13100.0,6.7,6.86,6.39,6.39
2009-04-03,17500.0,7.09,7.1,6.6,6.6
2009-04-06,31700.0,8.0,8.5,7.1001,7.1
2009-04-07,7700.0,7.98,8.13,7.49,7.32
2009-04-08,5000.0,7.9,8.23,7.74,7.64
2009-04-09,8500.0,8.121,8.49,8.25,8.11
2009-04-13,6800.0,8.0,8.23,8.0,8.0
2009-04-14,2700.0,7.95,8.148,8.0025,7.95
2009-04-15,8400.0,8.03,8.14,8.14,8.0
2009-04-16,6400.0,8.15,8.15,8.01,7.9
2009-04-17,6800.0,8.34,8.34,8.15,7.93
2009-04-20,16600.0,9.22,9.2224,8.98,8.5101
2009-04-21,17300.0,9.32,9.82,9.53,9.17
2009-04-22,15600.0,9.625,9.73,9.33,9.33
2009-04-23,35000.0,11.0,11.0,9.66,9.66
2009-04-24,50200.0,12.25,12.59,11.01,11.01
2009-04-27,40600.0,10.19,12.42,12.42,10.12
2009-04-28,15300.0,10.64,10.65,10.1,9.27
2009-04-29,12200.0,10.64,10.7103,10.4,10.1
2009-04-30,11900.0,10.3,10.71,10.71,10.25
2009-05-01,10000.0,10.42,10.56,10.5,10.25
2009-05-04,15100.0,10.52,10.75,10.61,10.23
2009-05-05,10300.0,10.52,10.87,10.49,10.436
2009-05-06,8500.0,10.52,11.0,10.59,10.48
2009-05-07,9500.0,10.91,10.98,10.63,10.514
2009-05-08,6700.0,11.45,11.49,11.0,10.915
2009-05-11,8200.0,11.802,11.9,11.5,11.5
2009-05-12,30800.0,11.82,12.5,11.9,11.77
2009-05-13,9700.0,11.47,11.82,11.82,11.34
2009-05-14,12200.0,11.58,11.91,11.29,11.29
2009-05-15,19800.0,12.08,12.385,11.665,11.665
2009-05-18,47700.0,12.9,13.35,12.38,12.27
2009-05-19,44600.0,13.44,13.94,13.0,11.91
2009-05-20,25000.0,13.8,13.95,13.5,13.45
2009-05-21,24600.0,13.63,13.81,13.8,13.11
2009-05-22,21300.0,13.75,13.8,13.41,13.41
2009-05-26,35300.0,13.36,13.935,13.935,13.27
2009-05-27,56000.0,13.85,13.95,13.4,13.37
2009-05-28,35700.0,14.0,14.0,13.73,13.67
2009-05-29,27500.0,14.15,14.17,14.0,13.75
2009-06-01,19500.0,14.1,14.22,14.08,13.77
2009-06-02,13100.0,14.11,14.25,14.1399,13.73
2009-06-03,13400.0,14.25,14.25,13.96,13.85
2009-06-04,11400.0,14.25,14.25,14.25,13.8401
2009-06-05,10700.0,14.04,14.24,14.24,13.85
2009-06-08,9400.0,14.11,14.2,14.12,13.89
2009-06-09,19300.0,14.2,14.2,14.15,13.8
2009-06-10,15100.0,14.19,14.2,14.18,13.99
2009-06-11,22500.0,14.2,14.22,14.18,14.0
2009-06-12,8400.0,14.2,14.2,14.04,13.97
2009-06-15,11700.0,14.08,14.18,13.95,13.84
2009-06-16,52600.0,14.0,14.18,14.18,13.95
2009-06-17,31300.0,13.76,14.11,14.11,13.55
2009-06-18,45700.0,13.75,13.92,13.36,13.35
2009-06-19,32000.0,13.0,13.92,13.92,12.24
2009-06-22,50900.0,10.7,13.195,13.01,10.7
2009-06-23,40600.0,11.34,12.0,10.73,10.35
2009-06-24,33100.0,11.86,12.43,11.28,11.27
2009-06-25,22400.0,12.48,12.5,11.82,11.82
2009-06-26,1350400.0,13.62,13.71,12.5,12.5
2009-06-29,63800.0,13.44,13.75,13.38,12.75
2009-06-30,44600.0,13.0,13.55,13.5,12.88
2009-07-01,59400.0,13.45,13.71,13.09,12.86
2009-07-02,42100.0,12.62,13.45,13.45,12.33
2009-07-06,73300.0,12.98,13.08,12.61,12.61
2009-07-07,45100.0,12.93,13.08,13.08,12.78
2009-07-08,49200.0,12.48,13.0,13.0,12.46
2009-07-09,39500.0,12.01,12.4,12.4,12.01
2009-07-10,27900.0,12.44,12.5883,12.03,12.0
2009-07-13,44300.0,12.46,12.88,12.49,12.41
2009-07-14,41500.0,12.64,12.75,12.42,12.39
2009-07-15,44300.0,12.7,13.0,12.73,12.7
2009-07-16,33400.0,12.6,12.87,12.6,12.6
2009-07-17,20800.0,12.51,12.725,12.64,12.5
2009-07-20,29700.0,12.68,12.75,12.48,12.48
2009-07-21,70000.0,13.0,13.0,12.89,12.59
2009-07-22,37900.0,13.75,13.75,13.0,13.0
2009-07-23,63000.0,13.99,14.04,13.63,13.47
2009-07-24,36200.0,14.17,14.3,14.0,13.6
2009-07-27,39000.0,14.46,14.64,14.03,14.03
2009-07-28,26300.0,14.59,14.75,14.68,13.97
2009-07-29,10700.0,14.02,14.6,14.6,13.55
2009-07-30,36200.0,15.07,15.11,14.25,14.04
2009-07-31,38000.0,15.23,15.38,14.98,14.5
2009-08-03,24300.0,14.95,15.4256,15.22,14.65
2009-08-04,32900.0,15.42,15.79,14.79,14.79
2009-08-05,40600.0,15.36,15.7,15.68,14.99
2009-08-06,40300.0,15.35,15.73,15.28,15.13
2009-08-07,47800.0,15.47,15.6,15.6,14.87
2009-08-10,17200.0,15.41,15.6,15.26,15.18
2009-08-11,31500.0,15.66,15.7,15.34,14.79
2009-08-12,56300.0,16.42,16.5,15.98,15.68
2009-08-13,29300.0,16.25,16.44,16.43,15.88
2009-08-14,55000.0,16.42,16.83,16.29,16.02
2009-08-17,29200.0,16.42,16.59,16.15,16.03
2009-08-18,38600.0,17.36,17.46,16.47,16.47
2009-08-19,41200.0,17.05,17.41,17.25,16.56
2009-08-20,23000.0,17.15,17.25,17.0,16.79
2009-08-21,54400.0,17.77,18.33,17.15,17.0
2009-08-24,26200.0,17.52,18.11,18.11,17.25
2009-08-25,33700.0,17.92,18.17,17.75,17.16
2009-08-26,18800.0,17.98,18.01,17.74,17.66
2009-08-27,23000.0,17.98,17.99,17.63,17.44
2009-08-28,15600.0,17.55,17.85,17.81,17.436
2009-08-31,23600.0,16.64,17.45,17.45,16.6
2009-09-01,27500.0,17.04,17.48,16.56,16.4
2009-09-02,23200.0,17.0,17.44,17.14,17.0
2009-09-03,18800.0,16.86,17.07,17.07,16.21
2009-09-04,6000.0,16.96,17.06,16.66,16.66
2009-09-08,23600.0,17.19,17.29,16.95,16.72
2009-09-09,26900.0,17.47,17.7,17.14,17.02
2009-09-10,17100.0,17.34,17.55,17.38,17.1
2009-09-11,22800.0,16.6,17.3,17.29,16.54
2009-09-14,31600.0,17.03,17.1,16.52,16.06
2009-09-15,13300.0,16.57,17.29,16.94,16.36
2009-09-16,17500.0,17.28,17.29,16.68,16.21
2009-09-17,26600.0,17.36,17.37,16.91,16.81
2009-09-18,37000.0,16.77,17.34,17.34,16.63
2009-09-21,11300.0,16.95,16.99,16.72,16.4
2009-09-22,23700.0,16.97,17.03,17.03,16.44
2009-09-23,21700.0,16.37,16.93,16.93,16.12
2009-09-24,50600.0,14.61,16.71,16.3,14.32
2009-09-25,26200.0,14.61,15.075,14.55,14.24
2009-09-28,26300.0,14.96,15.19,14.63,14.0663
2009-09-29,10600.0,14.87,14.98,14.71,14.69
2009-09-30,19700.0,14.91,14.99,14.68,14.65
2009-10-01,18700.0,14.95,14.98,14.98,14.79
2009-10-02,51200.0,15.14,15.15,14.87,14.76
2009-10-05,25200.0,15.88,15.9699,15.11,14.911
2009-10-06,44600.0,17.0,17.1,15.99,15.7
2009-10-07,61000.0,17.27,17.46,16.74,16.6
2009-10-08,38000.0,17.22,17.55,17.31,17.17
2009-10-09,18300.0,17.28,17.42,17.18,17.1
2009-10-12,10900.0,17.2,17.45,17.29,17.1456
2009-10-13,13200.0,17.5,17.5,17.38,17.2
2009-10-14,46000.0,17.63,17.75,17.5,17.21
2009-10-15,120500.0,18.93,18.93,17.54,17.25
2009-10-16,59400.0,18.54,18.81,18.77,18.33
2009-10-19,28300.0,17.95,18.66,18.66,17.5801
2009-10-20,40600.0,16.82,18.02,18.0,16.34
2009-10-21,40800.0,15.25,16.72,16.71,14.94
2009-10-22,36900.0,14.88,15.24,15.24,14.59
2009-10-23,38900.0,14.63,14.95,14.92,14.5
2009-10-26,32500.0,14.57,14.73,14.56,14.53
2009-10-27,15500.0,14.24,14.81,14.54,14.22
2009-10-28,24700.0,14.1,14.279,14.19,14.0
2009-10-29,84500.0,14.07,14.51,14.07,13.81
2009-10-30,29300.0,14.42,14.85,13.96,13.96
2009-11-02,29500.0,14.51,14.79,14.41,14.29
2009-11-03,24600.0,14.5,15.09,14.33,14.33
2009-11-04,37600.0,14.11,14.65,14.46,14.08
2009-11-05,26100.0,14.27,14.31,14.12,14.04
2009-11-06,31900.0,14.07,14.47,14.2,14.04
2009-11-09,19800.0,14.34,14.41,14.17,14.06
2009-11-10,22200.0,14.28,14.72,14.35,14.15
2009-11-11,19300.0,13.82,14.48,14.48,13.78
2009-11-12,51700.0,12.0,13.85,13.85,11.815
2009-11-13,26900.0,12.63,13.07,12.1,12.1
2009-11-16,42200.0,13.09,13.23,12.71,12.494
2009-11-17,8400.0,12.91,12.98,12.85,12.77
2009-11-18,4600.0,12.87,12.98,12.98,12.69
2009-11-19,29200.0,12.32,13.1,12.77,11.86
2009-11-20,14300.0,12.14,12.27,12.25,11.81
2009-11-23,10100.0,12.57,12.704,12.16,12.16
2009-11-24,25500.0,12.35,12.61,12.58,11.72
2009-11-25,16100.0,11.93,12.5,12.36,11.78
2009-11-27,13700.0,11.17,11.84,11.84,11.17
2009-11-30,27600.0,10.86,11.17,11.17,10.44
2009-12-01,21400.0,10.65,10.8,10.75,10.46
2009-12-02,13900.0,10.98,11.3,10.82,10.73
2009-12-03,9900.0,10.8,11.28,11.0,10.73
2009-12-04,10900.0,10.99,11.24,11.11,10.74
2009-12-07,32700.0,11.08,11.4,10.99,10.78
2009-12-08,18200.0,10.89,11.02,11.02,10.72
2009-12-09,13800.0,11.5,11.63,10.79,10.79
2009-12-10,27400.0,11.07,11.57,11.55,11.07
2009-12-11,10900.0,10.96,11.22,11.15,10.85
2009-12-14,9500.0,10.98,11.15,10.84,10.7901
2009-12-15,16800.0,10.76,11.0,10.99,10.76
2009-12-16,21200.0,10.5,10.91,10.76,10.46
2009-12-17,23300.0,10.23,10.85,10.47,10.23
2009-12-18,64000.0,10.51,10.71,10.32,10.0625
2009-12-21,23400.0,11.32,11.59,10.58,10.545
2009-12-22,23600.0,11.52,11.66,11.26,11.19
2009-12-23,15500.0,11.25,11.66,11.51,11.21
2009-12-24,2600.0,10.99,11.18,11.18,10.78
2009-12-28,7500.0,11.24,11.24,11.0,10.9
2009-12-29,9400.0,11.24,11.43,11.23,11.15
2009-12-30,13600.0,11.35,11.35,11.2,10.95
2009-12-31,12900.0,11.29,11.6,11.38,11.15
2010-01-04,12500.0,11.72,11.78,11.44,11.22
2010-01-05,21400.0,11.52,11.61,11.18,11.18
2010-01-06,5906.0,11.47,11.65,11.35,11.35
2010-01-07,3773.0,11.44,11.5,11.35,11.35
2010-01-08,20800.0,11.55,11.73,11.55,11.45
2010-01-11,20200.0,11.46,11.54,11.54,11.21
2010-01-12,19500.0,11.51,11.7,11.34,11.17
2010-01-13,11700.0,11.64,11.76,11.58,11.47
2010-01-14,10100.0,11.69,11.925,11.66,11.5
2010-01-15,33100.0,10.79,11.9,11.75,10.6
2010-01-19,22900.0,10.71,10.77,10.56,10.01
2010-01-20,43400.0,10.16,10.85,10.6,9.69
2010-01-21,37000.0,10.3,10.45,10.29,10.21
2010-01-22,26800.0,10.42,10.69,10.3,10.23
2010-01-25,16400.0,10.42,10.49,10.46,10.25
2010-01-26,18000.0,10.46,10.85,10.41,10.37
2010-01-27,13100.0,10.74,10.78,10.43,10.4
2010-01-28,27000.0,10.54,10.84,10.79,10.24
2010-01-29,40300.0,10.56,10.7,10.6,10.39
2010-02-01,19100.0,10.59,10.59,10.59,10.3115
2010-02-02,62800.0,10.59,10.6,10.5,10.0
2010-02-03,11400.0,10.32,10.55,10.51,10.19
2010-02-04,34800.0,9.82,10.3199,10.26,9.68
2010-02-05,34100.0,9.67,9.81,9.81,9.2
2010-02-08,20400.0,9.65,9.71,9.71,9.44
2010-02-09,12700.0,9.64,9.67,9.6,9.31
2010-02-10,7400.0,9.53,9.59,9.58,9.36
2010-02-11,24200.0,9.76,9.76,9.48,9.4
2010-02-12,16100.0,9.86,10.0,9.65,9.54
2010-02-16,11900.0,9.96,9.96,9.93,9.7
2010-02-17,19800.0,10.27,10.32,9.96,9.91
2010-02-18,5100.0,10.27,10.27,10.23,10.07
2010-02-19,11100.0,10.14,10.28,10.26,10.0
2010-02-22,12300.0,10.16,10.18,10.16,9.91
2010-02-23,18900.0,9.77,10.14,10.1,9.77
2010-02-24,13300.0,10.01,10.01,9.72,9.61
2010-02-25,7800.0,10.01,10.01,9.81,9.71
2010-02-26,6400.0,9.84,10.05,10.01,9.84
2010-03-01,20900.0,9.76,9.95,9.91,9.7
2010-03-02,122100.0,9.77,9.97,9.83,9.59
2010-03-03,14000.0,9.88,9.94,9.79,9.73
2010-03-04,4100.0,10.0,10.0,9.9,9.88
2010-03-05,20300.0,10.09,10.19,10.01,9.8
2010-03-08,13200.0,10.2,10.2,10.05,10.05
2010-03-09,13500.0,10.6,10.68,10.16,10.15
2010-03-10,10600.0,10.51,10.575,10.56,10.405
2010-03-11,11300.0,10.35,10.43,10.43,10.27
2010-03-12,13000.0,10.46,10.5,10.31,10.3
2010-03-15,16000.0,10.41,10.5,10.42,10.41
2010-03-16,12200.0,10.83,10.84,10.4,10.4
2010-03-17,5300.0,10.93,10.97,10.83,10.68
2010-03-18,6000.0,10.8,10.892,10.84,10.78
2010-03-19,59400.0,11.06,11.19,10.88,10.13
2010-03-22,44300.0,12.16,12.33,10.97,10.97
2010-03-23,19500.0,11.78,12.17,12.17,11.52
2010-03-24,17200.0,11.49,11.79,11.67,11.18
2010-03-25,4100.0,11.11,11.58,11.58,11.11
2010-03-26,5000.0,10.82,11.19,11.19,10.77
2010-03-29,21900.0,10.61,10.92,10.84,10.32
2010-03-30,5200.0,10.59,10.7,10.602,10.36
2010-03-31,33000.0,10.12,10.59,10.5,10.12
2010-04-01,12000.0,10.46,10.46,10.26,10.26
2010-04-05,12800.0,10.82,10.83,10.32,10.32
2010-04-06,20000.0,10.47,10.71,10.71,10.29
2010-04-07,11900.0,10.56,10.82,10.42,10.42
2010-04-08,12300.0,10.31,10.56,10.54,10.31
2010-04-09,25000.0,10.62,10.96,10.31,10.27
2010-04-12,11500.0,10.38,10.8,10.64,10.2953
2010-04-13,21900.0,10.41,10.43,10.33,10.26
2010-04-14,19000.0,10.9,10.9,10.51,10.51
2010-04-15,28400.0,11.34,11.62,10.9,10.9
2010-04-16,37900.0,11.9,11.96,11.35,11.35
2010-04-19,49500.0,12.52,12.67,11.83,11.83
2010-04-20,36200.0,12.9,12.9,12.49,12.08
2010-04-21,30100.0,13.52,13.79,12.73,12.73
2010-04-22,81900.0,13.88,13.89,13.51,13.5
2010-04-23,28100.0,14.23,14.29,13.8,13.7
2010-04-26,30800.0,14.04,14.85,14.29,13.8
2010-04-27,21000.0,13.89,14.06,13.96,13.65
2010-04-28,16300.0,13.71,14.14,13.6,13.6
2010-04-29,29200.0,13.98,13.99,13.82,13.5
2010-04-30,36800.0,13.5,13.98,13.98,13.45
2010-05-03,23000.0,13.66,13.73,13.6,13.42
2010-05-04,36900.0,13.18,13.48,13.48,12.82
2010-05-05,45700.0,12.9,13.14,13.1,12.55
2010-05-06,34200.0,12.01,13.0,12.64,12.0
2010-05-07,43100.0,12.14,12.99,12.04,11.99
2010-05-10,32500.0,12.5,12.79,12.7,12.3
2010-05-11,48700.0,12.5,12.66,12.55,12.06
2010-05-12,28400.0,12.56,12.63,12.54,12.27
2010-05-13,32000.0,12.43,12.505,12.47,12.3
2010-05-14,20700.0,12.64,12.88,12.37,12.2
2010-05-17,14700.0,12.5,12.67,12.66,12.335
2010-05-18,26200.0,12.71,12.96,12.69,12.5
2010-05-19,14400.0,12.55,13.02,12.71,12.44
2010-05-20,20900.0,12.05,12.69,12.3,12.05
2010-05-21,30600.0,12.07,12.26,12.01,11.73
2010-05-24,27700.0,11.63,12.065,12.006,11.44
2010-05-25,15000.0,11.41,11.53,11.51,11.05
2010-05-26,14900.0,11.15,12.18,11.29,11.15
2010-05-27,14100.0,11.53,11.58,11.45,11.0
2010-05-28,20500.0,10.83,11.46,11.46,10.78
2010-06-01,13100.0,10.55,10.9,10.79,10.54
2010-06-02,44800.0,11.69,11.8,10.66,10.55
2010-06-03,19100.0,11.46,12.2,11.64,11.28
2010-06-04,24300.0,10.97,11.45,11.13,10.91
2010-06-07,19700.0,10.52,11.17,10.98,10.5
2010-06-08,16600.0,10.22,10.63,10.51,10.01
2010-06-09,16900.0,10.08,10.41,10.35,9.98
2010-06-10,25400.0,10.27,10.55,10.14,10.04
2010-06-11,22900.0,10.44,11.25,10.72,10.15
2010-06-14,16100.0,11.24,11.41,10.55,10.51
2010-06-15,20000.0,11.74,11.82,11.39,11.1
2010-06-16,19300.0,11.63,11.77,11.66,11.36
2010-06-17,9900.0,11.64,11.97,11.72,11.53
2010-06-18,104300.0,10.91,11.73,11.73,10.37
2010-06-21,46100.0,10.2,11.09,11.07,10.04
2010-06-22,22800.0,10.14,10.62,10.29,10.04
2010-06-23,15200.0,10.13,10.36,10.18,10.13
2010-06-24,39400.0,9.51,10.32,10.03,9.45
2010-06-25,1138200.0,9.8,10.96,9.64,9.61
2010-06-28,64100.0,9.17,10.17,9.79,9.13
2010-06-29,48400.0,8.89,9.25,9.25,8.53
2010-06-30,33600.0,8.94,9.33,8.77,8.67
2010-07-01,27400.0,8.98,9.03,8.87,8.55
2010-07-02,28900.0,8.64,9.075,9.04,8.6
2010-07-06,51600.0,8.83,8.936,8.75,8.55
2010-07-07,22000.0,8.7,8.98,8.76,8.64
2010-07-08,21600.0,9.17,9.28,8.8,8.67
2010-07-09,19400.0,9.42,9.66,9.45,9.01
2010-07-12,39100.0,9.0,9.34,9.34,8.66
2010-07-13,45800.0,9.44,9.44,9.0301,9.0301
2010-07-14,17100.0,9.57,9.73,9.73,9.44
2010-07-15,15500.0,9.23,9.24,8.89,8.86
2010-07-16,28400.0,9.32,9.4,9.23,9.15
2010-07-19,26100.0,9.73,9.82,8.76,8.74
2010-07-20,12800.0,9.72,9.98,9.24,9.24
2010-07-21,10400.0,9.47,9.949,9.72,9.42
2010-07-22,12000.0,9.38,9.49,9.2,9.12
2010-07-23,12300.0,9.71,9.76,9.12,9.12
2010-07-26,11600.0,9.7001,9.85,9.83,9.68
2010-07-27,23900.0,9.72,9.9399,9.886,9.72
2010-07-28,14400.0,10.33,10.535,9.95,9.95
2010-07-29,16400.0,10.35,10.61,10.49,10.29
2010-07-30,10100.0,9.98,10.12,10.1,9.98
2010-08-02,25000.0,9.99,10.63,10.1,9.92
2010-08-03,20200.0,9.89,10.15,10.02,9.78
2010-08-04,8400.0,10.11,10.26,10.26,10.02
2010-08-05,13200.0,9.96,10.46,9.96,9.79
2010-08-06,19400.0,9.96,10.41,9.96,9.81
2010-08-09,5300.0,9.98,10.0601,10.0,9.84
2010-08-10,24700.0,9.87,10.1601,9.8299,9.79
2010-08-11,12200.0,9.92,10.09,9.75,9.75
2010-08-12,12700.0,10.1,10.18,9.99,9.79
2010-08-13,7700.0,10.15,10.48,10.4,10.07
2010-08-16,1700.0,9.8,9.88,9.88,9.799
2010-08-17,43200.0,10.06,10.25,9.79,9.79
2010-08-18,13400.0,10.09,10.2,10.17,9.75
2010-08-19,8600.0,10.17,10.2,9.86,9.78
2010-08-20,3000.0,10.12,10.27,10.119,10.0
2010-08-23,15400.0,9.68,10.13,10.13,9.67
2010-08-24,14500.0,9.15,9.63,9.58,9.15
2010-08-25,10100.0,8.93,9.48,9.48,8.93
2010-08-26,15800.0,8.9,9.16,9.0,8.84
2010-08-27,18800.0,8.955,9.08,9.0,8.76
2010-08-30,21800.0,9.07,9.36,9.0,8.915
2010-08-31,11500.0,9.15,9.21,9.11,8.91
2010-09-01,11700.0,9.31,9.44,9.14,8.92
2010-09-02,20800.0,9.5,9.98,9.5,9.362
2010-09-03,9100.0,9.98,9.98,9.64,9.5
2010-09-07,16700.0,9.75,9.83,9.56,9.56
2010-09-08,11900.0,10.0,10.21,9.6,9.6
2010-09-09,3400.0,10.0,10.19,10.07,9.82
2010-09-10,7300.0,10.0,10.07,9.64,9.62
2010-09-13,7100.0,10.0,10.08,10.0,9.89
2010-09-14,2300.0,10.05,10.08,10.0001,10.0
2010-09-15,28600.0,9.8,10.01,9.94,9.8
2010-09-16,11600.0,9.85,9.92,9.77,9.77
2010-09-17,39100.0,9.9,10.15,10.0,9.828
2010-09-20,5100.0,10.005,10.01,9.92,9.83
2010-09-21,7400.0,10.01,10.17,9.93,9.9
2010-09-22,400.0,9.92,10.06,10.06,9.92
2010-09-23,8400.0,9.84,10.25,10.25,9.64
2010-09-24,8100.0,9.93,10.0,9.86,9.81
2010-09-27,13000.0,9.91,10.02,9.85,9.71
2010-09-28,10900.0,10.07,10.25,10.0,9.89
2010-09-29,15023.0,10.0,10.1,10.1,10.0
2010-09-30,2583.0,10.08,10.1,10.05,10.0
2010-10-01,8400.0,10.07,10.09,9.96,9.94
2010-10-04,18700.0,10.2,10.32,10.01,9.98
2010-10-05,10500.0,10.5,10.52,10.038,10.0
2010-10-06,14400.0,10.58,10.75,10.4,10.3301
2010-10-07,12700.0,10.03,10.42,10.42,10.03
2010-10-08,9800.0,10.37,10.37,10.36,10.05
2010-10-11,2600.0,9.99,10.31,10.25,9.99
2010-10-12,3200.0,10.0,10.13,10.13,10.0
2010-10-13,5600.0,10.05,10.3,9.99,9.98
2010-10-14,16300.0,10.21,10.55,10.25,10.2
2010-10-15,3900.0,10.09,10.1501,10.15,10.03
2010-10-18,5800.0,10.37,10.37,10.08,9.98
2010-10-19,15200.0,10.47,10.47,10.0101,10.01
2010-10-20,6900.0,10.6,10.6,10.469,10.395
2010-10-21,18100.0,10.5,10.65,10.65,10.35
2010-10-22,49900.0,10.89,11.02,10.5,10.5
2010-10-25,21200.0,10.9,10.9,10.81,10.4
2010-10-26,17600.0,11.45,11.49,10.94,10.09
2010-10-27,21900.0,11.62,11.69,11.44,11.365
2010-10-28,6200.0,11.01,11.74,11.63,11.0
2010-10-29,4700.0,11.05,11.25,11.0,10.96
2010-11-01,33100.0,11.13,11.49,11.4,11.09
2010-11-02,7700.0,11.3,11.35,11.25,11.05
2010-11-03,7500.0,11.47,11.48,11.2,11.2
2010-11-04,3300.0,11.33,11.5,11.5,11.33
2010-11-05,28600.0,11.78,11.78,11.39,11.39
2010-11-08,5100.0,11.88,11.92,11.71,11.7
2010-11-09,3200.0,11.99,11.99,11.8801,11.8
2010-11-10,3900.0,11.75,11.96,11.96,11.75
2010-11-11,9600.0,11.5,11.85,11.74,11.5
2010-11-12,7600.0,11.73,11.96,11.5,11.5
2010-11-15,2300.0,11.85,11.96,11.96,11.75
2010-11-16,10500.0,11.92,11.92,11.85,11.65
2010-11-17,10600.0,11.57,11.92,11.9,11.5
2010-11-18,9700.0,11.62,11.75,11.57,11.39
2010-11-19,10900.0,11.56,11.6,11.58,11.41
2010-11-22,6400.0,11.74,11.91,11.7801,11.351
2010-11-23,8500.0,11.72,11.92,11.72,11.5601
2010-11-24,9700.0,11.96,12.25,11.72,11.6835
2010-11-26,11300.0,12.04,12.18,12.0,11.96
2010-11-29,13400.0,11.82,12.1,12.0,11.62
2010-11-30,5800.0,11.83,12.0,11.97,11.83
2010-12-01,7600.0,11.77,11.93,11.93,11.68
2010-12-02,5200.0,11.77,11.93,11.76,11.67
2010-12-03,5800.0,11.65,11.86,11.86,11.6
2010-12-06,17900.0,11.64,12.0,11.74,11.39
2010-12-07,16100.0,11.54,11.89,11.88,11.44
2010-12-08,15100.0,11.49,11.63,11.38,11.3
2010-12-09,2900.0,11.39,11.69,11.69,11.31
2010-12-10,3900.0,11.19,11.57,11.57,11.19
2010-12-13,8000.0,10.96,11.34,11.32,10.95
2010-12-14,5400.0,10.94,10.99,10.95,10.8
2010-12-15,12000.0,11.16,11.21,11.21,11.0
2010-12-16,4200.0,11.11,11.24,11.16,10.79
2010-12-17,4400.0,10.86,11.1,11.06,10.79
2010-12-20,1600.0,10.98,11.06,10.97,10.93
2010-12-21,2700.0,11.22,11.25,10.9701,10.9701
2010-12-22,25300.0,11.67,11.67,11.29,11.29
2010-12-23,3900.0,11.79,11.8,11.56,11.47
2010-12-27,12900.0,12.15,12.16,11.63,11.63
2010-12-28,7300.0,12.25,12.28,12.06,11.95
2010-12-29,13100.0,12.25,12.32,12.11,12.11
2010-12-30,6700.0,12.09,12.32,12.32,12.05
2010-12-31,5300.0,11.9,12.1001,11.99,11.9
2011-01-03,6600.0,11.97,12.32,12.05,11.95
2011-01-04,10800.0,12.33,12.33,12.09,11.89
2011-01-05,13500.0,12.3,12.49,12.29,12.16
2011-01-06,25000.0,12.69,12.925,12.37,12.28
2011-01-07,5700.0,12.56,12.67,12.67,12.15
2011-01-10,4700.0,12.66,12.68,12.53,12.4
2011-01-11,6900.0,12.85,12.85,12.66,12.61
2011-01-12,13200.0,13.017,13.11,12.9,12.8
2011-01-13,7000.0,13.19,13.19,12.99,12.93
2011-01-14,7000.0,13.12,13.16,12.94,12.84
2011-01-18,39200.0,12.79,13.2,13.2,11.93
2011-01-19,11300.0,12.67,12.75,12.44,12.23
2011-01-20,7300.0,12.68,12.71,12.55,12.3601
2011-01-21,3400.0,12.7,12.84,12.56,12.56
2011-01-24,7500.0,12.86,13.0,12.8,12.68
2011-01-25,14800.0,13.24,13.37,12.92,12.92
2011-01-26,7800.0,12.95,13.24,13.13,12.95
2011-01-27,40000.0,13.16,13.24,12.72,12.72
2011-01-28,11600.0,13.0,13.05,13.05,12.9
2011-01-31,6200.0,13.17,13.2,12.99,12.7736
2011-02-01,4700.0,13.06,13.16,13.07,13.0
2011-02-02,7600.0,13.1699,13.21,13.21,13.1
2011-02-03,10800.0,13.0,13.16,13.03,13.0
2011-02-04,11500.0,12.95,12.99,12.99,12.8
2011-02-07,8600.0,13.1,13.1,12.91,12.85
2011-02-08,1500.0,13.17,13.17,13.09,12.96
2011-02-09,4600.0,13.05,13.2,13.15,13.0
2011-02-10,3700.0,13.007,13.12,13.03,12.96
2011-02-11,4600.0,13.12,13.18,13.04,12.97
2011-02-14,25400.0,13.8,14.15,13.19,13.15
2011-02-15,21500.0,14.43,14.64,13.89,13.7
2011-02-16,1000.0,14.41,14.6,14.6,14.3
2011-02-17,9900.0,13.97,14.49,14.49,13.84
2011-02-18,5400.0,14.09,14.2,13.53,13.5001
2011-02-22,5800.0,14.07,14.145,14.0,13.78
2011-02-23,6800.0,14.07,14.13,13.92,13.9167
2011-02-24,2400.0,14.31,14.33,14.13,14.05
2011-02-25,7700.0,14.2,14.42,14.26,14.15
2011-02-28,12600.0,14.0,14.2,14.0,14.0
2011-03-01,14200.0,14.0,14.07,14.0,14.0
2011-03-02,16586.0,14.0,14.06,14.0,14.0
2011-03-03,2217.0,14.05,14.14,13.99,13.99
2011-03-04,2100.0,14.0,14.12,14.06,14.0
2011-03-07,10400.0,14.0,14.24,14.2,14.0
2011-03-08,2600.0,14.0,14.15,14.13,14.0
2011-03-09,2000.0,14.0,14.05,14.05,14.0
2011-03-10,17600.0,14.08,14.19,14.0,13.97
2011-03-11,3900.0,14.01,14.18,14.16,14.0
2011-03-14,2600.0,14.0,14.12,14.12,14.0
2011-03-15,2500.0,14.0,14.09,14.0,14.0
2011-03-16,3000.0,14.0,14.02,14.0,14.0
2011-03-17,4700.0,14.01,14.11,14.0248,14.0
2011-03-18,31800.0,14.14,14.15,14.05,14.01
2011-03-21,5800.0,14.07,14.15,14.15,14.05
2011-03-22,2800.0,14.07,14.14,14.14,14.01
2011-03-23,3300.0,14.06,14.1,14.09,13.96
2011-03-24,65700.0,14.2,14.48,13.86,13.86
2011-03-25,54200.0,14.13,14.38,14.38,14.13
2011-03-28,51300.0,14.0,14.22,14.1,13.95
2011-03-29,65700.0,13.98,14.06,14.0,13.91
2011-03-30,52700.0,14.1499,14.1499,14.0,13.98
2011-03-31,5000.0,14.34,14.39,14.1,14.1
2011-04-01,28400.0,14.45,14.69,14.35,14.25
2011-04-04,14200.0,14.34,14.53,14.45,14.26
2011-04-05,6200.0,14.29,14.355,14.24,14.24
2011-04-06,15700.0,14.37,14.42,14.27,14.2
2011-04-07,6700.0,14.32,14.51,14.395,14.3
2011-04-08,11400.0,14.105,14.54,14.26,14.07
2011-04-11,9000.0,14.1,14.16,14.03,14.0
2011-04-12,12300.0,13.98,14.16,14.02,13.97
2011-04-13,17300.0,14.04,14.51,14.01,13.95
2011-04-14,10100.0,14.05,14.1,14.1,13.95
2011-04-15,16100.0,14.0,14.04,13.99,13.94
2011-04-18,9300.0,13.96,13.96,13.91,13.91
2011-04-19,5500.0,14.0,14.0,14.0,13.95
2011-04-20,11400.0,13.97,14.0,14.0,13.95
2011-04-21,14100.0,13.88,14.0,14.0,13.78
2011-04-25,6300.0,13.61,13.88,13.82,13.6
2011-04-26,46100.0,13.55,13.99,13.6,13.22
2011-04-27,60000.0,13.96,13.97,13.69,13.46
2011-04-28,6600.0,13.9,14.0,13.94,13.82
2011-04-29,7200.0,13.64,14.0,13.79,13.64
2011-05-02,6000.0,13.73,13.76,13.65,13.6
2011-05-03,12000.0,14.0,14.0,13.93,13.81
2011-05-04,17700.0,13.8,14.0,13.94,13.45
2011-05-05,7000.0,13.98,14.0,13.76,13.76
2011-05-06,8900.0,13.95,14.0,13.91,13.75
2011-05-09,17000.0,14.3,14.49,13.97,13.85
2011-05-10,14200.0,14.49,14.49,14.1901,14.1901
2011-05-11,17900.0,14.44,14.5,13.8101,13.8101
2011-05-12,31600.0,14.99,15.0,14.45,14.35
2011-05-13,5300.0,14.75,14.75,14.5,14.24
2011-05-16,7500.0,14.67,14.83,14.55,14.55
2011-05-17,14000.0,14.8,14.84,14.71,14.46
2011-05-18,11400.0,14.75,14.8,14.6012,14.6012
2011-05-19,13100.0,14.85,14.96,14.44,14.42
2011-05-20,11200.0,14.02,14.7274,14.69,13.95
2011-05-23,10000.0,14.07,14.28,13.91,13.82
2011-05-24,12200.0,14.54,14.55,13.9201,13.9201
2011-05-25,4900.0,14.5,14.54,14.53,14.37
2011-05-26,6300.0,14.43,14.5,13.88,13.84
2011-05-27,3600.0,14.5,14.5,14.37,14.37
2011-05-31,26900.0,14.27,14.85,14.57,14.21
2011-06-01,5600.0,13.99,14.32,14.19,13.96
2011-06-02,10000.0,14.12,14.25,14.25,14.0
2011-06-03,4400.0,14.21,14.48,14.1,14.05
2011-06-06,130400.0,14.25,14.85,14.45,14.21
2011-06-07,12300.0,14.24,14.39,14.39,14.05
2011-06-08,12000.0,14.0,14.3,14.19,13.95
2011-06-09,13400.0,14.25,14.46,14.07,14.07
2011-06-10,28000.0,14.35,14.74,14.28,14.21
2011-06-13,29800.0,13.95,14.5,14.46,13.88
2011-06-14,17400.0,14.25,14.32,14.23,14.0
2011-06-15,24300.0,14.25,14.25,14.14,14.06
2011-06-16,44800.0,14.23,14.35,14.25,14.15
2011-06-17,20500.0,14.25,14.33,14.3,13.83
2011-06-20,19200.0,14.29,14.35,14.16,14.07
2011-06-21,14700.0,14.61,14.72,14.33,14.18
2011-06-22,21900.0,14.4,14.85,14.62,14.26
2011-06-23,45400.0,14.48,14.73,14.26,13.94
2011-06-24,1288700.0,14.31,14.83,14.55,14.05
2011-06-27,39300.0,14.72,14.84,14.35,14.29
2011-06-28,56600.0,14.74,14.81,14.62,14.6
2011-06-29,12500.0,14.66,14.71,14.7,14.59
2011-06-30,32000.0,14.69,14.74,14.7,14.61
2011-07-01,42800.0,14.7,14.9,14.69,14.63
2011-07-05,38800.0,14.98,15.09,14.76,14.725
2011-07-06,25800.0,14.91,15.41,15.02,14.79
2011-07-07,32100.0,15.0,15.29,15.0,14.82
2011-07-08,11900.0,14.99,15.11,14.92,14.78
2011-07-11,16300.0,14.93,15.2,14.91,14.84
2011-07-12,13200.0,15.11,15.23,14.99,14.92
2011-07-13,12100.0,15.31,15.47,15.2,15.01
2011-07-14,29200.0,14.11,15.36,15.16,14.07
2011-07-15,22700.0,14.15,14.21,14.2,14.0
2011-07-18,17300.0,13.96,14.16,14.15,13.93
2011-07-19,19800.0,14.67,14.72,14.0,13.8321
2011-07-20,9900.0,14.24,14.69,14.69,14.04
2011-07-21,20900.0,14.9,14.94,14.23,14.23
2011-07-22,36600.0,14.59,14.99,14.83,14.52
2011-07-25,19500.0,13.61,14.46,14.46,13.53
2011-07-26,30200.0,14.82,14.85,13.75,13.75
2011-07-27,26100.0,14.46,14.86,14.72,14.37
2011-07-28,19300.0,15.02,15.02,14.5,14.31
2011-07-29,32300.0,14.66,15.51,14.92,14.35
2011-08-01,32600.0,14.63,15.27,14.66,13.96
2011-08-02,17900.0,14.48,15.11,14.78,14.48
2011-08-03,21100.0,14.9,15.0,14.57,14.57
2011-08-04,35000.0,14.45,14.9,14.75,14.41
2011-08-05,24500.0,14.33,14.59,14.54,13.7
2011-08-08,35200.0,13.67,14.98,14.15,13.67
2011-08-09,31100.0,14.04,14.49,13.89,13.44
2011-08-10,24000.0,13.26,14.08,14.05,13.08
2011-08-11,37100.0,13.55,13.83,13.5,13.13
2011-08-12,16500.0,13.29,13.72,13.64,13.195
2011-08-15,14700.0,13.35,13.51,13.32,13.0
2011-08-16,18900.0,12.86,13.4,13.28,12.6
2011-08-17,11000.0,13.31,13.34,12.81,12.6501
2011-08-18,34800.0,13.0,13.34,13.05,12.79
2011-08-19,21700.0,13.02,13.4,12.87,12.87
2011-08-22,23400.0,13.04,13.29,13.29,12.93
2011-08-23,31300.0,13.82,13.82,13.04,13.04
2011-08-24,17000.0,14.38,14.51,13.82,13.72
2011-08-25,35300.0,13.53,14.6,14.25,13.52
2011-08-26,14200.0,13.69,14.0,13.56,13.56
2011-08-29,18200.0,13.82,14.14,13.76,13.72
2011-08-30,8200.0,13.79,13.85,13.79,13.54
2011-08-31,24500.0,13.62,14.05,13.81,13.59
2011-09-01,14900.0,13.22,13.94,13.63,13.2
2011-09-02,52100.0,12.96,13.2,13.18,12.76
2011-09-06,19100.0,13.21,13.79,12.76,12.76
2011-09-07,17600.0,13.41,13.5,13.36,13.28
2011-09-08,16200.0,12.9,13.87,13.7,12.89
2011-09-09,27700.0,12.98,13.13,13.01,12.8
2011-09-12,10600.0,13.2,13.5,13.0,12.84
2011-09-13,16800.0,13.51,13.56,13.3,13.3
2011-09-14,17000.0,14.03,14.1,13.51,13.51
2011-09-15,16700.0,14.35,14.4,14.06,13.95
2011-09-16,32500.0,14.39,14.4,14.4,14.18
2011-09-19,7400.0,14.09,14.3832,14.25,13.98
2011-09-20,14100.0,13.43,14.24,14.075,13.41
2011-09-21,19100.0,13.0,13.56,13.56,13.0
2011-09-22,48100.0,12.93,13.25,13.0,12.65
2011-09-23,22000.0,13.18,13.54,12.89,12.89
2011-09-26,23500.0,13.29,13.43,13.18,12.93
2011-09-27,23200.0,13.37,13.5,13.44,13.18
2011-09-28,14900.0,13.06,13.67,13.43,13.05
2011-09-29,10100.0,13.33,13.42,13.29,13.1
2011-09-30,11300.0,13.14,13.57,13.2,13.14
2011-10-03,38100.0,13.0,13.85,13.2,13.0
2011-10-04,47900.0,13.8,13.93,13.01,13.0
2011-10-05,23100.0,14.07,14.2125,13.75,13.38
2011-10-06,31600.0,14.19,14.21,13.93,13.87
2011-10-07,25500.0,13.88,14.23,14.17,13.78
2011-10-10,30000.0,14.36,14.36,14.07,13.91
2011-10-11,17800.0,14.27,14.39,14.22,14.0
2011-10-12,14300.0,14.39,14.39,14.18,14.11
2011-10-13,13100.0,14.46,14.46,14.29,14.17
2011-10-14,15600.0,14.38,14.5,14.5,14.16
2011-10-17,24500.0,14.02,14.2,14.2,13.961
2011-10-18,31200.0,14.35,14.43,13.84,13.76
2011-10-19,26200.0,13.72,14.17,14.13,13.68
2011-10-20,5800.0,13.7,13.8,13.78,13.43
2011-10-21,22700.0,13.92,14.0,13.94,13.86
2011-10-24,26300.0,14.35,14.39,13.99,13.99
2011-10-25,16800.0,13.71,14.38,14.38,13.54
2011-10-26,15700.0,13.99,14.0,13.91,13.66
2011-10-27,84300.0,14.6,14.76,14.0,13.96
2011-10-28,25700.0,14.46,14.62,14.52,14.23
2011-10-31,26600.0,14.21,14.73,14.29,14.11
2011-11-01,32000.0,13.53,14.31,13.96,13.51
2011-11-02,23900.0,13.9,14.09,13.77,13.48
2011-11-03,14900.0,14.48,14.51,14.0266,13.945
2011-11-04,17300.0,14.51,14.65,14.39,14.39
2011-11-07,46600.0,14.27,14.56,14.56,13.98
2011-11-08,7500.0,14.52,14.52,14.39,14.2908
2011-11-09,31700.0,13.84,14.4,14.28,13.84
2011-11-10,7400.0,14.19,14.23,13.94,13.7
2011-11-11,20300.0,14.55,14.64,14.29,14.29
2011-11-14,19300.0,14.16,14.61,14.48,14.04
2011-11-15,12600.0,14.63,14.6425,14.32,14.155
2011-11-16,23400.0,14.55,14.72,14.49,14.405
2011-11-17,16300.0,14.55,14.74,14.5575,14.55
2011-11-18,10800.0,14.67,14.7,14.56,14.55
2011-11-21,23200.0,14.38,14.6,14.48,14.35
2011-11-22,5200.0,14.25,14.46,14.25,14.25
2011-11-23,23800.0,14.14,14.72,14.22,14.1
2011-11-25,11800.0,13.93,14.26,14.13,13.93
2011-11-28,22000.0,14.23,14.35,14.35,13.9
2011-11-29,15400.0,14.2,14.29,14.17,14.05
2011-11-30,35800.0,14.59,14.64,14.48,13.94
2011-12-01,33100.0,14.19,14.53,14.53,14.12
2011-12-02,7600.0,14.35,14.5,14.34,14.22
2011-12-05,22400.0,14.49,14.51,14.46,14.32
2011-12-06,16400.0,14.38,14.51,14.5,14.29
2011-12-07,18400.0,14.12,14.34,14.31,14.03
2011-12-08,21100.0,13.71,14.12,14.03,13.7
2011-12-09,28000.0,13.99,14.05,13.82,13.82
2011-12-12,11500.0,13.74,13.9,13.85,13.74
2011-12-13,31300.0,13.48,13.97,13.77,13.36
2011-12-14,27600.0,13.87,13.96,13.38,13.35
2011-12-15,30800.0,14.16,14.25,13.95,13.83
2011-12-16,56100.0,14.55,14.55,14.26,14.26
2011-12-19,16700.0,14.83,14.92,14.58,14.26
2011-12-20,36900.0,15.24,15.39,15.0,14.91
2011-12-21,20400.0,15.14,15.23,15.23,14.82
2011-12-22,20900.0,15.18,15.31,15.31,14.591
2011-12-23,4200.0,15.15,15.21,15.21,15.03
2011-12-27,12300.0,15.11,15.17,15.06,15.0325
2011-12-28,11500.0,14.85,14.93,14.93,14.78
2011-12-29,14900.0,14.95,15.01,14.85,14.85
2011-12-30,15200.0,14.59,14.95,14.91,14.57
2012-01-03,8800.0,14.99,14.99,14.92,14.69
2012-01-04,6000.0,15.07,15.07,14.87,14.79
2012-01-05,8700.0,15.15,15.25,15.0,14.977
2012-01-06,51700.0,15.09,15.35,15.17,15.08
2012-01-09,129400.0,14.81,15.33,15.25,14.8
2012-01-10,36100.0,14.68,15.01,15.01,14.45
2012-01-11,20500.0,14.58,14.66,14.55,14.49
2012-01-12,6900.0,14.68,14.72,14.56,14.41
2012-01-13,9200.0,14.53,14.57,14.52,14.425
2012-01-17,14200.0,14.61,14.67,14.59,14.51
2012-01-18,15900.0,15.27,15.28,14.83,14.6133
2012-01-19,8600.0,15.29,15.46,15.26,15.15
2012-01-20,39700.0,15.98,15.98,15.31,15.22
2012-01-23,8200.0,15.98,16.02,15.97,14.86
2012-01-24,27500.0,16.18,16.46,15.15,15.01
2012-01-25,10800.0,16.04,16.28,16.28,16.04
2012-01-26,17800.0,15.79,16.09,16.05,15.53
2012-01-27,12100.0,15.91,16.02,15.96,15.75
2012-01-30,18400.0,15.72,15.77,15.76,15.54
2012-01-31,17500.0,15.48,15.8,15.8,15.08
2012-02-01,42900.0,16.16,16.32,15.4,15.4
2012-02-02,33000.0,16.63,16.69,16.13,16.08
2012-02-03,31200.0,17.5,17.74,16.86,16.6025
2012-02-06,39300.0,17.4,17.76,17.23,17.16
2012-02-07,20400.0,17.46,17.53,17.32,17.31
2012-02-08,21000.0,17.46,17.49,17.39,17.26
2012-02-09,5300.0,17.26,17.45,17.45,17.15
2012-02-10,14500.0,17.07,17.19,17.19,16.885
2012-02-13,14200.0,17.33,17.38,17.24,16.85
2012-02-14,15800.0,17.17,17.3,16.92,16.9
2012-02-15,19300.0,17.16,17.46,17.31,16.94
2012-02-16,21400.0,17.38,17.44,17.43,17.14
2012-02-17,17900.0,17.4,17.4,17.18,16.64
2012-02-21,12700.0,17.22,17.41,17.38,16.78
2012-02-22,15800.0,16.6,17.16,16.91,16.6
2012-02-23,23500.0,16.92,16.92,16.47,16.28
2012-02-24,6000.0,16.77,16.95,16.85,16.76
2012-02-27,4300.0,16.835,16.9,16.57,16.47
2012-02-28,8900.0,16.78,16.89,16.75,16.54
2012-02-29,14200.0,15.64,16.61,16.61,15.24
2012-03-01,11800.0,15.51,15.94,15.75,15.49
2012-03-02,20800.0,15.14,15.72,15.58,14.94
2012-03-05,5000.0,15.34,15.34,15.18,14.98
2012-03-06,19500.0,15.03,15.34,15.13,15.03
2012-03-07,10400.0,15.1,15.11,15.11,14.75
2012-03-08,11600.0,15.14,15.17,15.0595,14.97
2012-03-09,29800.0,15.69,15.76,15.2,15.14
2012-03-12,6300.0,16.24,16.45,15.61,15.61
2012-03-13,18500.0,16.75,17.03,16.47,16.345
2012-03-14,11000.0,16.62,16.94,16.94,16.39
2012-03-15,8300.0,16.7,16.81,16.49,16.35
2012-03-16,50100.0,16.72,16.75,16.62,16.5
2012-03-19,16100.0,16.8,17.0,16.74,16.59
2012-03-20,14000.0,16.64,16.96,16.64,16.58
2012-03-21,4500.0,16.61,16.85,16.7,16.58
2012-03-22,3800.0,16.42,16.53,16.43,16.35
2012-03-23,10000.0,16.95,16.99,16.44,16.44
2012-03-26,17800.0,17.43,17.44,17.0,16.87
2012-03-27,10900.0,17.36,17.46,17.32,17.26
2012-03-28,15500.0,17.24,17.3975,17.31,17.17
2012-03-29,12400.0,17.15,17.28,17.13,17.06
2012-03-30,47600.0,16.86,17.31,17.31,16.86
2012-04-02,46300.0,17.41,17.45,16.81,16.58
2012-04-03,25100.0,16.82,17.44,17.28,16.8
2012-04-04,13900.0,16.7,16.92,16.91,16.59
2012-04-05,10100.0,17.05,17.16,16.7,16.7
2012-04-09,19400.0,16.4,16.67,16.66,16.29
2012-04-10,22400.0,15.79,16.35,16.35,15.72
2012-04-11,16200.0,16.0,16.06,15.98,15.67
2012-04-12,14300.0,16.19,16.39,15.93,15.9
2012-04-13,21800.0,15.4,16.05,16.05,15.23
2012-04-16,13200.0,15.49,15.6875,15.45,15.343
2012-04-17,23200.0,16.22,16.51,15.61,15.61
2012-04-18,28700.0,16.13,16.59,16.13,15.93
2012-04-19,13600.0,16.02,16.35,16.21,15.98
2012-04-20,25200.0,16.59,16.73,16.44,16.18
2012-04-23,15300.0,15.86,16.27,16.27,15.86
2012-04-24,27700.0,16.46,16.68,15.85,15.85
2012-04-25,21700.0,16.58,16.75,16.57,16.26
2012-04-26,25700.0,16.82,16.92,16.62,16.26
2012-04-27,12600.0,17.41,17.46,16.92,16.88
2012-04-30,16000.0,17.18,17.4,17.4,16.97
2012-05-01,12000.0,16.7,17.29,17.15,16.69
2012-05-02,22200.0,16.84,17.15,16.6,16.56
2012-05-03,19000.0,16.37,17.08,16.76,16.26
2012-05-04,39600.0,15.85,16.3,16.29,15.85
2012-05-07,13000.0,16.21,16.22,15.85,15.85
2012-05-08,15800.0,16.62,16.782,16.01,15.99
2012-05-09,11000.0,16.56,16.7,16.39,16.3
2012-05-10,4600.0,16.55,16.73,16.73,16.45
2012-05-11,10200.0,16.08,16.58,16.35,15.904
2012-05-14,17900.0,15.87,16.26,15.88,15.83
2012-05-15,15000.0,16.19,16.56,15.85,15.85
2012-05-16,14000.0,16.12,16.58,16.32,16.08
2012-05-17,32600.0,16.06,16.24,16.09,15.89
2012-05-18,49400.0,15.97,16.37,15.95,15.89
2012-05-21,22600.0,16.27,16.47,16.04,16.03
2012-05-22,26000.0,15.9,16.58,16.31,15.87
2012-05-23,10000.0,16.07,16.29,15.85,15.85
2012-05-24,9700.0,16.01,16.28,16.16,15.86
2012-05-25,15700.0,15.98,16.16,15.99,15.95
2012-05-29,21300.0,16.09,16.2,16.2,15.9
2012-05-30,8700.0,15.97,16.26,15.9,15.9
2012-05-31,18000.0,15.99,16.23,16.13,15.99
2012-06-01,37900.0,15.9,16.15,15.9,15.9
2012-06-04,22800.0,16.01,16.09,16.07,15.89
2012-06-05,29700.0,16.06,16.21,15.9,15.9
2012-06-06,20300.0,16.34,16.46,16.21,15.97
2012-06-07,36900.0,16.3,16.62,16.62,16.09
2012-06-08,12400.0,16.74,16.74,16.26,16.15
2012-06-11,20400.0,15.97,16.77,16.75,15.9
2012-06-12,11000.0,16.16,16.29,16.01,16.01
2012-06-13,11600.0,16.1,16.53,16.28,15.95
2012-06-14,21800.0,16.42,16.57,16.08,16.01
2012-06-15,28600.0,16.47,16.55,16.37,16.24
2012-06-18,15200.0,16.25,16.66,16.33,16.2
2012-06-19,22200.0,16.51,16.61,16.35,16.1114
2012-06-20,13900.0,16.5,16.64,16.51,16.4
2012-06-21,13400.0,16.12,16.58,16.5,16.08
2012-06-22,78400.0,16.86,16.92,16.28,16.22
2012-06-25,20800.0,16.5,16.74,16.6,16.25
2012-06-26,27000.0,17.04,17.23,16.61,16.51
2012-06-27,14100.0,17.13,17.165,17.05,16.9255
2012-06-28,10100.0,17.03,17.14,17.08,16.936
2012-06-29,35000.0,17.12,17.35,17.35,16.99
2012-07-02,38400.0,17.57,17.57,17.2,17.2
2012-07-03,14800.0,17.87,17.95,17.49,17.36
2012-07-05,10300.0,17.9,18.0,17.76,17.76
2012-07-06,16000.0,17.46,17.87,17.67,16.7
2012-07-09,9100.0,17.19,17.6,17.3597,17.09
2012-07-10,12100.0,17.235,17.43,17.23,17.03
2012-07-11,12500.0,17.21,17.495,17.31,17.06
2012-07-12,12100.0,17.05,17.2,17.18,16.61
2012-07-13,14100.0,18.02,18.06,17.44,17.44
2012-07-16,25600.0,17.59,17.9,17.59,17.27
2012-07-17,10500.0,17.63,17.8,17.73,17.48
2012-07-18,7300.0,17.9,17.92,17.64,17.64
2012-07-19,5300.0,17.51,17.87,17.77,17.49
2012-07-20,33100.0,17.4,17.45,17.23,17.09
2012-07-23,8600.0,17.17,17.17,17.03,17.03
2012-07-24,34100.0,16.3,17.11,17.11,16.17
2012-07-25,18600.0,16.1,16.25,16.0,16.0
2012-07-26,12800.0,16.05,16.33,16.33,15.96
2012-07-27,13800.0,16.26,16.27,16.18,15.95
2012-07-30,21100.0,16.03,16.14,15.8,15.8
2012-07-31,60800.0,16.25,16.77,15.94,15.94
2012-08-01,20700.0,16.09,16.94,16.35,16.08
2012-08-02,26800.0,16.1,16.22,15.98,15.95
2012-08-03,12500.0,16.35,16.43,16.36,16.12
2012-08-06,10900.0,16.28,16.35,16.35,16.03
2012-08-07,35500.0,16.31,16.33,16.25,16.17
2012-08-08,9200.0,16.51,16.66,16.25,16.25
2012-08-09,43100.0,16.61,16.86,16.53,16.185
2012-08-10,2200.0,16.37,16.52,16.47,16.34
2012-08-13,3100.0,16.42,16.43,16.27,16.27
2012-08-14,11900.0,15.91,16.4,16.4,15.91
2012-08-15,8600.0,16.29,16.29,15.98,15.8
2012-08-16,5900.0,16.63,16.68,16.29,16.16
2012-08-17,8200.0,16.99,17.0,16.56,16.56
2012-08-20,17800.0,17.08,17.3,16.96,16.91
2012-08-21,35000.0,16.97,17.33,17.14,16.73
2012-08-22,10400.0,16.52,16.97,16.85,16.45
2012-08-23,18200.0,16.47,16.9,16.53,16.11
2012-08-24,4500.0,16.61,16.64,16.48,16.37
2012-08-27,4800.0,16.74,16.74,16.64,16.45
2012-08-28,9400.0,16.92,16.95,16.66,16.57
2012-08-29,8400.0,16.94,16.9859,16.6301,16.6301
2012-08-30,2000.0,16.59,16.61,16.59,16.59
2012-08-31,19300.0,16.64,16.88,16.76,16.45
2012-09-04,11500.0,16.78,16.84,16.73,16.46
2012-09-05,18000.0,16.78,16.97,16.85,16.62
2012-09-06,21300.0,17.07,17.09,16.8,16.8
2012-09-07,8700.0,17.16,17.25,17.11,16.97
2012-09-10,15000.0,17.06,17.43,17.09,16.89
2012-09-11,19300.0,16.99,17.335,17.13,16.89
2012-09-12,12300.0,17.06,17.09,16.9,16.9
2012-09-13,14300.0,17.5,17.5,17.06,17.0
2012-09-14,21300.0,17.49,17.7,17.49,16.9
2012-09-17,15700.0,17.48,17.5,17.46,17.23
2012-09-18,7300.0,17.42,17.67,17.48,17.27
2012-09-19,20700.0,16.99,17.25,17.17,16.75
2012-09-20,6400.0,16.96,17.1,16.93,16.86
2012-09-21,36100.0,17.5,17.7,17.3,17.01
2012-09-24,24200.0,17.83,17.83,17.49,17.28
2012-09-25,15600.0,17.75,17.91,17.91,17.67
2012-09-26,30500.0,17.51,17.7,17.5,17.38
2012-09-27,11200.0,17.75,17.75,17.59,17.3
2012-09-28,30200.0,17.26,17.76,17.65,17.22
2012-10-01,22800.0,17.1,17.35,17.32,17.07
2012-10-02,33000.0,16.96,17.1683,17.11,16.95
2012-10-03,10400.0,16.77,17.13,17.03,16.77
2012-10-04,40000.0,16.75,16.97,16.77,16.55
2012-10-05,31400.0,17.03,17.11,16.87,16.66
2012-10-08,28000.0,17.08,17.46,16.96,16.96
2012-10-09,4100.0,17.11,17.18,17.18,17.0
2012-10-10,20500.0,17.11,17.5,17.19,17.02
2012-10-11,5500.0,17.24,17.41,17.1,17.1
2012-10-12,22600.0,17.22,17.49,17.24,17.05
2012-10-15,8300.0,17.6,17.6,17.28,17.28
2012-10-16,39100.0,17.65,17.92,17.74,17.44
2012-10-17,11300.0,17.65,17.74,17.74,17.58
2012-10-18,14200.0,17.22,17.65,17.65,17.17
2012-10-19,46000.0,17.06,17.43,17.14,16.98
2012-10-22,12600.0,17.09,17.36,17.04,17.02
2012-10-23,10500.0,17.6,17.75,17.43,17.25
2012-10-24,82000.0,17.5,17.75,17.75,17.46
2012-10-25,10700.0,17.75,17.75,17.69,17.58
2012-10-26,36300.0,17.71,17.8,17.57,17.44
2012-10-31,10700.0,17.7,17.8499,17.76,17.49
2012-11-01,18400.0,17.62,17.73,17.68,17.37
2012-11-02,23800.0,17.68,17.79,17.74,17.46
2012-11-05,4800.0,17.68,17.73,17.34,17.34
2012-11-06,49100.0,17.73,17.8,17.63,17.4
2012-11-07,19100.0,17.17,17.55,17.45,17.11
2012-11-08,19200.0,16.78,17.18,17.18,16.76
2012-11-09,26300.0,17.03,17.28,16.77,16.75
2012-11-12,14900.0,17.01,17.2,17.03,16.85
2012-11-13,4100.0,17.04,17.17,17.1,16.99
2012-11-14,11100.0,16.65,17.12,17.03,16.61
2012-11-15,9219.0,15.99,16.76,16.64,15.97
2012-11-16,24300.0,16.21,16.37,15.96,15.96
2012-11-19,16600.0,16.91,16.92,16.39,16.39
2012-11-20,12100.0,16.74,16.965,16.9,16.62
2012-11-21,6800.0,16.87,16.9,16.84,16.52
2012-11-23,10300.0,16.81,16.96,16.96,16.6
2012-11-26,9500.0,17.05,17.05,16.2701,16.2701
2012-11-27,19100.0,16.97,17.18,17.07,16.71
2012-11-28,4500.0,17.15,17.15,17.07,16.87
2012-11-29,17100.0,17.0,17.33,17.33,16.5
2012-11-30,31500.0,17.01,17.16,17.07,16.75
2012-12-03,5200.0,17.09,17.32,17.09,16.86
2012-12-04,7500.0,17.09,17.24,17.05,16.89
2012-12-05,10600.0,17.14,17.21,17.21,17.0
2012-12-06,10300.0,17.02,17.15,17.09,16.83
2012-12-07,9900.0,16.88,17.22,17.17,16.71
2012-12-10,12100.0,17.0,17.0,16.95,16.705
2012-12-11,32500.0,17.32,17.33,17.0,16.83
2012-12-12,49400.0,17.15,17.41,17.3,16.96
2012-12-13,12900.0,17.3,17.3955,16.98,16.72
2012-12-14,7300.0,17.3,17.35,17.21,17.21
2012-12-17,21800.0,17.41,17.47,17.41,17.23
2012-12-18,43800.0,17.68,17.74,17.39,17.29
2012-12-19,19800.0,17.69,17.75,17.5,17.24
2012-12-20,29800.0,18.0,18.0,17.6,17.46
2012-12-21,74800.0,18.48,18.49,18.0,17.84
2012-12-24,40100.0,18.46,18.57,18.44,17.45
2012-12-26,9200.0,18.35,18.59,18.59,17.83
2012-12-27,8900.0,18.36,18.59,18.36,18.0
2012-12-28,4800.0,18.18,18.39,18.29,18.082
2012-12-31,26500.0,19.19,19.38,18.45,18.08
2013-01-02,129800.0,19.62,19.76,18.42,18.42
2013-01-03,20900.0,19.41,19.94,19.24,19.14
2013-01-04,53600.0,20.16,20.37,19.52,19.39
2013-01-07,29200.0,19.82,20.11,20.01,18.89
2013-01-08,41100.0,20.48,20.6,19.74,19.48
2013-01-09,25200.0,20.53,20.75,20.54,20.5
2013-01-10,4700.0,20.48,20.63,20.63,19.99
2013-01-11,53400.0,19.83,20.55,20.5,19.74
2013-01-14,7500.0,19.97,20.36,19.96,19.6701
2013-01-15,33800.0,20.0,20.15,19.88,19.7
2013-01-16,15000.0,20.14,20.15,20.02,19.645
2013-01-17,9300.0,19.64,20.15,20.15,19.52
2013-01-18,12100.0,20.02,20.02,19.67,19.2
2013-01-22,7000.0,20.14,20.15,19.97,19.9601
2013-01-23,11200.0,19.99,20.18,20.18,19.59
2013-01-24,9800.0,20.15,20.15,19.96,19.64
2013-01-25,8700.0,20.05,20.26,20.26,19.57
2013-01-28,10300.0,20.7,20.7,20.06,19.94
2013-01-29,16700.0,20.35,20.75,20.75,19.5
2013-01-30,26200.0,20.42,20.58,20.45,20.25
2013-01-31,20400.0,20.48,20.59,20.01,19.69
2013-02-01,19800.0,21.21,21.401,20.49,20.49
2013-02-04,20900.0,21.17,21.37,21.06,20.77
2013-02-05,20000.0,21.65,21.93,21.31,20.8862
2013-02-06,17100.0,21.72,21.81,21.52,21.29
2013-02-07,13200.0,21.9,21.94,21.72,21.7
2013-02-08,6900.0,21.93,22.0,21.98,21.885
2013-02-11,13000.0,21.29,21.9,21.9,21.11
2013-02-12,6400.0,21.89,21.96,21.32,21.32
2013-02-13,18900.0,21.53,21.9,21.9,21.3
2013-02-14,11100.0,21.92,21.975,21.53,21.53
2013-02-15,23800.0,21.82,22.155,22.04,21.67
2013-02-19,31700.0,22.06,22.15,21.93,21.93
2013-02-20,24000.0,21.65,22.17,22.08,21.56
2013-02-21,8300.0,21.71,21.9,21.66,21.64
2013-02-22,40400.0,22.02,22.02,21.86,21.65
2013-02-25,45200.0,22.42,23.2999,22.25,22.25
2013-02-26,20200.0,22.74,23.08,22.36,22.36
2013-02-27,14800.0,22.92,23.0,22.73,22.62
2013-02-28,32100.0,22.52,23.055,22.89,22.46
2013-03-01,37300.0,22.96,23.22,22.18,22.13
2013-03-04,14700.0,22.95,23.14,22.73,22.68
2013-03-05,62600.0,23.0,23.25,22.99,22.92
2013-03-06,20900.0,22.99,23.16,23.14,22.82
2013-03-07,43600.0,23.045,23.05,22.92,22.81
2013-03-08,54100.0,23.43,23.67,23.25,23.17
2013-03-11,19300.0,23.34,23.62,23.41,23.15
2013-03-12,35800.0,23.15,23.43,22.29,22.29
2013-03-13,16600.0,23.29,23.45,23.23,23.0
2013-03-14,38600.0,23.25,23.55,23.0,22.87
2013-03-15,59600.0,23.74,23.75,23.31,23.205
2013-03-18,39500.0,23.45,23.52,23.49,23.31
2013-03-19,26200.0,23.52,23.71,23.57,23.33
2013-03-20,32700.0,23.55,23.67,23.585,23.43
2013-03-21,17300.0,23.21,23.645,23.33,23.01
2013-03-22,24500.0,23.49,23.55,23.36,23.14
2013-03-25,13800.0,23.47,23.6,23.6,23.2801
2013-03-26,14700.0,23.45,23.45,23.44,23.085
2013-03-27,16700.0,23.34,23.5,23.23,23.01
2013-03-28,44300.0,23.32,23.42,23.38,23.19
2013-04-01,27500.0,23.34,23.39,23.0,23.0
2013-04-02,36600.0,23.17,23.48,23.4,23.01
2013-04-03,15800.0,23.16,23.385,23.28,23.1
2013-04-04,13500.0,23.29,23.35,23.1,23.1
2013-04-05,46600.0,23.32,23.38,23.1,22.99
2013-04-08,17000.0,23.35,23.4,23.27,23.01
2013-04-09,34400.0,23.3,23.42,23.4199,23.27
2013-04-10,24900.0,23.39,23.42,23.42,23.24
2013-04-11,17000.0,23.46,23.48,23.31,23.21
2013-04-12,13800.0,23.35,23.67,23.32,23.23
2013-04-15,18500.0,22.06,23.38,23.38,21.96
2013-04-16,25700.0,23.22,23.376,22.2,22.01
2013-04-17,25300.0,22.31,23.135,23.1,21.76
2013-04-18,20000.0,22.25,22.79,22.41,22.19
2013-04-19,33900.0,23.19,23.37,22.26,22.26
2013-04-22,38200.0,22.76,23.3,22.73,22.2
2013-04-23,8800.0,23.25,23.25,23.04,22.7542
2013-04-24,13200.0,22.97,23.25,23.16,22.8
2013-04-25,55100.0,22.42,22.97,22.96,21.88
2013-04-26,32100.0,22.6,22.8899,22.36,22.19
2013-04-29,9700.0,22.94,23.0,22.36,22.36
2013-04-30,49500.0,22.64,23.1,22.94,22.36
2013-05-01,56600.0,20.88,22.72,22.57,20.87
2013-05-02,26100.0,21.34,21.5,20.94,20.801
2013-05-03,6400.0,21.89,21.94,21.64,21.53
2013-05-06,19600.0,22.01,22.07,21.82,21.42
2013-05-07,8500.0,22.45,22.45,21.98,21.915
2013-05-08,19700.0,22.57,22.98,22.31,22.02
2013-05-09,15800.0,22.06,22.47,22.47,22.0
2013-05-10,12500.0,22.09,22.09,22.02,21.66
2013-05-13,21800.0,21.61,22.16,21.97,21.48
2013-05-14,22100.0,21.98,22.05,21.65,21.65
2013-05-15,8400.0,22.23,22.29,21.86,21.665
2013-05-16,31700.0,22.43,22.43,22.0,21.63
2013-05-17,12700.0,22.42,22.59,22.5,22.28
2013-05-20,10400.0,22.75,22.85,22.13,21.67
2013-05-21,22200.0,22.56,22.95,22.68,22.13
2013-05-22,17300.0,22.55,22.96,22.52,22.35
2013-05-23,21400.0,22.83,23.27,22.31,22.28
2013-05-24,9900.0,22.79,22.96,22.7,22.3301
2013-05-28,24700.0,23.18,23.21,23.0,22.55
2013-05-29,12400.0,22.92,23.19,22.89,22.65
2013-05-30,9000.0,22.95,23.115,22.92,22.9
2013-05-31,17300.0,21.96,22.79,22.79,21.88
2013-06-03,42000.0,23.7,23.75,22.09,22.055
2013-06-04,20900.0,22.68,23.52,23.52,22.53
2013-06-05,27300.0,22.8,23.19,22.72,22.51
2013-06-06,11200.0,22.76,22.88,22.88,22.45
2013-06-07,40200.0,22.33,23.04,22.88,22.125
2013-06-10,35100.0,22.96,23.292,22.35,22.35
2013-06-11,33400.0,23.27,23.45,23.18,22.8
2013-06-12,20300.0,23.25,23.41,23.1,22.97
2013-06-13,21400.0,23.69,23.69,23.34,23.34
2013-06-14,33100.0,23.24,23.67,23.59,23.05
2013-06-17,27800.0,23.0,23.59,23.5,22.9
2013-06-18,23600.0,23.03,23.16,23.1,22.59
2013-06-19,22400.0,23.06,23.37,23.04,22.51
2013-06-20,22400.0,22.52,23.16,22.79,22.45
2013-06-21,71300.0,22.44,22.72,22.6,21.94
2013-06-24,21900.0,22.16,22.37,22.17,21.87
2013-06-25,21300.0,22.91,23.04,22.43,22.04
2013-06-26,10500.0,22.34,23.24,23.06,22.27
2013-06-27,22900.0,23.07,23.16,22.53,22.39
2013-06-28,106300.0,22.55,23.36,22.95,22.09
2013-07-01,31900.0,23.49,23.689,22.7,22.49
2013-07-02,8000.0,23.27,23.529,23.29,23.25
2013-07-03,13500.0,23.75,23.75,23.34,23.01
2013-07-05,20300.0,24.29,25.02,24.0,23.55
2013-07-08,20400.0,24.34,24.71,24.43,24.29
2013-07-09,27800.0,25.25,25.49,24.54,24.44
2013-07-10,37400.0,25.68,26.39,25.11,25.03
2013-07-11,22900.0,26.1,26.47,26.04,25.84
2013-07-12,18900.0,26.08,26.55,25.99,25.99
2013-07-15,18200.0,26.71,26.72,26.15,25.836
2013-07-16,22700.0,26.84,27.32,26.75,26.62
2013-07-17,22100.0,26.72,27.28,27.02,26.66
2013-07-18,48500.0,26.96,27.58,26.63,26.35
2013-07-19,16100.0,26.95,27.48,26.97,26.5
2013-07-22,15700.0,26.72,27.35,26.82,26.69
2013-07-23,20800.0,26.66,27.1,27.09,26.48
2013-07-24,21500.0,26.88,26.99,26.91,26.64
2013-07-25,20400.0,27.0,27.02,26.8,26.75
2013-07-26,15100.0,26.67,27.0,26.86,26.61
2013-07-29,28900.0,26.29,26.99,26.89,26.0
2013-07-30,10800.0,26.35,26.76,26.52,26.05
2013-07-31,21100.0,26.4,27.21,26.55,26.39
2013-08-01,18600.0,27.24,27.25,26.65,26.51
2013-08-02,29200.0,27.59,27.8,27.02,26.62
2013-08-05,27900.0,27.82,28.05,27.6,27.45
2013-08-06,10600.0,28.16,28.22,27.64,27.4
2013-08-07,26600.0,27.46,28.31,27.9,27.06
2013-08-08,7500.0,27.7,27.95,27.4,27.4
2013-08-09,15300.0,28.08,28.46,27.67,27.3
2013-08-12,20500.0,27.96,28.25,27.82,27.765
2013-08-13,15600.0,27.76,28.15,27.9,27.5
2013-08-14,12600.0,27.66,27.83,27.5,27.42
2013-08-15,31400.0,27.16,27.82,27.24,27.08
2013-08-16,48600.0,27.41,27.52,26.99,26.8914
2013-08-19,19800.0,27.2,27.66,27.3,26.9101
2013-08-20,17700.0,27.77,27.9,27.23,27.23
2013-08-21,25000.0,27.5,27.88,27.79,27.29
2013-08-22,10300.0,27.99,28.0,27.57,27.3343
2013-08-23,29600.0,28.04,28.39,27.97,27.6
2013-08-26,22500.0,27.75,28.11,28.03,27.2
2013-08-27,37200.0,25.6,27.4,27.38,25.15
2013-08-28,30200.0,24.64,25.9,25.46,24.46
2013-08-29,19900.0,25.02,25.1,24.24,24.08
2013-08-30,33400.0,24.51,25.04,24.95,24.43
2013-09-03,9600.0,24.92,25.11,24.93,24.63
2013-09-04,17100.0,24.76,25.17,24.88,24.46
2013-09-05,8100.0,25.15,25.57,25.57,25.05
2013-09-06,21700.0,24.72,25.33,25.28,24.65
2013-09-09,35400.0,24.97,25.4,24.88,24.49
2013-09-10,26400.0,24.92,25.46,25.18,24.66
2013-09-11,23400.0,24.27,24.87,24.87,24.13
2013-09-12,16100.0,24.46,24.8,24.44,24.21
2013-09-13,17900.0,24.56,25.43,24.58,24.04
2013-09-16,24900.0,24.97,25.67,24.91,24.5
2013-09-17,12100.0,25.04,25.17,24.97,24.7
2013-09-18,10000.0,25.31,25.87,25.87,24.96
2013-09-19,16900.0,24.68,25.249,25.249,24.55
2013-09-20,34000.0,25.46,25.47,24.7,24.63
2013-09-23,17600.0,25.29,25.95,25.85,25.29
2013-09-24,12100.0,25.0,25.5,25.31,24.827
2013-09-25,11000.0,25.12,25.42,25.02,24.9
2013-09-26,8300.0,24.48,25.325,25.03,24.34
2013-09-27,6900.0,23.99,24.84,24.31,23.8
2013-09-30,64100.0,23.39,24.89,23.73,22.76
2013-10-01,19200.0,24.08,24.105,23.31,23.31
2013-10-02,46600.0,23.9,24.31,23.8,23.56
2013-10-03,23700.0,23.59,24.03,23.3889,23.3889
2013-10-04,21100.0,23.81,24.2,23.54,23.54
2013-10-07,25100.0,23.86,24.18,23.52,23.41
2013-10-08,39900.0,23.85,24.16,23.82,23.511
2013-10-09,62700.0,23.76,24.49,23.92,23.44
2013-10-10,20500.0,24.91,24.94,24.11,24.04
2013-10-11,25900.0,26.0,26.2,24.77,24.69
2013-10-14,12100.0,26.59,26.91,26.33,26.07
2013-10-15,55900.0,25.39,26.1,26.0,25.19
2013-10-16,15200.0,25.01,25.81,25.54,24.76
2013-10-17,26500.0,25.68,26.0,24.87,24.87
2013-10-18,35600.0,26.28,26.68,25.97,25.71
2013-10-21,20200.0,26.41,26.68,26.24,26.08
2013-10-22,19200.0,26.28,26.74,26.46,26.08
2013-10-23,7900.0,25.95,26.2,26.19,25.63
2013-10-24,55100.0,26.73,26.96,26.05,25.98
2013-10-25,38600.0,26.33,26.84,26.84,26.16
2013-10-28,20700.0,26.54,26.99,26.09,26.09
2013-10-29,27900.0,26.67,27.02,25.33,25.33
2013-10-30,26900.0,26.07,26.58,26.51,26.05
2013-10-31,28000.0,25.82,26.35,26.07,25.67
2013-11-01,50000.0,25.25,25.75,25.75,25.05
2013-11-04,25000.0,25.08,25.25,25.08,24.65
2013-11-05,9400.0,25.45,25.66,24.87,24.87
2013-11-06,8700.0,25.63,25.73,25.55,25.12
2013-11-07,30400.0,25.04,26.21,25.84,24.86
2013-11-08,21400.0,24.78,25.81,25.12,24.61
2013-11-11,23300.0,24.0,24.78,24.78,23.96
2013-11-12,18200.0,24.89,24.89,24.01,24.01
2013-11-13,12400.0,25.24,25.31,24.65,24.65
2013-11-14,17300.0,25.25,25.49,25.22,24.98
2013-11-15,25900.0,25.15,25.38,25.21,24.68
2013-11-18,35600.0,25.8,26.21,25.32,25.16
2013-11-19,24300.0,26.01,26.47,26.25,25.92
2013-11-20,8300.0,26.08,26.47,25.92,25.91
2013-11-21,15200.0,26.6,26.63,26.17,26.09
2013-11-22,15000.0,26.44,26.79,26.53,26.26
2013-11-25,29500.0,26.83,26.92,26.44,26.15
2013-11-26,15100.0,26.9,27.23,27.23,26.61
2013-11-27,7800.0,27.05,27.24,26.84,26.63
2013-11-29,11800.0,27.0,27.25,27.25,26.89
2013-12-02,13400.0,26.27,27.01,27.01,26.05
2013-12-03,8000.0,26.15,26.45,26.16,26.05
2013-12-04,29400.0,26.35,26.56,26.05,26.0
2013-12-05,7700.0,26.01,26.34,26.15,26.0
2013-12-06,8300.0,26.06,26.4,26.19,26.06
2013-12-09,11000.0,26.05,26.14,26.06,25.81
2013-12-10,15800.0,25.85,26.07,25.93,25.81
2013-12-11,35000.0,25.2,26.03,25.83,25.04
2013-12-12,17600.0,25.29,25.48,25.09,24.91
2013-12-13,28500.0,25.22,25.67,25.32,25.11
2013-12-16,12400.0,25.44,25.6999,25.39,25.18
2013-12-17,2600.0,25.14,25.52,25.216,25.1
2013-12-18,35300.0,25.69,25.84,25.25,24.87
2013-12-19,12800.0,25.3,25.94,25.61,25.215
2013-12-20,60200.0,26.47,26.64,25.43,25.43
2013-12-23,13700.0,26.99,27.15,26.55,26.48
2013-12-24,7000.0,27.07,27.25,26.74,26.73
2013-12-26,21300.0,26.59,27.17,26.75,26.2
2013-12-27,8300.0,26.66,26.88,26.72,26.34
2013-12-30,15000.0,25.99,26.52,26.44,25.87
2013-12-31,13300.0,25.97,26.39,26.0,25.81
2014-01-02,32500.0,25.77,25.83,25.81,25.5
2014-01-03,20900.0,25.81,26.0,25.79,25.55
2014-01-06,12100.0,25.57,26.0,26.0,25.56
2014-01-07,5700.0,25.58,25.95,25.6,25.57
2014-01-08,13600.0,25.17,25.74,25.62,25.05
2014-01-09,6600.0,25.21,25.46,25.206,25.2
2014-01-10,19100.0,24.91,25.26,25.26,24.561
2014-01-13,31200.0,24.45,25.1199,24.76,24.24
2014-01-14,8300.0,25.1,25.1,24.75,24.75
2014-01-15,7800.0,25.48,25.55,25.16,25.16
2014-01-16,1472.0,25.21,25.35,25.35,25.02
2014-01-17,5036.0,25.3,25.35,25.22,25.22
2014-01-21,18800.0,25.47,25.78,25.25,25.25
2014-01-22,25900.0,25.71,25.9,25.6,25.44
2014-01-23,13000.0,25.37,25.44,25.44,25.3301
2014-01-24,33300.0,25.8,25.8,25.35,25.35
2014-01-27,31500.0,26.04,26.21,25.75,25.44
2014-01-28,30600.0,26.26,26.73,26.14,26.01
2014-01-29,29100.0,25.83,26.23,26.11,25.6122
2014-01-30,28400.0,26.05,26.5,26.15,26.0
2014-01-31,26600.0,25.72,26.25,25.58,25.58
2014-02-03,51500.0,25.09,25.87,25.75,24.88
2014-02-04,35300.0,25.01,25.81,25.27,24.96
2014-02-05,36000.0,25.26,25.84,25.0,25.0
2014-02-06,36300.0,25.21,26.04,25.4,25.112
2014-02-07,41600.0,25.95,25.98,25.39,25.18
2014-02-10,24400.0,25.68,25.99,25.95,25.26
2014-02-11,35000.0,25.99,26.46,25.37,25.36
2014-02-12,21100.0,26.02,26.409,25.89,25.89
2014-02-13,15200.0,26.69,26.83,26.03,25.73
2014-02-14,11500.0,26.65,26.94,26.7,26.4
2014-02-18,14600.0,26.94,27.01,26.69,26.505
2014-02-19,46800.0,26.65,27.15,26.61,26.25
2014-02-20,11100.0,27.02,27.24,26.66,26.66
2014-02-21,29200.0,27.2,27.25,27.18,27.0
2014-02-24,13900.0,27.24,27.5,27.25,27.22
2014-02-25,10100.0,27.01,27.49,27.36,27.0
2014-02-26,22100.0,27.02,27.26,27.12,27.0
2014-02-27,13200.0,27.48,27.48,27.01,27.0
2014-02-28,38800.0,27.67,28.2305,27.24,27.24
2014-03-03,12100.0,27.0,27.57,27.52,27.0
2014-03-04,41600.0,28.02,28.15,27.41,27.0
2014-03-05,13600.0,27.9,28.05,27.9,27.86
2014-03-06,16800.0,27.95,28.1,27.88,27.46
2014-03-07,17500.0,27.78,28.0,28.0,27.15
2014-03-10,13500.0,27.59,27.74,27.58,27.31
2014-03-11,12800.0,27.17,27.8235,27.54,27.0
2014-03-12,23800.0,26.69,27.12,26.68,26.56
2014-03-13,38000.0,26.87,27.08,26.97,26.69
2014-03-14,11900.0,27.08,27.28,26.9,26.88
2014-03-17,21200.0,27.16,27.78,27.36,27.03
2014-03-18,11800.0,27.6,27.77,27.25,27.25
2014-03-19,17800.0,27.53,27.84,27.67,27.27
2014-03-20,21300.0,27.36,27.74,27.47,27.09
2014-03-21,34900.0,27.53,27.76,27.52,27.32
2014-03-24,15200.0,27.11,27.5,27.48,27.0
2014-03-25,8900.0,27.19,27.49,27.18,26.99
2014-03-26,25900.0,27.0,27.49,27.47,27.0
2014-03-27,26000.0,27.23,27.28,27.0,26.995
2014-03-28,17400.0,27.07,27.51,27.17,27.0
2014-03-31,22500.0,27.12,27.39,27.03,27.03
2014-04-01,45100.0,27.66,27.85,27.11,27.11
2014-04-02,20500.0,27.62,28.04,27.79,27.58
2014-04-03,16300.0,27.46,27.92,27.75,27.17
2014-04-04,17400.0,27.18,27.72,27.72,27.17
2014-04-07,16700.0,27.25,27.72,27.17,27.1
2014-04-08,19600.0,27.22,27.67,27.22,27.17
2014-04-09,12700.0,27.2,27.59,27.17,27.17
2014-04-10,22300.0,27.0,27.53,27.28,27.0
2014-04-11,15100.0,26.51,26.97,26.81,26.5
2014-04-14,19300.0,26.87,26.89,26.8,26.55
2014-04-15,24200.0,26.97,27.14,26.9,26.56
2014-04-16,7300.0,27.02,27.42,27.25,26.9
2014-04-17,23200.0,27.32,27.74,26.96,26.71
2014-04-21,10800.0,27.27,27.66,27.0501,27.0
2014-04-22,9800.0,27.85,27.88,27.77,27.36
2014-04-23,11600.0,27.0,28.0,27.82,27.0
2014-04-24,21300.0,27.0,27.24,27.24,26.57
2014-04-25,18700.0,26.85,27.13,27.0,26.7
2014-04-28,15400.0,27.3,27.37,26.9,26.9
2014-04-29,16500.0,27.14,27.6,27.51,27.04
2014-04-30,20900.0,27.02,27.48,27.12,27.0
2014-05-01,41800.0,27.12,27.17,27.0,27.0
2014-05-02,17500.0,27.0,27.18,27.08,26.82
2014-05-05,16200.0,27.07,27.4399,27.0,27.0
2014-05-06,31100.0,27.0,27.1,27.0,27.0
2014-05-07,60100.0,27.06,27.13,26.95,26.95
2014-05-08,18800.0,27.0,27.22,27.14,26.77
2014-05-09,12000.0,27.22,27.22,27.0,27.0
2014-05-12,43600.0,28.26,28.49,27.35,27.27
2014-05-13,38200.0,28.03,28.25,28.25,27.86
2014-05-14,23300.0,27.01,28.03,28.0,26.93
2014-05-15,25900.0,27.01,27.4,27.0,27.0
2014-05-16,20500.0,27.17,27.17,27.0,27.0
2014-05-19,28100.0,27.29,27.71,27.0,27.0
2014-05-20,40400.0,27.01,27.3,27.09,26.75
2014-05-21,21100.0,27.02,27.43,27.12,27.0
2014-05-22,24500.0,27.15,27.31,27.04,27.04
2014-05-23,34800.0,27.43,27.5525,27.26,27.13
2014-05-27,27000.0,28.3,28.47,27.61,27.58
2014-05-28,30800.0,28.26,28.54,28.11,28.02
2014-05-29,10300.0,28.48,28.66,28.45,28.3
2014-05-30,22600.0,28.23,28.59,28.59,28.16
2014-06-02,25400.0,27.69,28.23,28.21,27.62
2014-06-03,20400.0,27.01,27.62,27.46,27.0
2014-06-04,22900.0,27.04,27.64,26.9,26.9
2014-06-05,18800.0,28.27,28.3,26.95,26.95
2014-06-06,22800.0,28.86,28.97,28.42,27.91
2014-06-09,18700.0,28.97,29.0,28.99,28.79
2014-06-10,3900.0,28.75,28.99,28.99,28.671
2014-06-11,10700.0,28.53,28.68,28.44,28.34
2014-06-12,9500.0,28.39,28.74,28.38,28.29
2014-06-13,8400.0,28.37,28.59,28.59,28.07
2014-06-16,19900.0,28.28,28.95,28.22,27.76
2014-06-17,14400.0,28.46,28.64,28.3673,28.088
2014-06-18,14300.0,28.56,28.67,28.67,28.12
2014-06-19,22800.0,28.19,28.59,28.59,27.85
2014-06-20,41700.0,28.48,28.5,28.37,28.32
2014-06-23,8100.0,28.16,28.43,28.42,28.15
2014-06-24,12900.0,28.06,28.45,28.17,28.02
2014-06-25,17500.0,27.92,28.11,27.86,27.67
2014-06-26,7700.0,27.82,28.287,27.59,27.59
2014-06-27,90500.0,28.31,28.42,27.59,27.59
2014-06-30,28400.0,28.7,28.82,28.14,27.97
2014-07-01,29100.0,28.88,29.0,28.99,28.76
2014-07-02,25400.0,28.82,28.97,28.94,28.73
2014-07-03,3900.0,28.97,29.0,29.0,28.84
2014-07-07,13600.0,28.6,28.99,28.84,28.52
2014-07-08,10500.0,28.38,28.68,28.68,28.34
2014-07-09,13300.0,28.34,28.5,28.47,28.17
2014-07-10,24400.0,27.78,28.1,27.89,27.63
2014-07-11,18200.0,27.61,27.9,27.62,27.55
2014-07-14,15900.0,28.4,28.52,27.74,27.74
2014-07-15,13500.0,28.12,28.65,28.38,28.12
2014-07-16,17100.0,27.74,28.38,28.38,27.46
2014-07-17,19700.0,27.08,27.7,27.64,27.0
2014-07-18,24800.0,27.29,27.42,27.01,27.01
2014-07-21,9100.0,27.26,27.6,27.28,27.23
2014-07-22,10700.0,28.12,28.35,27.59,27.5
2014-07-23,5800.0,28.23,28.47,28.16,28.16
2014-07-24,18300.0,27.22,28.48,28.13,27.21
2014-07-25,23700.0,27.3,27.66,27.12,27.0
2014-07-28,6700.0,27.18,27.46,27.46,27.17
2014-07-29,6200.0,27.27,27.61,27.37,27.27
2014-07-30,11000.0,27.66,27.71,27.39,27.25
2014-07-31,14500.0,27.01,27.4,27.31,27.0
2014-08-01,20200.0,27.18,27.37,27.08,27.01
2014-08-04,14000.0,27.32,27.48,27.28,27.18
2014-08-05,11700.0,27.34,27.62,27.18,27.04
2014-08-06,16400.0,27.96,28.76,27.12,27.12
2014-08-07,16300.0,28.02,28.53,27.98,27.98
2014-08-08,18700.0,27.9,28.12,28.03,27.858
2014-08-11,16000.0,27.85,28.05,28.0,27.77
2014-08-12,6500.0,27.66,27.8,27.76,27.65
2014-08-13,18800.0,27.7,27.85,27.85,27.5
2014-08-14,5200.0,27.6,27.75,27.65,27.6
2014-08-15,24500.0,27.53,27.87,27.87,27.31
2014-08-18,10800.0,27.99,28.0,27.84,27.6
2014-08-19,7000.0,27.97,28.07,28.0,27.91
2014-08-20,5800.0,27.45,27.9,27.9,27.31
2014-08-21,8000.0,27.44,27.61,27.11,27.06
2014-08-22,17500.0,27.65,27.76,27.51,27.5
2014-08-25,30500.0,27.88,27.9,27.72,27.51
2014-08-26,12300.0,27.89,28.0,27.83,27.83
2014-08-27,17300.0,27.84,28.0,27.895,27.67
2014-08-28,10400.0,27.82,28.1,27.77,27.73
2014-08-29,11100.0,27.9,28.0,27.98,27.7201
2014-09-02,13500.0,27.89,28.12,27.98,27.78
2014-09-03,11100.0,27.62,27.99,27.95,27.59
2014-09-04,11200.0,27.55,28.0,28.0,27.53
2014-09-05,14500.0,27.78,27.85,27.47,27.47
2014-09-08,11500.0,27.86,28.0,27.64,27.64
2014-09-09,15300.0,27.2,27.67,27.46,27.17
2014-09-10,12200.0,27.51,27.55,27.16,27.16
2014-09-11,9100.0,27.56,27.76,27.46,27.1
2014-09-12,16100.0,27.46,27.96,27.57,27.27
2014-09-15,12000.0,27.19,27.35,27.35,27.03
2014-09-16,11400.0,27.07,27.31,27.31,27.03
2014-09-17,10100.0,27.07,27.26,27.07,27.02
2014-09-18,10800.0,27.26,27.43,27.21,27.1028
2014-09-19,40600.0,27.47,27.63,27.31,27.02
2014-09-22,9500.0,27.4,27.59,27.25,27.16
2014-09-23,17200.0,27.06,27.61,27.39,27.02
2014-09-24,29429.0,27.18,27.23,27.11,27.01
2014-09-25,34221.0,27.04,27.23,27.04,27.0
2014-09-26,21059.0,27.07,27.15,27.07,26.99
2014-09-29,24235.0,27.32,27.42,27.0,27.0
2014-09-30,26226.0,27.01,27.44,27.32,27.01
2014-10-01,22862.0,27.1,27.22,27.08,27.0
2014-10-02,18013.0,27.4,27.5,27.35,27.24
2014-10-03,7427.0,27.27,27.94,27.69,27.25
2014-10-06,14186.0,27.27,27.71,27.42,27.25
2014-10-07,22315.0,27.06,27.65,27.05,27.0
2014-10-08,23840.0,27.27,27.54,27.01,27.01
2014-10-09,19656.0,27.01,27.5,27.34,26.95
2014-10-10,36367.0,27.04,27.48,27.0,26.95
2014-10-13,29502.0,27.75,27.95,27.02,27.02
2014-10-14,36984.0,28.36,28.45,27.97,27.78
2014-10-15,24618.0,28.43,28.59,28.03,27.27
2014-10-16,18579.0,28.5,28.77,28.04,28.04
2014-10-17,23127.0,27.55,28.77,28.77,27.55
2014-10-20,13159.0,27.4,27.76,27.26,27.03
2014-10-21,18483.0,28.59,28.66,27.67,27.67
2014-10-22,12919.0,28.29,28.73,28.68,28.19
2014-10-23,32362.0,28.68,28.77,28.6,28.07
2014-10-24,28259.0,28.88,28.96,28.69,28.59
2014-10-27,20457.0,28.9,28.99,28.82,28.5823
2014-10-28,48120.0,29.79,29.81,28.98,28.8
2014-10-29,30938.0,30.1,30.61,29.74,29.61
2014-10-30,50451.0,30.34,30.45,30.2,30.2
2014-10-31,36793.0,30.63,31.11,30.83,30.54
2014-11-03,18577.0,30.83,31.13,31.13,30.7
2014-11-04,23483.0,30.9,31.26,30.61,30.5
2014-11-05,22522.0,31.23,32.78,31.35,30.9
2014-11-06,22766.0,31.61,31.67,31.18,30.94
2014-11-07,17450.0,31.65,31.9,31.6,31.17
2014-11-10,19350.0,31.98,31.99,31.77,31.7
2014-11-11,35135.0,31.98,31.99,31.99,31.88
2014-11-12,24055.0,31.85,32.3,31.81,31.81
2014-11-13,18009.0,30.92,31.91,31.91,30.64
2014-11-14,22756.0,30.55,31.32,30.91,30.5
2014-11-17,8665.0,30.32,30.57,30.36,29.89
2014-11-18,26499.0,30.44,30.8749,30.29,30.29
2014-11-19,22375.0,29.7,30.07,29.88,29.49
2014-11-20,13022.0,29.96,30.13,29.59,29.59
2014-11-21,30771.0,30.08,30.26,30.13,29.42
2014-11-24,24975.0,29.95,30.12,30.04,29.75
2014-11-25,26397.0,29.9,29.96,29.96,29.68
2014-11-26,20995.0,30.16,30.47,29.82,29.82
2014-11-28,10549.0,30.07,30.14,30.03,29.81
2014-12-01,17981.0,29.75,30.38,30.07,29.75
2014-12-02,21246.0,30.17,30.7,29.55,29.33
2014-12-03,19015.0,30.36,30.58,29.84,29.31
2014-12-04,12578.0,30.49,30.85,30.094,30.08
2014-12-05,23684.0,31.67,32.0,30.57,30.57
2014-12-08,27865.0,31.33,32.0,31.7,31.2
2014-12-09,29950.0,31.98,32.01,31.05,30.44
2014-12-10,16319.0,31.55,31.99,31.98,31.5
2014-12-11,20701.0,31.72,32.05,31.71,31.68
2014-12-12,16030.0,31.33,31.95,31.35,31.325
2014-12-15,14595.0,31.03,31.47,31.32,31.01
2014-12-16,18185.0,31.62,32.0,31.11,31.11
2014-12-17,30900.0,31.99,32.04,31.55,31.53
2014-12-18,24157.0,32.14,32.25,32.0,31.78
2014-12-19,45805.0,32.34,32.48,32.05,32.05
2014-12-22,24334.0,32.89,33.27,32.345,32.34
2014-12-23,25319.0,33.34,33.81,32.5,32.5
2014-12-24,16316.0,33.54,33.75,33.5,33.2
2014-12-26,8376.0,34.02,34.25,33.78,33.6
2014-12-29,9495.0,34.47,35.7,35.05,34.23
2014-12-30,7187.0,34.21,34.98,34.98,34.05
2014-12-31,12756.0,34.06,34.409,34.08,34.0
2015-01-02,9787.0,33.74,34.64,34.25,33.4
2015-01-05,19116.0,32.94,34.14,33.63,32.52
2015-01-06,15362.0,32.51,33.02,32.89,32.06
2015-01-07,19543.0,33.68,33.84,33.01,32.74
2015-01-08,29090.0,33.79,34.0,33.75,33.49
2015-01-09,7563.0,33.45,33.72,33.71,33.43
2015-01-12,21328.0,33.41,33.69,33.34,33.34
2015-01-13,28854.0,33.43,33.75,33.48,33.27
2015-01-14,14530.0,33.31,33.4,33.39,33.19
2015-01-15,21247.0,32.93,33.34,33.18,32.53
2015-01-16,23087.0,33.38,33.42,32.69,32.69
2015-01-20,10905.0,33.27,33.54,33.11,32.1
2015-01-21,21533.0,32.86,33.25,32.6,31.86
2015-01-22,26468.0,33.47,33.6,33.14,32.95
2015-01-23,20593.0,32.96,33.45,33.45,32.651
2015-01-26,19702.0,32.68,32.87,32.87,32.54
2015-01-27,12230.0,31.45,32.45,31.5157,31.23
2015-01-28,22987.0,30.49,31.5,31.5,30.465
2015-01-29,30631.0,30.77,30.77,29.99,29.63
2015-01-30,31464.0,30.46,30.77,30.42,30.415
2015-02-02,17908.0,30.73,30.8,30.47,30.4
2015-02-03,34111.0,32.24,32.27,29.06,29.0458
2015-02-04,19251.0,31.95,32.535,32.535,31.56
2015-02-05,13570.0,32.12,32.22,32.21,31.92
2015-02-06,19028.0,32.22,32.64,32.29,31.83
2015-02-09,22202.0,31.59,32.6699,32.26,31.56
2015-02-10,9153.0,31.95,32.26,31.7,31.33
2015-02-11,19186.0,31.56,32.05,31.66,31.26
2015-02-12,8997.0,31.77,32.3,31.67,31.595
2015-02-13,7794.0,31.98,32.42,32.11,31.871
2015-02-17,9831.0,32.24,32.42,31.96,31.67
2015-02-18,10104.0,31.99,32.26,32.15,31.82
2015-02-19,7205.0,32.19,32.76,31.84,31.84
2015-02-20,11595.0,32.0,32.29,32.27,31.95
2015-02-23,13783.0,31.79,31.9843,31.89,31.3603
2015-02-24,3910.0,31.94,32.4,31.91,31.88
2015-02-25,6247.0,31.9,32.32,32.29,31.76
2015-02-26,9473.0,32.11,32.365,31.94,31.82
2015-02-27,29602.0,32.01,32.13,32.12,31.5725
2015-03-02,16967.0,32.38,32.51,31.93,31.93
2015-03-03,15496.0,31.99,32.75,32.37,31.99
2015-03-04,13826.0,31.67,31.88,31.65,31.46
2015-03-05,13981.0,31.61,31.74,31.52,31.35
2015-03-06,18800.0,31.57,32.062,31.4,31.4
2015-03-09,24524.0,31.97,32.5,31.7,31.7
2015-03-10,16119.0,31.91,31.96,31.95,31.3601
2015-03-11,22466.0,32.12,32.7,31.71,31.71
2015-03-12,13915.0,32.99,33.0,32.47,32.26
2015-03-13,12164.0,32.89,33.0,32.99,32.7
2015-03-16,15009.0,32.73,32.93,32.88,32.58
2015-03-17,13592.0,32.94,33.0,32.79,31.8
2015-03-18,10037.0,32.98,33.0,33.0,32.285
2015-03-19,8269.0,32.53,32.79,32.79,32.38
2015-03-20,30234.0,32.96,33.12,32.78,32.47
2015-03-23,12885.0,32.61,33.0,33.0,32.61
2015-03-24,10210.0,32.58,32.8,31.78,31.78
2015-03-25,8783.0,32.21,33.1602,32.57,32.18
2015-03-26,10806.0,32.7,32.77,32.1,31.83
2015-03-27,23196.0,32.45,32.91,32.58,32.1301
2015-03-30,20399.0,32.78,32.89,32.48,32.08
2015-03-31,16862.0,32.82,32.9,32.71,32.24
2015-04-01,24727.0,33.2,33.25,32.57,32.418
2015-04-02,20223.0,33.77,33.99,33.25,33.24
2015-04-06,6991.0,33.98,34.0,33.51,33.51
2015-04-07,7963.0,33.82,34.0,34.0,33.81
2015-04-08,12326.0,33.79,34.0,33.59,33.59
2015-04-09,17433.0,33.68,33.89,33.62,33.3
2015-04-10,17095.0,33.32,34.0,33.87,33.29
2015-04-13,19808.0,33.3,33.55,33.15,32.71
2015-04-14,24287.0,33.28,33.57,33.32,33.08
2015-04-15,17586.0,33.49,33.6,33.28,33.05
2015-04-16,15626.0,33.95,33.99,33.28,33.08
2015-04-17,22091.0,32.52,33.76,33.76,32.48
2015-04-20,38258.0,33.5,33.7,33.45,32.81
2015-04-21,15941.0,33.6,33.97,33.83,33.5
2015-04-22,65688.0,33.91,34.0,33.78,33.7
2015-04-23,30882.0,33.98,34.0,33.89,33.47
2015-04-24,28719.0,33.98,34.0,34.0,33.856
2015-04-27,39164.0,34.0,34.0,34.0,33.81
2015-04-28,59022.0,34.25,34.255,34.0,33.82
2015-04-29,46632.0,34.49,34.62,34.2,34.2
2015-04-30,57401.0,35.0,35.66,34.34,33.78
2015-05-01,34553.0,34.82,35.7,35.04,34.4
2015-05-04,29150.0,34.91,35.42,35.05,34.83
2015-05-05,30097.0,34.63,35.41,34.92,34.25
2015-05-06,23442.0,34.51,34.63,34.62,34.25
2015-05-07,20300.0,34.63,35.02,34.64,34.16
2015-05-08,26670.0,35.26,35.3,34.99,34.57
2015-05-11,16380.0,35.77,35.9,35.07,35.07
2015-05-12,27061.0,35.95,35.96,35.57,35.16
2015-05-13,16917.0,36.22,36.276,35.82,35.668
2015-05-14,47887.0,36.77,37.97,36.22,36.22
2015-05-15,35811.0,36.47,36.93,36.93,36.33
2015-05-18,25146.0,37.27,37.39,36.4,36.28
2015-05-19,31724.0,37.09,37.36,37.04,36.86
2015-05-20,35229.0,37.46,37.75,37.23,36.88
2015-05-21,24695.0,37.21,37.576,37.16,37.07
2015-05-22,18635.0,36.26,37.43,37.26,36.19
2015-05-26,29511.0,35.18,36.05,35.9,34.78
2015-05-27,33547.0,35.72,36.07,35.14,34.93
2015-05-28,33965.0,35.44,35.79,35.44,35.0
2015-05-29,29295.0,35.3,36.0,35.46,34.97
2015-06-01,22880.0,35.66,36.0,35.66,35.1
2015-06-02,26009.0,35.33,35.92,35.6,35.25
2015-06-03,32744.0,36.63,36.63,35.41,35.4
2015-06-04,18312.0,35.29,36.52,36.27,35.26
2015-06-05,47010.0,35.63,35.76,35.48,35.3
2015-06-08,17716.0,35.71,36.14,35.68,35.57
2015-06-09,24763.0,35.77,36.14,35.84,35.37
2015-06-10,35650.0,35.78,36.16,36.05,35.6
2015-06-11,29536.0,35.5,36.19,35.89,35.34
2015-06-12,42620.0,35.47,35.78,35.3,35.3
2015-06-15,42068.0,35.37,35.6,35.31,35.11
2015-06-16,45738.0,35.49,35.63,35.33,35.2
2015-06-17,41158.0,35.24,35.7,35.42,35.04
2015-06-18,52427.0,35.44,36.05,35.2,35.16
2015-06-19,60050.0,36.25,36.38,35.6,35.34
2015-06-22,31994.0,36.93,37.22,36.46,36.16
2015-06-23,41612.0,37.25,37.54,36.94,36.92
2015-06-24,30766.0,36.74,37.44,37.44,36.63
2015-06-25,26949.0,36.89,37.09,36.86,36.6116
2015-06-26,152439.0,37.3,37.3,37.04,36.68
2015-06-29,34904.0,37.01,38.21,36.5,36.22
2015-06-30,32967.0,37.53,37.93,37.275,37.16
2015-07-01,21920.0,37.9,38.2,37.46,37.46
2015-07-02,19133.0,37.62,38.3,37.79,37.41
2015-07-06,26053.0,37.32,37.56,37.18,37.09
2015-07-07,31629.0,37.12,37.35,37.27,36.29
2015-07-08,26982.0,37.01,37.22,36.74,36.57
2015-07-09,58603.0,36.68,37.61,37.55,36.27
2015-07-10,55908.0,36.78,37.575,37.07,36.75
2015-07-13,43043.0,36.85,37.42,37.08,36.67
2015-07-14,69242.0,36.49,37.52,36.84,36.43
2015-07-15,57746.0,36.5,37.41,36.55,36.46
2015-07-16,83909.0,36.5,37.2899,36.89,36.47
2015-07-17,64031.0,36.62,37.17,36.7,36.03
2015-07-20,83699.0,36.3,37.0,36.93,36.18
2015-07-21,64409.0,36.09,38.0,38.0,36.09
2015-07-22,125058.0,36.21,37.14,36.24,35.84
2015-07-23,77579.0,35.93,36.92,36.4,35.76
2015-07-24,89735.0,35.96,36.17,35.74,35.535
2015-07-27,75166.0,35.99,36.43,36.24,35.8742
2015-07-28,132966.0,36.0,36.355,36.03,35.84
2015-07-29,79140.0,36.1,36.55,35.95,35.885
2015-07-30,155631.0,38.95,39.95,36.2,35.99
2015-07-31,59099.0,38.45,39.12,39.0,38.03
2015-08-03,83503.0,38.79,38.83,38.58,37.67
2015-08-04,33085.0,38.33,39.0,38.61,38.2209
2015-08-05,42273.0,38.42,38.95,38.36,38.08
2015-08-06,36732.0,38.17,38.5,38.5,37.2501
2015-08-07,19196.0,38.0,38.44,37.96,37.623
2015-08-10,44590.0,37.92,38.3,37.83,37.69
2015-08-11,30250.0,37.22,37.99,37.2,35.894
2015-08-12,18269.0,36.86,36.94,36.82,36.34
2015-08-13,26499.0,36.64,36.99,36.86,36.55
2015-08-14,26878.0,37.12,37.33,36.5,36.24
2015-08-17,33821.0,37.78,37.87,36.84,36.47
2015-08-18,41238.0,37.59,38.0288,37.62,37.45
2015-08-19,59824.0,37.76,38.16,37.18,36.99
2015-08-20,66825.0,37.48,38.05,37.57,37.1
2015-08-21,46853.0,38.3,38.43,36.92,36.73
2015-08-24,59565.0,36.53,37.79,36.58,36.1101
2015-08-25,49097.0,36.43,37.59,37.59,36.28
2015-08-26,38674.0,37.46,37.51,37.17,36.7
2015-08-27,46464.0,37.71,38.36,37.85,37.2
2015-08-28,46095.0,37.44,37.89,37.66,37.07
2015-08-31,25252.0,37.69,37.86,37.25,37.02
2015-09-01,30214.0,36.24,37.39,37.17,36.11
2015-09-02,28299.0,37.0,37.0,36.63,36.34
2015-09-03,24745.0,36.53,37.11,36.93,36.49
2015-09-04,15488.0,36.48,36.68,36.25,35.86
2015-09-08,21683.0,37.21,37.37,37.03,36.75
2015-09-09,29134.0,35.96,37.45,37.31,35.91
2015-09-10,26240.0,36.74,36.91,36.03,35.87
2015-09-11,22008.0,36.58,36.76,36.51,36.26
2015-09-14,23664.0,36.55,36.72,36.5,36.33
2015-09-15,24153.0,37.04,37.11,36.5,35.97
2015-09-16,28744.0,36.5,37.27,37.12,36.18
2015-09-17,25765.0,36.11,36.94,36.34,36.09
2015-09-18,35050.0,35.75,36.03,35.69,35.4791
2015-09-21,37154.0,35.64,36.185,35.93,35.41
2015-09-22,33370.0,35.35,35.75,35.3,35.12
2015-09-23,44581.0,35.71,35.93,35.32,35.19
2015-09-24,78788.0,37.43,37.91,35.6,35.03
2015-09-25,33292.0,36.47,37.9,37.76,36.15
2015-09-28,27172.0,36.32,36.9,36.25,36.01
2015-09-29,24157.0,37.17,37.36,36.34,36.2815
2015-09-30,88935.0,36.56,37.38,37.38,36.27
2015-10-01,40237.0,37.28,37.49,36.5,36.11
2015-10-02,46718.0,37.28,37.424,36.87,35.5
2015-10-05,45117.0,36.87,36.95,36.53,36.39
2015-10-06,34748.0,35.42,36.67,36.66,35.34
2015-10-07,29203.0,35.58,35.74,35.36,35.01
2015-10-08,15714.0,35.94,36.001,35.1,35.1
2015-10-09,61123.0,35.5,35.98,35.85,35.29
2015-10-12,24496.0,36.55,36.79,35.5,35.4
2015-10-13,34033.0,36.56,36.82,36.51,36.2
2015-10-14,50141.0,36.52,36.8,36.43,36.38
2015-10-15,44402.0,37.85,37.88,36.56,36.41
2015-10-16,61483.0,38.04,38.23,37.79,37.79
2015-10-19,41754.0,38.57,38.72,38.3,38.2
2015-10-20,64453.0,40.05,40.08,38.76,38.61
2015-10-21,62057.0,39.06,40.16,40.1,39.01
2015-10-22,44663.0,39.14,39.5,39.14,38.62
2015-10-23,46953.0,39.5,39.76,39.31,39.19
2015-10-26,32231.0,39.47,39.5,39.5,39.36
2015-10-27,29483.0,38.85,39.5,39.34,38.7401
2015-10-28,82328.0,39.5,39.95,38.84,38.84
2015-10-29,30073.0,39.3,39.8,39.61,38.9
2015-10-30,40058.0,38.3,39.28,39.28,38.0
2015-11-02,32909.0,39.05,39.09,38.3,38.19
2015-11-03,24070.0,38.97,39.32,39.04,38.64
2015-11-04,24123.0,39.19,39.5,38.97,38.875
2015-11-05,25547.0,39.33,39.575,39.17,39.17
2015-11-06,46587.0,40.26,40.47,39.55,39.55
2015-11-09,29006.0,39.93,40.25,40.25,39.85
2015-11-10,24273.0,39.52,39.75,39.67,39.48
2015-11-11,18526.0,39.36,39.67,39.5,39.16
2015-11-12,45576.0,39.41,39.5,39.19,38.81
2015-11-13,45660.0,39.43,39.5,39.07,38.95
2015-11-16,42132.0,39.69,39.89,39.5,39.295
2015-11-17,36907.0,39.45,39.71,39.5,39.34
2015-11-18,41504.0,39.86,39.91,39.26,39.26
2015-11-19,20965.0,40.21,40.325,39.86,39.41
2015-11-20,84534.0,39.59,40.4,40.38,39.5
2015-11-23,40045.0,40.31,40.38,39.39,39.25
2015-11-24,23230.0,40.94,41.07,40.23,39.97
2015-11-25,21277.0,41.05,41.19,40.94,40.36
2015-11-27,15306.0,41.74,41.91,41.0,40.93
2015-11-30,37484.0,41.53,41.88,41.75,41.37
2015-12-01,18899.0,41.9,42.0,41.86,41.53
2015-12-02,24938.0,41.68,42.02,41.82,41.55
2015-12-03,29380.0,40.39,41.71,41.62,40.32
2015-12-04,24124.0,42.1,42.46,40.44,40.44
2015-12-07,35796.0,40.6,42.27,42.21,40.38
2015-12-08,22936.0,39.88,40.49,40.36,39.8
2015-12-09,36176.0,39.55,40.02,39.65,39.4
2015-12-10,26254.0,39.32,39.74,39.62,39.05
2015-12-11,31347.0,38.98,39.32,38.82,38.81
2015-12-14,18223.0,39.22,39.5,39.12,38.78
2015-12-15,23678.0,39.66,39.95,39.39,38.99
2015-12-16,24032.0,39.74,39.95,39.78,39.3
2015-12-17,20563.0,39.76,40.7299,40.04,39.52
2015-12-18,67998.0,38.46,39.85,39.51,38.36
2015-12-21,54211.0,37.81,38.76,38.76,36.98
2015-12-22,27381.0,38.57,38.615,37.41,36.01
2015-12-23,33163.0,38.87,39.4,38.56,38.28
2015-12-24,22444.0,38.95,39.47,38.95,38.57
2015-12-28,24615.0,38.63,38.91,38.569,38.13
2015-12-29,43387.0,38.98,39.6,38.5,38.5
2015-12-30,17455.0,38.74,38.86,38.84,38.64
2015-12-31,43199.0,37.78,38.75,38.64,37.71
2016-01-04,49953.0,37.02,37.54,37.46,36.63
2016-01-05,49253.0,38.08,38.55,36.99,36.99
2016-01-06,28754.0,38.48,38.9,38.395,38.04
2016-01-07,55750.0,37.96,38.81,37.48,37.47
2016-01-08,41564.0,37.04,38.7,38.09,36.79
2016-01-11,66747.0,37.46,37.79,37.15,36.905
2016-01-12,37962.0,37.3,38.13,37.92,37.12
2016-01-13,41218.0,36.38,37.8,37.64,36.19
2016-01-14,73083.0,37.15,40.94,36.76,36.76
2016-01-15,66453.0,36.89,37.26,36.25,36.25
2016-01-19,72513.0,37.16,40.98,40.49,36.93
2016-01-20,124124.0,37.48,37.84,37.03,36.42
2016-01-21,53882.0,37.41,38.16,37.89,37.2801
2016-01-22,67741.0,37.59,37.91,37.91,37.11
2016-01-25,52047.0,36.7,37.6,37.51,36.67
2016-01-26,37495.0,36.91,37.2,36.93,36.03
2016-01-27,49840.0,35.77,36.91,36.69,35.62
2016-01-28,34977.0,36.62,36.81,35.95,35.95
2016-01-29,70704.0,38.93,39.0,36.89,36.89
2016-02-01,56693.0,38.19,39.02,38.69,37.99
2016-02-02,48235.0,38.19,38.63,37.93,37.8
2016-02-03,52347.0,37.9,38.55,38.55,37.69
2016-02-04,40423.0,37.96,38.3,37.95,37.81
2016-02-05,58571.0,37.61,38.05,37.87,37.5
2016-02-08,75447.0,37.87,38.09,37.26,36.4301
2016-02-09,64697.0,37.45,37.8,37.4,36.89
2016-02-10,53673.0,37.67,38.32,37.58,37.56
2016-02-11,43989.0,37.25,37.7,37.16,36.94
2016-02-12,48723.0,38.63,38.73,37.78,37.78
2016-02-16,25620.0,38.65,39.39,39.07,38.3001
2016-02-17,61384.0,38.3,39.25,38.73,38.0
2016-02-18,30270.0,38.32,38.91,38.25,38.11
2016-02-19,39383.0,38.88,39.14,38.3,38.3
2016-02-22,38017.0,38.78,39.35,39.16,38.71
2016-02-23,30917.0,38.69,39.06,38.6,38.25
2016-02-24,28705.0,38.69,38.92,38.35,38.06
2016-02-25,29927.0,39.49,39.67,38.85,38.8
2016-02-26,35028.0,39.26,39.9,39.85,39.2
2016-02-29,53029.0,39.19,39.88,39.17,39.0799
2016-03-01,29568.0,40.05,40.3,39.32,39.121
2016-03-02,25702.0,39.91,40.01,39.84,39.5
2016-03-03,35420.0,39.41,39.88,39.79,39.25
2016-03-04,33695.0,39.46,39.84,39.25,39.115
2016-03-07,33330.0,39.19,39.59,39.14,38.915
2016-03-08,25561.0,38.98,39.36,38.93,38.9224
2016-03-09,40691.0,39.22,39.47,39.05,38.8
2016-03-10,19447.0,38.83,39.42,39.32,38.7
2016-03-11,24040.0,39.48,39.5381,39.15,38.81
2016-03-14,45725.0,38.42,39.48,39.27,38.25
2016-03-15,27888.0,38.24,38.8,38.23,38.16
2016-03-16,41350.0,38.56,38.63,38.07,38.07
2016-03-17,38087.0,38.85,39.24,38.5,38.4307
2016-03-18,54655.0,39.42,39.63,38.86,38.86
2016-03-21,29169.0,39.19,39.46,39.27,38.74
2016-03-22,30706.0,39.09,39.21,38.86,38.86
2016-03-23,14842.0,38.51,39.16,39.16,38.42
2016-03-24,20209.0,38.49,38.65,38.41,38.14
2016-03-28,38256.0,38.2,38.76,38.52,37.87
2016-03-29,36692.0,38.7,38.77,38.02,37.89
2016-03-30,13682.0,38.7,38.89,38.89,38.09
2016-03-31,35544.0,38.41,38.7499,38.74,38.38
2016-04-01,20068.0,38.46,38.62,38.27,38.01
2016-04-04,10690.0,38.14,38.37,38.37,38.14
2016-04-05,30671.0,38.05,38.53,38.0,38.0
2016-04-06,19860.0,38.25,38.4,38.06,38.06
2016-04-07,34251.0,37.56,38.55,38.0,37.53
2016-04-08,15038.0,37.98,38.1999,37.76,37.61
2016-04-11,32697.0,37.84,38.7,38.14,37.81
2016-04-12,31377.0,38.41,38.51,37.81,37.81
2016-04-13,30743.0,38.7,38.82,37.87,37.87
2016-04-14,21709.0,38.75,39.31,38.5499,38.53
2016-04-15,21786.0,38.67,39.01,38.45,38.04
2016-04-18,33141.0,38.62,39.03,38.46,38.43
2016-04-19,40670.0,39.55,39.59,38.69,38.555
2016-04-20,35079.0,39.32,39.5,39.45,39.1501
2016-04-21,42146.0,39.37,39.59,39.17,39.17
2016-04-22,37974.0,39.41,39.6,39.19,39.06
2016-04-25,20879.0,39.38,39.59,39.116,38.96
2016-04-26,22843.0,39.88,39.89,39.55,39.31
2016-04-27,40063.0,39.48,39.77,39.73,39.28
2016-04-28,37570.0,39.5,39.65,39.26,39.26
2016-04-29,22127.0,39.58,39.59,39.53,39.31
2016-05-02,34772.0,39.48,39.53,39.47,38.965
2016-05-03,21309.0,38.9,39.44,39.22,38.56
2016-05-04,82833.0,39.5,39.91,39.11,38.74
2016-05-05,21844.0,39.2,39.63,39.51,38.0743
2016-05-06,24302.0,39.15,39.45,39.08,38.79
2016-05-09,23759.0,38.77,39.19,39.05,38.71
2016-05-10,32200.0,39.39,39.43,38.99,38.9
2016-05-11,26252.0,38.79,39.62,39.1,38.76
2016-05-12,43849.0,39.04,39.53,39.16,38.69
2016-05-13,32642.0,39.67,39.91,38.96,38.96
2016-05-16,51331.0,40.12,40.42,39.62,39.44
2016-05-17,35794.0,38.72,39.94,39.94,38.32
2016-05-18,27619.0,39.49,39.56,38.5,38.5
2016-05-19,28651.0,39.07,39.3599,39.27,38.59
2016-05-20,31370.0,39.36,39.46,39.28,38.9101
2016-05-23,29852.0,39.92,40.14,39.26,39.23
2016-05-24,30378.0,40.99,41.12,40.27,40.14
2016-05-25,22232.0,40.59,41.14,40.95,40.46
2016-05-26,8523.0,40.23,40.59,40.58,40.22
2016-05-27,23460.0,40.84,40.91,40.53,40.28
2016-05-31,20186.0,40.37,40.84,40.84,40.02
2016-06-01,23214.0,40.76,40.77,40.1,40.1
2016-06-02,23788.0,40.78,40.86,40.48,40.35
2016-06-03,30235.0,40.6,40.735,40.72,39.91
2016-06-06,11985.0,40.73,40.93,40.58,40.58
2016-06-07,16049.0,40.63,41.16,40.55,40.55
2016-06-08,19933.0,41.16,41.21,40.5,40.46
2016-06-09,15513.0,40.8,41.18,41.01,40.47
2016-06-10,11579.0,40.84,41.0,40.63,40.56
2016-06-13,14935.0,39.78,40.91,40.3,39.65
2016-06-14,14374.0,39.44,39.805,39.805,39.35
2016-06-15,25331.0,39.44,39.76,39.46,39.0599
2016-06-16,18833.0,39.26,39.47,39.43,38.71
2016-06-17,86477.0,39.99,40.01,39.48,38.83
2016-06-20,39516.0,39.77,41.1,40.475,39.56
2016-06-21,13127.0,39.57,40.155,39.82,39.42
2016-06-22,32371.0,39.25,39.7742,39.67,39.23
2016-06-23,23152.0,39.86,39.97,39.89,39.57
2016-06-24,69860.0,38.87,39.5,38.85,38.0
2016-06-27,36014.0,37.92,38.42,38.33,37.68
2016-06-28,33288.0,37.71,38.2,38.2,37.63
2016-06-29,22735.0,38.2,38.29,38.02,37.72
2016-06-30,20790.0,38.85,40.03,40.03,38.066
2016-07-01,23834.0,38.58,38.85,38.4,38.17
2016-07-05,21202.0,38.45,38.7,38.31,38.17
2016-07-06,15659.0,38.55,38.625,38.55,38.09
2016-07-07,23029.0,38.41,38.77,38.65,38.19
2016-07-08,25134.0,38.76,38.86,38.65,38.29
2016-07-11,25734.0,39.0,39.17,38.74,38.61
2016-07-12,16585.0,39.24,39.35,39.0,38.9
2016-07-13,28506.0,39.3,39.55,39.05,38.91
2016-07-14,18012.0,39.29,39.45,39.45,39.25
2016-07-15,21993.0,39.41,39.56,39.56,39.12
2016-07-18,24851.0,39.46,39.67,39.54,39.22
2016-07-19,30732.0,39.42,39.97,39.97,38.63
2016-07-20,13997.0,40.81,40.96,39.6,39.6
2016-07-21,31534.0,40.99,41.0,40.6,40.37
2016-07-22,60993.0,41.92,42.0,40.83,40.64
2016-07-25,74496.0,43.0,43.27,41.91,41.88
2016-07-26,43382.0,42.94,43.44,42.78,42.72
2016-07-27,40282.0,43.16,43.24,42.79,41.74
2016-07-28,22322.0,42.0,42.86,42.83,41.1316
2016-07-29,28048.0,41.69,42.35,42.01,41.4
2016-08-01,16251.0,41.94,42.08,41.72,41.235
2016-08-02,32960.0,41.68,42.1,41.4952,41.4952
2016-08-03,28683.0,42.24,42.3699,41.5,41.5
2016-08-04,25456.0,42.31,42.65,42.43,41.96
2016-08-05,26293.0,43.11,43.33,42.84,42.72
2016-08-08,18044.0,42.9,43.246,42.99,42.85
2016-08-09,25368.0,43.69,43.71,43.05,43.05
2016-08-10,15296.0,43.4,43.61,43.48,43.1
2016-08-11,29597.0,43.31,43.63,43.46,43.15
2016-08-12,32504.0,43.84,43.96,43.4,43.21
2016-08-15,36048.0,44.11,44.28,43.88,43.84
2016-08-16,46917.0,43.92,44.02,43.95,43.6001
2016-08-17,16984.0,44.07,44.175,43.78,43.78
2016-08-18,28569.0,44.39,44.415,44.09,43.8647
2016-08-19,26778.0,44.53,44.58,44.22,44.17
2016-08-22,31980.0,44.57,44.75,44.34,44.21
2016-08-23,27221.0,44.79,45.3499,44.56,44.018
2016-08-24,57208.0,44.5,45.51,44.6,43.95
2016-08-25,28606.0,45.03,45.03,44.31,44.27
2016-08-26,33937.0,45.98,46.12,45.2,44.9
2016-08-29,24647.0,46.17,46.65,46.1,45.59
2016-08-30,17323.0,46.14,46.83,46.42,46.03
2016-08-31,36146.0,45.49,46.4,46.32,45.44
2016-09-01,41824.0,44.89,45.52,45.21,44.42
2016-09-02,24659.0,45.3,45.36,44.82,44.68
2016-09-06,38282.0,44.59,45.61,45.49,44.41
2016-09-07,38896.0,45.14,45.18,44.75,44.75
2016-09-08,19875.0,45.88,46.0,44.95,44.95
2016-09-09,26345.0,44.42,45.96,45.87,44.4
2016-09-12,36870.0,44.39,44.8899,43.83,43.76
2016-09-13,22540.0,44.08,44.26,44.18,43.81
2016-09-14,31561.0,43.89,44.15,43.99,43.65
2016-09-15,24682.0,44.1,44.19,43.65,43.65
2016-09-16,55859.0,44.47,44.69,44.2,43.8203
2016-09-19,38778.0,44.48,45.181,44.55,44.35
2016-09-20,36345.0,44.69,45.1099,44.44,44.37
2016-09-21,46811.0,44.91,45.4899,44.75,44.445
2016-09-22,41463.0,45.76,45.85,44.73,44.73
2016-09-23,40579.0,45.24,45.72,45.54,44.615
2016-09-26,28040.0,44.2,45.31,44.9,44.11
2016-09-27,13940.0,44.52,44.816,44.59,44.3
2016-09-28,23336.0,44.96,44.98,44.72,44.46
2016-09-29,19257.0,44.69,45.3,44.91,44.355
2016-09-30,49074.0,44.64,45.17,44.73,44.48
2016-10-03,24213.0,44.93,45.09,44.39,44.34
2016-10-04,30337.0,45.25,45.47,44.79,44.52
2016-10-05,27772.0,45.17,45.915,45.51,45.0
2016-10-06,54611.0,44.06,45.12,44.9,43.975
2016-10-07,40943.0,43.87,44.2,44.2,43.42
2016-10-10,28500.0,44.56,44.99,43.85,43.85
2016-10-11,31488.0,44.37,45.09,44.69,44.13
2016-10-12,30014.0,44.87,45.24,43.9,43.9
2016-10-13,20014.0,43.73,44.33,44.33,43.28
2016-10-14,20629.0,43.96,44.505,43.86,43.52
2016-10-17,14616.0,43.98,44.1,44.0,43.65
2016-10-18,59852.0,42.41,44.94,44.83,41.0267
2016-10-19,35273.0,42.07,42.52,42.39,41.85
2016-10-20,22598.0,42.07,42.41,41.87,41.72
2016-10-21,33254.0,42.12,42.43,41.99,41.65
2016-10-24,23046.0,42.07,42.75,42.36,41.92
2016-10-25,25527.0,41.69,42.16,42.16,41.545
2016-10-26,29649.0,41.28,43.16,43.16,41.1435
2016-10-27,21692.0,41.45,41.595,41.4,40.8887
2016-10-28,21291.0,41.12,43.47,41.81,41.05
2016-10-31,73762.0,39.48,41.1,40.52,39.31
2016-11-01,31101.0,40.26,40.47,39.67,39.67
2016-11-02,23655.0,39.72,40.9,40.15,39.52
2016-11-03,32213.0,39.15,39.61,39.61,38.56
2016-11-04,53904.0,38.7,39.36,38.75,36.9059
2016-11-07,29271.0,40.19,40.37,38.99,38.97
2016-11-08,24620.0,39.51,40.0,40.0,39.4
2016-11-09,34639.0,41.39,41.5,39.64,39.64
2016-11-10,34253.0,42.48,42.71,41.93,41.4
2016-11-11,65009.0,43.8,44.0,42.47,41.295
2016-11-14,40342.0,43.47,45.02,44.2,42.66
2016-11-15,28021.0,43.54,43.84,43.3,42.6112
2016-11-16,31529.0,43.56,43.95,43.53,43.005
2016-11-17,38643.0,43.46,43.99,43.4,43.12
2016-11-18,44861.0,45.8,45.85,43.57,43.4
2016-11-21,20528.0,45.25,45.79,45.79,44.8207
2016-11-22,102947.0,45.97,46.0,45.17,44.96
2016-11-23,21124.0,46.27,46.81,45.94,45.8
2016-11-25,8100.0,46.43,46.76,45.95,45.95
2016-11-28,19920.0,45.81,46.3,45.89,45.57
2016-11-29,32837.0,46.63,47.16,45.75,45.59
2016-11-30,20484.0,46.29,47.74,47.12,46.1
2016-12-01,24220.0,46.11,46.975,46.79,45.832
2016-12-02,25030.0,46.09,46.22,45.93,45.2389
2016-12-05,26132.0,47.14,47.25,46.26,46.26
2016-12-06,20585.0,47.42,47.5,46.7938,46.73
2016-12-07,22521.0,47.43,47.5,47.03,46.865
2016-12-08,26871.0,48.31,48.4,47.48,47.27
2016-12-09,32147.0,49.46,49.68,48.05,48.05
2016-12-12,28047.0,49.4,52.18,49.47,49.27
2016-12-13,37407.0,50.34,50.6,49.73,49.165
2016-12-14,25063.0,49.56,50.6,49.68,49.045
2016-12-15,37639.0,49.9,50.73,48.89,48.89
2016-12-16,63903.0,50.22,51.01,50.19,48.08
2016-12-19,33207.0,50.95,51.19,50.84,50.26
2016-12-20,27319.0,51.38,52.305,51.25,51.25
2016-12-21,23930.0,51.27,51.71,51.17,51.0005
2016-12-22,31922.0,51.0,52.1248,51.01,50.66
2016-12-23,17286.0,50.32,51.04,51.04,50.2
2016-12-27,20387.0,51.27,51.4,50.54,50.54
2016-12-28,17117.0,51.14,51.5,51.5,50.9
2016-12-29,9545.0,50.72,50.8189,50.76,50.39
2016-12-30,15075.0,50.74,51.25,51.25,50.4
2017-01-03,17758.0,50.8,51.15,51.15,50.34
2017-01-04,28311.0,50.59,50.86,50.6,50.51
2017-01-05,15212.0,49.76,50.225,50.01,49.0001
2017-01-06,10973.0,49.65,49.97,49.94,49.62
2017-01-09,35006.0,48.59,49.36,49.36,48.49
2017-01-10,25966.0,48.81,49.19,48.4,48.4
2017-01-11,18789.0,49.03,49.5076,48.7,48.44
2017-01-12,15503.0,47.83,49.0367,48.68,47.435
2017-01-13,13979.0,48.0,48.68,48.6,47.82
2017-01-17,24643.0,47.26,47.9,47.7891,47.12
2017-01-18,29179.0,47.41,47.68,47.26,46.88
2017-01-19,38070.0,47.4,47.6,47.395,46.27
2017-01-20,28320.0,47.77,48.2,47.41,47.21
2017-01-23,23150.0,47.78,47.87,47.46,46.81
2017-01-24,51189.0,50.18,50.7397,47.96,47.96
2017-01-25,32185.0,49.64,50.85,50.27,49.61
2017-01-26,33838.0,49.81,49.95,49.7,49.02
2017-01-27,28264.0,49.68,50.25,49.45,49.24
2017-01-30,25664.0,48.41,49.47,49.47,48.31
2017-01-31,29004.0,48.46,48.8705,48.39,47.72
2017-02-01,20908.0,48.76,49.21,48.86,48.55
2017-02-02,15980.0,48.56,48.84,48.2,47.78
2017-02-03,18255.0,48.9,49.26,48.53,48.5
2017-02-06,18998.0,49.22,49.8776,48.99,48.76
2017-02-07,20849.0,48.62,49.29,49.29,48.32
2017-02-08,23061.0,47.97,48.575,48.575,47.51
2017-02-09,14525.0,48.15,48.53,48.13,47.96
2017-02-10,13972.0,48.57,48.81,48.45,47.97
2017-02-13,17722.0,48.81,49.44,48.71,48.71
2017-02-14,23130.0,49.42,49.68,48.61,48.25
2017-02-15,9784.0,49.38,49.47,49.08,49.0
2017-02-16,20721.0,49.22,49.43,49.3,49.135
2017-02-17,29582.0,49.94,50.0,49.29,49.0
2017-02-21,16072.0,49.94,50.28,50.28,49.536
2017-02-22,16061.0,49.38,49.67,49.42,49.01
2017-02-23,9915.0,49.78,50.01,49.78,49.2
2017-02-24,18011.0,49.61,50.073,49.65,49.37
2017-02-27,17280.0,49.83,50.1902,50.0,49.37
2017-02-28,25013.0,49.15,49.83,49.79,48.56
2017-03-01,18950.0,49.8,50.2467,49.89,49.59
2017-03-02,11716.0,49.25,50.3,50.3,49.0
2017-03-03,21241.0,49.85,50.03,49.07,48.88
2017-03-06,14798.0,49.43,49.85,49.85,48.78
2017-03-07,27970.0,48.71,49.06,48.86,48.49
2017-03-08,23411.0,48.86,49.33,49.31,48.66
2017-03-09,25720.0,49.46,49.73,48.99,48.99
2017-03-10,32604.0,49.43,49.9,49.9,49.02
2017-03-13,27050.0,49.35,49.96,49.57,49.07
2017-03-14,21829.0,49.35,49.385,49.35,48.76
2017-03-15,24167.0,49.92,49.97,49.36,49.36
2017-03-16,31595.0,50.45,50.74,49.94,49.94
2017-03-17,41345.0,50.96,50.98,50.34,50.34
2017-03-20,43844.0,50.69,51.0,50.2,49.95
2017-03-21,36409.0,48.84,50.89,50.7768,48.69
2017-03-22,29362.0,47.32,48.93,48.73,46.71
2017-03-23,24450.0,47.83,48.48,47.46,47.44
2017-03-24,17199.0,48.03,48.62,48.08,47.7
2017-03-27,47847.0,47.76,48.57,47.46,47.25
2017-03-28,28400.0,49.33,49.45,47.7395,47.46
2017-03-29,18754.0,49.1,49.45,49.11,48.88
2017-03-30,15204.0,50.33,50.53,49.41,49.41
2017-03-31,46663.0,49.51,50.39,50.23,49.3601
2017-04-03,31653.0,50.36,50.46,49.78,49.45
2017-04-04,23211.0,50.44,50.62,49.915,49.07
2017-04-05,32906.0,50.3,50.95,50.84,49.85
2017-04-06,20514.0,50.29,50.7186,50.7186,48.78
2017-04-07,27295.0,50.52,51.24,50.01,49.725
2017-04-10,31845.0,50.4,50.9136,50.34,50.26
2017-04-11,35859.0,51.9,52.35,50.08,50.08
2017-04-12,26046.0,50.86,51.97,51.89,50.44
2017-04-13,72721.0,49.93,51.52,50.78,49.73
2017-04-17,48642.0,52.49,52.49,50.34,49.4172
2017-04-18,68359.0,52.23,54.74,52.48,51.41
2017-04-19,44860.0,51.33,52.64,52.11,51.16
2017-04-20,23259.0,52.38,52.44,51.33,51.33
2017-04-21,34447.0,52.3,52.95,52.08,51.486
2017-04-24,39274.0,54.28,54.28,53.27,53.27
2017-04-25,38253.0,54.99,55.36,54.4,54.25
2017-04-26,37631.0,54.91,56.2,54.73,54.375
2017-04-27,29021.0,54.9,55.27,55.0,54.65
2017-04-28,82418.0,53.64,55.19,54.8,52.99
2017-05-01,30277.0,54.35,54.92,54.03,53.8
2017-05-02,29514.0,54.44,55.35,54.39,54.03
2017-05-03,22123.0,54.8,54.9,54.32,54.1926
2017-05-04,15384.0,54.59,54.98,54.86,54.15
2017-05-05,26176.0,54.82,54.97,54.2734,53.285
2017-05-08,23964.0,54.99,55.3472,55.0,54.46
2017-05-09,38639.0,54.72,55.66,55.25,54.481
2017-05-10,41629.0,54.27,54.89,54.89,53.96
2017-05-11,15861.0,54.0,54.33,54.15,53.0901
2017-05-12,17595.0,53.58,53.99,53.88,53.18
2017-05-15,34403.0,54.57,54.83,53.49,53.49
2017-05-16,22924.0,54.86,55.1,54.96,54.215
2017-05-17,38536.0,52.33,54.07,53.57,52.33
2017-05-18,37349.0,52.7,53.5,52.73,52.63
2017-05-19,55547.0,52.16,53.22,53.13,51.95
2017-05-22,26278.0,52.8,52.98,52.35,52.21
2017-05-23,22774.0,52.83,53.8392,53.08,52.01
2017-05-24,21185.0,52.38,53.06,53.06,52.01
2017-05-25,32994.0,51.8,53.16,52.56,51.31
2017-05-26,40163.0,51.96,52.47,51.75,50.69
2017-05-30,27373.0,51.84,52.2575,51.73,50.95
2017-05-31,105937.0,52.1,52.15,51.77,51.35
2017-06-01,34560.0,53.41,53.56,52.02,50.45
2017-06-02,34231.0,54.2,55.31,53.07,52.93
2017-06-05,26400.0,53.38,54.945,54.27,53.26
2017-06-06,19022.0,53.02,54.64,53.17,52.945
2017-06-07,25130.0,53.23,53.71,53.0,52.33
2017-06-08,23159.0,54.63,55.47,53.23,53.23
2017-06-09,42505.0,55.99,56.63,54.6429,54.6429
2017-06-12,26560.0,55.09,56.9045,56.1,54.2
2017-06-13,16706.0,55.16,55.33,55.22,54.36
2017-06-14,25495.0,55.04,55.27,54.68,54.11
2017-06-15,17608.0,54.81,55.295,55.295,54.482
2017-06-16,61391.0,53.92,54.88,54.46,53.62
2017-06-19,23170.0,53.99,54.9,54.39,53.45
2017-06-20,17427.0,53.23,53.58,53.58,52.82
2017-06-21,23374.0,52.49,52.85,51.0359,51.0359
2017-06-22,30011.0,52.23,53.77,52.49,51.96
2017-06-23,44750.0,51.9,52.49,52.3,51.31
2017-06-26,32165.0,52.08,52.57,52.04,51.55
2017-06-27,21395.0,52.44,53.11,52.08,51.46
2017-06-28,23385.0,52.92,53.32,52.63,52.51
2017-06-29,35141.0,53.54,53.83,53.44,52.4625
2017-06-30,18983.0,52.68,53.1,52.97,52.29
2017-07-03,23208.0,54.78,55.21,52.92,52.84
2017-07-05,38622.0,53.55,54.6,54.58,52.85
2017-07-06,44499.0,52.77,53.69,53.55,52.25
2017-07-07,45416.0,53.51,53.75,53.29,52.4
2017-07-10,28319.0,52.85,53.42,53.23,52.76
2017-07-11,33194.0,52.94,53.23,53.01,52.12
2017-07-12,25956.0,53.07,53.56,53.02,52.6509
2017-07-13,28833.0,53.12,53.24,53.06,52.5
2017-07-14,23294.0,52.77,53.2899,52.78,52.408
2017-07-17,37731.0,53.06,53.875,52.77,52.451
2017-07-18,45237.0,50.76,53.0,52.51,50.68
2017-07-19,76895.0,51.26,51.755,51.1,50.05
2017-07-20,33623.0,51.74,52.53,51.42,51.25
2017-07-21,37025.0,51.82,52.38,52.13,51.605
2017-07-24,40738.0,51.97,52.34,51.83,51.48
2017-07-25,27914.0,52.62,53.23,52.45,52.07
2017-07-26,47641.0,51.94,53.15,53.11,51.68
2017-07-27,32951.0,51.58,52.605,52.24,51.36
2017-07-28,20684.0,51.42,52.04,51.59,51.14
2017-07-31,44828.0,51.75,52.29,51.66,51.22
2017-08-01,41782.0,51.6,51.91,51.91,51.3774
2017-08-02,30911.0,51.09,51.88,51.72,51.09
2017-08-03,25448.0,50.49,51.24,51.1,50.18
2017-08-04,18085.0,50.6,51.26,50.7,50.58
2017-08-07,22565.0,49.88,50.954,50.6,49.81
2017-08-08,33735.0,49.86,51.38,49.89,49.77
2017-08-09,35779.0,49.83,50.09,49.6,49.15
2017-08-10,24430.0,49.7,50.04,49.458,49.43
2017-08-11,29626.0,48.19,50.275,49.85,47.85
2017-08-14,106431.0,48.28,49.08,48.65,48.23
2017-08-15,39153.0,48.71,48.995,48.38,47.61
2017-08-16,18299.0,48.59,49.09,48.67,48.42
2017-08-17,27495.0,47.38,48.55,48.27,47.34
2017-08-18,36299.0,48.07,48.41,47.23,47.23
2017-08-21,20250.0,48.45,48.568,48.0,47.57
2017-08-22,16290.0,48.65,49.02,48.78,48.5
2017-08-23,27168.0,48.6,49.13,48.43,48.33
2017-08-24,24363.0,48.97,49.44,48.97,48.6
2017-08-25,25417.0,49.29,49.66,49.12,48.54
2017-08-28,20773.0,49.03,49.4,49.4,48.745
2017-08-29,22162.0,48.51,48.94,48.61,48.07
2017-08-30,37832.0,48.61,49.39,48.5,48.17
2017-08-31,28579.0,48.96,49.35,48.7,48.32
2017-09-01,12429.0,48.9,49.12,48.95,47.8
2017-09-05,25907.0,48.38,48.89,48.56,48.2
2017-09-06,29451.0,48.47,48.81,48.29,48.2
2017-09-07,17608.0,47.16,48.2,48.2,47.04
2017-09-08,18338.0,47.8,47.85,47.07,47.01
2017-09-11,16914.0,48.76,49.12,48.2005,48.05
2017-09-12,14941.0,49.22,49.75,48.32,48.32
2017-09-13,14711.0,49.2,49.455,48.85,48.81
2017-09-14,17959.0,48.91,49.685,48.95,48.845
2017-09-15,44286.0,48.77,49.15,48.78,48.61
2017-09-18,22408.0,49.21,49.48,48.75,48.75
2017-09-19,17845.0,49.17,49.73,49.0,48.9
2017-09-20,25067.0,49.56,49.725,48.95,48.9
2017-09-21,30024.0,49.63,50.1,49.68,49.28
2017-09-22,27178.0,50.13,50.43,50.21,49.69
2017-09-25,14766.0,50.37,50.46,49.7107,49.7107
2017-09-26,37746.0,51.89,52.37,50.49,50.35
2017-09-27,47307.0,53.38,53.99,52.09,52.0
2017-09-28,16972.0,53.14,53.51,53.51,52.88
2017-09-29,25262.0,52.49,52.9,52.6686,52.18
2017-10-02,19172.0,53.38,53.44,52.39,52.3
2017-10-03,31616.0,52.9,53.37,53.37,52.4
2017-10-04,19106.0,52.26,53.2,52.89,52.0
2017-10-05,19342.0,52.86,53.125,52.72,52.5
2017-10-06,13959.0,52.82,53.38,52.96,52.7
2017-10-09,14414.0,52.95,53.145,52.85,52.58
2017-10-10,24663.0,53.48,53.59,53.34,53.0
2017-10-11,29425.0,53.91,54.25,53.52,53.3
2017-10-12,24937.0,53.93,54.63,54.14,53.71
2017-10-13,19717.0,53.9,54.025,53.95,53.15
2017-10-16,16964.0,53.65,54.3,53.82,53.08
2017-10-17,46150.0,54.58,55.9,54.2,53.6
2017-10-18,64821.0,55.87,56.91,55.05,54.61
2017-10-19,20811.0,55.52,56.09,55.86,55.13
2017-10-20,19296.0,54.71,56.46,56.14,54.69
2017-10-23,27200.0,54.62,55.0,54.78,54.0
2017-10-24,28025.0,54.6,55.89,55.05,54.495
2017-10-25,17893.0,55.1,55.48,54.59,54.59
2017-10-26,13499.0,54.93,55.68,55.12,54.76
2017-10-27,23610.0,55.17,55.31,54.94,54.22
2017-10-30,42463.0,53.64,55.11,55.0,52.82
2017-10-31,37768.0,54.2,54.93,53.7,53.7
2017-11-01,34684.0,54.19,55.74,54.71,53.22
2017-11-02,28133.0,54.91,55.23,54.57,53.59
2017-11-03,18780.0,53.94,54.87,54.87,53.775
2017-11-06,8827.0,53.66,54.19,54.03,53.5379
2017-11-07,18810.0,51.93,53.59,53.56,51.84
2017-11-08,32325.0,52.03,52.63,51.67,50.58
2017-11-09,30961.0,51.88,52.345,51.74,50.275
2017-11-10,23718.0,51.62,52.31,51.52,51.26
2017-11-13,25320.0,52.2,52.6,51.51,51.06
2017-11-14,26043.0,53.23,53.79,51.96,51.9
2017-11-15,19627.0,52.76,53.7229,52.85,52.55
2017-11-16,31021.0,52.77,53.82,53.18,52.19
2017-11-17,18611.0,53.12,53.75,52.46,52.0655
2017-11-20,15713.0,53.54,53.67,53.222,52.87
2017-11-21,18025.0,54.12,54.25,53.75,51.4972
2017-11-22,16519.0,53.55,54.13,53.85,53.365
2017-11-24,14866.0,53.2,54.03,53.82,52.55
2017-11-27,19486.0,53.76,54.22,53.21,52.91
2017-11-28,11513.0,54.74,54.75,53.93,53.115
2017-11-29,41311.0,55.8,56.605,54.74,54.12
2017-11-30,46928.0,54.33,55.95,55.95,54.14
2017-12-01,30172.0,54.11,54.99,54.4,52.65
2017-12-04,32450.0,54.59,55.43,54.85,54.55
2017-12-05,25881.0,54.25,55.0,54.67,53.96
2017-12-06,10749.0,53.54,54.04,54.04,53.36
2017-12-07,41532.0,53.88,54.69,53.85,53.85
2017-12-08,16356.0,52.87,54.11,54.11,52.66
2017-12-11,23480.0,52.6,53.3,52.83,52.49
2017-12-12,17482.0,52.81,52.975,52.72,52.3207
2017-12-13,11849.0,53.22,53.97,52.38,52.38
2017-12-14,17604.0,52.02,53.23,53.23,51.78
2017-12-15,65703.0,54.46,54.9,52.04,52.04
2017-12-18,50415.0,55.13,56.59,54.76,54.1
2017-12-19,21973.0,54.38,55.61,55.08,54.1
2017-12-20,12076.0,53.68,54.24,54.22,53.61
2017-12-21,9289.0,54.87,55.28,53.97,52.8184
2017-12-22,18826.0,53.61,54.88,54.88,53.45
2017-12-26,24386.0,53.58,54.11,53.116,53.116
2017-12-27,6516.0,53.13,53.82,53.59,53.12
2017-12-28,8250.0,53.35,53.42,53.29,52.997
2017-12-29,24150.0,51.97,53.36,53.36,51.97
2018-01-02,24681.0,52.05,52.96,51.82,51.63
2018-01-03,25854.0,51.38,52.9599,51.95,51.02
2018-01-04,16668.0,51.78,52.67,51.16,51.16
2018-01-05,23987.0,52.0,52.221,51.5,51.21
2018-01-08,16454.0,52.27,52.4205,51.96,51.25
2018-01-09,19393.0,52.75,53.32,52.26,52.26
2018-01-10,24972.0,53.43,53.935,52.74,52.74
2018-01-11,25284.0,54.0,55.07,53.66,53.013
2018-01-12,21313.0,53.79,54.09,54.09,53.2
2018-01-16,25440.0,53.28,55.0,54.12,53.18
2018-01-17,12586.0,53.89,54.17,54.17,52.985
2018-01-18,15635.0,53.29,53.87,53.87,53.0001
2018-01-19,27062.0,54.56,54.56,52.57,52.57
2018-01-22,26391.0,53.79,54.57,54.57,53.24
2018-01-23,19340.0,54.97,55.29,54.99,53.85
2018-01-24,27885.0,54.79,55.35,55.12,53.96
2018-01-25,20229.0,55.09,55.45,55.29,54.3238
2018-01-26,25273.0,55.77,55.77,54.72,54.4179
2018-01-29,20591.0,55.32,55.8179,55.71,55.12
2018-01-30,21961.0,55.42,55.7911,55.0,54.68
2018-01-31,26909.0,55.56,56.13,55.75,55.45
2018-02-01,31164.0,56.05,56.1,55.7,54.82
2018-02-02,40826.0,55.06,56.0,55.5,55.0
2018-02-05,28430.0,52.74,55.34,54.79,52.53
2018-02-06,44962.0,53.0,53.37,51.78,51.78
2018-02-07,11114.0,53.34,53.44,52.8,52.8
2018-02-08,212604.0,52.51,53.52,53.22,52.51
2018-02-09,24408.0,53.84,54.18,53.08,51.7501
2018-02-12,26844.0,52.68,54.06,54.06,52.53
2018-02-13,20970.0,53.56,53.79,52.43,52.43
2018-02-14,21136.0,53.44,53.8,53.15,52.255
2018-02-15,18339.0,53.71,53.8412,53.5,52.792
2018-02-16,18594.0,53.58,54.5,53.45,53.28
2018-02-20,45362.0,53.11,54.01,53.3,52.685
2018-02-21,71272.0,54.71,55.81,53.21,52.9888
2018-02-22,43281.0,54.22,55.5107,54.71,54.15
2018-02-23,24437.0,55.04,55.6,54.61,53.79
2018-02-26,18840.0,55.58,55.81,55.17,54.62
2018-02-27,23942.0,54.52,56.18,55.45,54.38
2018-02-28,18596.0,53.21,55.1,54.59,53.21
2018-03-01,27159.0,53.52,54.29,53.22,52.76
2018-03-02,22277.0,54.64,55.01,53.21,52.93
2018-03-05,22810.0,55.52,56.13,54.26,54.0
2018-03-06,28240.0,55.71,56.04,55.72,54.13
2018-03-07,44232.0,56.67,56.99,55.8,55.61
2018-03-08,41142.0,56.46,57.59,56.66,56.18
2018-03-09,25121.0,57.65,58.06,56.88,55.07
2018-03-12,30373.0,58.12,59.14,57.86,57.435
2018-03-13,29684.0,58.38,58.915,58.36,57.7358
2018-03-14,17209.0,57.94,58.7,58.7,57.67
2018-03-15,27192.0,58.55,59.0599,58.1,57.4748
2018-03-16,49913.0,58.67,59.55,58.4,58.103
2018-03-19,35260.0,59.42,59.72,58.62,57.91
2018-03-20,14638.0,58.71,59.85,59.6,58.49
2018-03-21,15521.0,58.71,59.19,58.5,58.2037
2018-03-22,27645.0,57.7,59.056,58.16,57.25
2018-03-23,66789.0,55.78,57.83,57.69,55.59
2018-03-26,68912.0,56.65,57.3,56.43,53.57
2018-03-27,34590.0,56.78,57.81,56.77,55.95
2018-03-28,16520.0,57.61,57.83,56.94,56.79
2018-03-29,61633.0,57.32,58.2,57.83,56.28
2018-04-02,24213.0,57.2,57.98,57.31,56.51
2018-04-03,30665.0,58.46,59.75,57.29,55.261
2018-04-04,29406.0,57.66,58.385,57.8,56.81
2018-04-05,23892.0,57.65,59.1948,57.87,56.925
2018-04-06,24931.0,56.99,58.32,57.39,56.6
2018-04-09,23078.0,56.7,57.85,57.23,56.41
2018-04-10,13927.0,57.63,58.49,57.07,56.7501
2018-04-11,27895.0,57.99,59.155,56.67,56.251
2018-04-12,18944.0,58.45,58.875,58.875,57.7
2018-04-13,12202.0,57.47,58.49,58.15,57.4
2018-04-16,26759.0,58.62,59.0,57.99,56.8
2018-04-17,44459.0,60.26,60.97,59.39,58.0101
2018-04-18,55167.0,60.81,61.44,60.49,57.51
2018-04-19,46066.0,61.62,62.42,59.7703,59.7703
2018-04-20,38616.0,60.99,61.94,61.4,60.2
2018-04-23,35261.0,61.34,62.0,61.48,61.215
2018-04-24,31340.0,61.24,61.68,61.14,60.66
2018-04-25,42620.0,59.97,61.25,61.25,59.76
2018-04-26,39802.0,59.65,60.355,60.07,59.46
2018-04-27,20322.0,59.87,60.98,59.65,57.759
2018-04-30,42858.0,59.66,60.4224,60.03,59.3307
2018-05-01,27386.0,60.3,60.51,59.68,58.06
2018-05-02,30568.0,60.98,61.22,60.43,60.27
2018-05-03,46989.0,60.73,61.34,60.87,60.14
2018-05-04,24495.0,60.96,61.54,60.39,60.39
2018-05-07,18322.0,60.44,61.15,61.0,59.94
2018-05-08,34612.0,61.26,61.49,60.66,60.526
2018-05-09,16037.0,61.35,61.73,61.46,60.75
2018-05-10,22926.0,61.24,61.96,61.36,60.29
2018-05-11,5132.0,60.84,61.6323,61.6323,60.4
2018-05-14,34494.0,60.25,61.9225,60.83,59.97
2018-05-15,20901.0,60.45,61.05,60.02,60.02
2018-05-16,15743.0,60.99,61.32,60.46,60.08
2018-05-17,20539.0,61.61,61.85,60.81,60.515
2018-05-18,30205.0,61.96,62.5,61.95,61.425
2018-05-21,27645.0,62.28,62.59,62.03,61.3702
2018-05-22,16751.0,62.54,63.11,62.27,62.27
2018-05-23,14461.0,62.13,63.0841,62.51,61.74
2018-05-24,7948.0,61.92,62.11,62.11,61.33
2018-05-25,16081.0,62.38,63.0,61.93,61.93
2018-05-29,22055.0,61.79,62.26,62.11,61.09
2018-05-30,17032.0,62.7,63.14,62.08,61.6
2018-05-31,23303.0,62.51,63.16,62.69,62.15
2018-06-01,18869.0,62.88,62.92,62.7,62.35
2018-06-04,20205.0,63.8,63.95,62.87,62.1407
2018-06-05,15352.0,63.85,64.36,63.63,63.5
2018-06-06,26656.0,64.23,64.41,64.135,63.82
2018-06-07,9893.0,64.25,64.59,64.4,63.83
2018-06-08,17074.0,63.9,64.3,64.3,63.55
