date,5. volume,4. close,2. high,1. open,3. low
2006-11-16,36124600.0,15.72,15.78,15.0,14.9
2006-11-17,4651800.0,15.66,15.9,15.72,15.25
2006-11-20,4437100.0,16.1,16.22,15.65,15.55
2006-11-21,2301700.0,15.61,16.21,16.1,15.6
2006-11-22,1792200.0,15.41,15.85,15.73,15.4
2006-11-24,555600.0,15.24,15.3,15.12,15.1
2006-11-27,3364100.0,14.75,15.1,15.05,14.55
2006-11-28,1805800.0,15.0,15.01,14.9,14.65
2006-11-29,1086600.0,15.17,15.18,15.0,14.9
2006-11-30,2668700.0,16.0,16.1,15.16,15.15
2006-12-01,792800.0,15.91,15.95,15.85,15.4
2006-12-04,1598000.0,15.66,15.78,15.75,15.45
2006-12-05,593900.0,15.62,15.79,15.65,15.57
2006-12-06,1917100.0,15.56,15.57,15.5,15.3
2006-12-07,866000.0,15.6,15.7,15.55,15.54
2006-12-08,901700.0,15.93,15.95,15.74,15.6
2006-12-11,2152000.0,16.13,16.2,15.93,15.86
2006-12-12,217000.0,16.15,16.15,16.05,15.91
2006-12-13,537700.0,16.06,16.19,16.1,15.74
2006-12-14,1013700.0,16.3,16.44,15.76,15.76
2006-12-15,6004000.0,16.79,16.8,16.2,16.14
2006-12-18,1591700.0,16.82,16.99,16.69,16.49
2006-12-19,1516000.0,16.33,16.7,16.51,16.31
2006-12-20,2151600.0,16.85,17.05,16.33,16.3
2006-12-21,985400.0,17.31,17.47,16.9,16.85
2006-12-22,1107800.0,17.05,17.34,17.31,16.6
2006-12-26,502600.0,16.88,17.24,17.2,16.88
2006-12-27,652400.0,17.0,17.1,16.95,16.84
2006-12-28,337500.0,17.0,17.21,17.15,16.88
2006-12-29,507500.0,17.39,17.48,17.1,17.08
2007-01-03,2032400.0,17.28,17.68,17.39,17.0
2007-01-04,674100.0,17.25,17.56,17.45,17.0
2007-01-05,360700.0,17.44,17.44,17.35,17.1
2007-01-08,690900.0,17.32,17.48,17.2,16.821
2007-01-09,772400.0,17.01,17.16,17.13,16.76
2007-01-10,3468500.0,17.08,17.1,16.81,16.58
2007-01-11,3731400.0,16.69,17.24,17.05,16.69
2007-01-12,574000.0,17.11,17.2,16.5,16.4
2007-01-16,326900.0,17.26,17.5,17.42,16.95
2007-01-17,295600.0,17.36,17.49,17.35,17.06
2007-01-18,576800.0,17.38,17.63,17.48,17.26
2007-01-19,341900.0,17.32,17.45,17.41,17.12
2007-01-22,1863200.0,18.19,18.5,17.61,17.22
2007-01-23,1076200.0,18.77,19.04,17.74,17.74
2007-01-24,2567500.0,19.33,19.4,18.7,18.6
2007-01-25,3794100.0,19.09,19.95,19.9,19.0
2007-01-26,314900.0,18.89,19.25,19.0,18.73
2007-01-29,580600.0,18.92,19.4,18.94,18.6201
2007-01-30,2526100.0,18.77,19.0,18.8,18.46
2007-01-31,710700.0,18.62,18.8,18.57,18.25
2007-02-01,450500.0,18.95,19.4,18.7,18.7
2007-02-02,315800.0,18.9,19.1,18.98,18.9
2007-02-05,651500.0,19.43,19.45,19.0,18.71
2007-02-06,2112900.0,19.71,19.91,19.23,19.23
2007-02-07,508400.0,19.96,20.05,19.51,19.51
2007-02-08,600900.0,20.38,20.49,19.98,19.79
2007-02-09,727800.0,20.7,20.95,20.38,20.3
2007-02-12,1198504.0,20.3,20.73,20.7,20.29
2007-02-13,363966.0,20.36,20.61,20.5,20.28
2007-02-14,709679.0,21.22,21.32,20.4,20.28
2007-02-15,567100.0,21.62,21.8,21.07,20.75
2007-02-16,587300.0,21.9,22.05,21.42,21.37
2007-02-20,379000.0,22.25,22.28,21.9201,21.57
2007-02-21,278300.0,21.74,22.0,22.0,21.6
2007-02-22,134300.0,21.7,22.05,21.75,21.69
2007-02-23,285600.0,21.56,21.95,21.95,21.4
2007-02-26,628747.0,21.36,21.75,21.56,20.97
2007-02-27,498300.0,21.26,21.42,21.36,20.51
2007-02-28,808000.0,21.26,21.46,21.26,20.77
2007-03-01,961799.0,20.48,21.0,20.4,20.34
2007-03-02,596300.0,21.11,21.98,21.5,21.1
2007-03-05,684600.0,21.0,21.6,20.8701,20.84
2007-03-06,375100.0,21.23,21.32,21.1,21.0
2007-03-07,420100.0,20.91,21.28,21.09,20.79
2007-03-08,1429400.0,21.0,21.27,21.19,20.72
2007-03-09,1394400.0,20.9,21.13,21.0,20.69
2007-03-12,1072000.0,21.12,21.25,21.06,20.95
2007-03-13,901800.0,21.31,22.35,21.3,21.29
2007-03-14,692200.0,22.11,22.22,21.32,21.2
2007-03-15,1023200.0,21.89,22.05,22.0,21.69
2007-03-16,570900.0,22.03,22.05,21.89,21.76
2007-03-19,789100.0,21.78,22.465,21.99,21.5
2007-03-20,482100.0,21.76,22.08,21.68,21.675
2007-03-21,651100.0,22.47,22.55,21.85,21.55
2007-03-22,417000.0,22.86,22.9,22.37,21.92
2007-03-23,237200.0,22.78,22.84,22.75,22.44
2007-03-26,600100.0,22.78,23.0,22.91,22.6
2007-03-27,819100.0,23.35,23.95,22.78,22.6312
2007-03-28,466000.0,23.41,23.83,23.83,23.11
2007-03-29,512400.0,23.27,23.61,23.61,23.21
2007-03-30,433500.0,23.7,23.93,23.19,23.18
2007-04-02,679800.0,23.42,23.85,23.84,23.36
2007-04-03,358200.0,24.15,24.23,23.42,23.27
2007-04-04,874100.0,23.72,24.56,24.25,23.72
2007-04-05,303900.0,23.98,24.04,23.72,23.59
2007-04-09,322500.0,24.17,24.2,24.0,23.71
2007-04-10,439300.0,24.19,24.57,24.23,24.0301
2007-04-11,403300.0,23.84,24.19,24.09,23.74
2007-04-12,169100.0,23.73,23.9,23.85,23.46
2007-04-13,206900.0,23.74,23.76,23.7,23.6264
2007-04-16,633500.0,23.7,23.79,23.75,23.56
2007-04-17,656100.0,23.39,23.74,23.58,23.12
2007-04-18,647100.0,23.06,23.56,23.32,22.85
2007-04-19,312900.0,22.7,22.92,22.88,22.31
2007-04-20,445200.0,23.22,23.43,22.9,22.82
2007-04-23,1210400.0,23.46,23.59,23.05,23.05
2007-04-24,368700.0,23.08,23.47,23.47,23.06
2007-04-25,439200.0,23.26,23.26,23.18,22.76
2007-04-26,3701700.0,22.13,23.75,23.5,20.0
2007-04-27,1405911.0,21.1,22.04,22.04,21.03
2007-04-30,2189800.0,19.9,21.04,21.04,19.824
2007-05-01,1665100.0,20.33,20.39,19.8,19.52
2007-05-02,1805400.0,21.48,21.56,20.35,20.338
2007-05-03,914643.0,21.69,21.85,21.26,21.11
2007-05-04,1257600.0,21.8,22.09,21.64,21.54
2007-05-07,488900.0,21.38,21.83,21.71,20.91
2007-05-08,326300.0,21.49,21.51,21.4,21.0
2007-05-09,1554200.0,21.39,21.45,21.4,21.01
2007-05-10,515400.0,20.67,21.3,21.3,20.58
2007-05-11,546500.0,20.51,20.98,20.57,20.25
2007-05-14,255800.0,20.75,21.02,20.6,20.6
2007-05-15,533700.0,21.13,21.43,20.64,20.63
2007-05-16,561100.0,21.8,21.8,21.19,21.19
2007-05-17,515000.0,21.97,22.04,21.8,21.69
2007-05-18,837700.0,21.25,21.875,21.85,21.06
2007-05-21,1181600.0,20.98,21.28,20.5,20.15
2007-05-22,453200.0,20.97,21.17,20.87,20.72
2007-05-23,694800.0,20.75,21.0,20.53,20.5
2007-05-24,947000.0,20.69,20.75,20.62,20.35
2007-05-25,1282400.0,21.26,21.38,20.74,20.74
2007-05-29,757300.0,21.85,21.95,21.09,21.09
2007-05-30,1005300.0,21.95,22.13,21.85,21.44
2007-05-31,2782000.0,21.18,22.12,22.0,20.95
2007-06-01,962200.0,22.49,22.57,21.3,21.18
2007-06-04,987400.0,23.05,23.05,22.35,22.17
2007-06-05,1776300.0,23.86,23.87,23.05,22.9
2007-06-06,880700.0,23.33,23.87,23.87,23.05
2007-06-07,1249800.0,22.8,23.44,23.34,22.75
2007-06-08,874600.0,23.02,23.11,22.76,22.59
2007-06-11,1432800.0,22.58,22.87,22.86,22.2
2007-06-12,3565000.0,22.45,23.25,22.1,22.1
2007-06-13,18643700.0,24.37,24.62,22.35,22.25
2007-06-14,3981603.0,24.32,24.84,24.22,23.8
2007-06-15,1470100.0,24.15,24.48,24.36,24.02
2007-06-18,2294706.0,25.03,25.17,24.13,24.1
2007-06-19,2442200.0,25.13,25.35,24.73,24.2
2007-06-20,2707191.0,25.52,26.05,25.14,24.52
2007-06-21,1320646.0,25.62,25.94,25.52,24.8
2007-06-22,10051400.0,25.54,25.87,25.45,24.79
2007-06-25,2686600.0,25.01,25.85,25.25,24.81
2007-06-26,1491300.0,25.44,25.5,25.32,25.05
2007-06-27,2477954.0,25.82,26.2,25.44,25.26
2007-06-28,2551500.0,26.78,26.83,25.94,25.84
2007-06-29,2437281.0,26.57,26.99,26.98,26.41
2007-07-02,1840600.0,26.38,26.65,26.57,26.19
2007-07-03,642300.0,26.59,26.82,26.45,26.23
2007-07-05,1174800.0,26.63,26.74,26.67,26.33
2007-07-06,976500.0,26.72,27.0,26.77,26.36
2007-07-09,760500.0,26.67,27.2,26.68,26.39
2007-07-10,858500.0,26.26,26.59,26.43,25.88
2007-07-11,1031400.0,25.6,26.19,26.11,25.56
2007-07-12,915500.0,25.56,25.73,25.57,25.385
2007-07-13,1565460.0,25.29,25.56,25.41,25.13
2007-07-16,869500.0,25.46,25.75,25.15,25.1
2007-07-17,1718104.0,25.28,25.58,25.5,25.09
2007-07-18,1438680.0,25.01,25.26,25.07,24.54
2007-07-19,1017528.0,24.94,25.55,25.21,24.93
2007-07-20,1468500.0,24.45,25.15,25.01,24.01
2007-07-23,580600.0,24.37,25.16,24.43,24.07
2007-07-24,1727100.0,24.31,24.82,24.19,23.42
2007-07-25,1075292.0,23.81,24.36,24.26,23.79
2007-07-26,597400.0,23.19,23.5,23.4,22.79
2007-07-27,815100.0,22.88,23.2,23.19,22.59
2007-07-30,4087800.0,22.12,22.82,22.0,21.88
2007-07-31,5014600.0,22.39,22.64,22.02,21.99
2007-08-01,2583200.0,21.85,22.73,22.55,21.65
2007-08-02,3076800.0,21.89,23.71,23.13,20.21
2007-08-03,1406000.0,21.5,22.3,21.85,20.8
2007-08-06,1100287.0,22.19,22.45,21.51,21.1
2007-08-07,1082700.0,22.0,22.19,21.64,21.1
2007-08-08,2441000.0,23.6,24.0,22.02,21.77
2007-08-09,1366800.0,22.39,23.13,23.0,22.04
2007-08-10,1539400.0,22.19,23.05,22.39,20.88
2007-08-13,698300.0,23.1,23.69,22.49,21.55
2007-08-14,1053200.0,22.86,23.5,23.36,22.62
2007-08-15,1036400.0,21.94,22.75,22.7,21.81
2007-08-16,2367919.0,21.43,22.35,21.83,18.72
2007-08-17,2182200.0,21.2,22.32,22.17,19.86
2007-08-20,556300.0,21.69,22.0,21.37,21.21
2007-08-21,364300.0,21.79,22.35,21.59,21.47
2007-08-22,728200.0,22.26,22.46,22.08,21.93
2007-08-23,723300.0,22.3,22.5,22.18,20.97
2007-08-24,1109500.0,22.36,22.64,22.4,21.94
2007-08-27,541200.0,22.44,22.59,22.35,22.0
2007-08-28,616000.0,22.14,22.35,22.34,21.78
2007-08-29,664800.0,22.0,22.28,22.18,21.61
2007-08-30,580600.0,22.0,22.04,21.71,21.71
2007-08-31,656800.0,22.11,22.49,22.05,21.82
2007-09-04,757600.0,22.46,22.75,22.29,22.12
2007-09-05,894200.0,22.0,22.58,22.58,21.89
2007-09-06,493100.0,21.91,22.03,22.0,21.41
2007-09-07,686200.0,21.6,21.96,21.7,21.37
2007-09-10,637100.0,21.03,21.61,21.61,20.8
2007-09-11,414600.0,21.04,21.36,21.09,20.92
2007-09-12,1240700.0,20.33,21.35,20.89,20.12
2007-09-13,983400.0,20.05,20.49,20.43,19.82
2007-09-14,2262200.0,19.9,20.05,20.0,19.73
2007-09-17,780700.0,19.78,20.07,19.78,19.58
2007-09-18,1749200.0,20.39,20.6,19.94,19.94
2007-09-19,1569800.0,21.34,21.42,20.53,20.53
2007-09-20,1074600.0,21.51,21.99,21.22,21.17
2007-09-21,1218500.0,21.51,21.7,21.62,21.26
2007-09-24,474900.0,21.47,21.79,21.42,21.27
2007-09-25,719100.0,20.79,21.31,21.29,20.55
2007-09-26,695600.0,20.71,21.05,20.88,20.38
2007-09-27,922500.0,21.75,21.92,20.81,20.775
2007-09-28,838700.0,22.72,22.8,21.75,21.67
2007-10-01,971100.0,23.35,23.56,22.56,22.56
2007-10-02,814100.0,23.91,24.04,23.3,23.26
2007-10-03,728000.0,23.73,24.08,23.82,23.43
2007-10-04,618500.0,23.84,23.9,23.7,23.25
2007-10-05,969300.0,24.97,25.07,23.83,23.81
2007-10-08,778900.0,24.83,25.17,24.88,24.51
2007-10-09,828100.0,24.98,25.17,24.92,24.58
2007-10-10,771500.0,24.07,25.01,24.86,23.83
2007-10-11,861500.0,24.47,24.69,24.07,23.72
2007-10-12,1043800.0,24.45,25.25,24.63,24.02
2007-10-15,913400.0,23.73,24.61,24.5,23.57
2007-10-16,1125200.0,22.6,23.47,23.47,22.51
2007-10-17,1034200.0,23.22,23.25,22.7,22.64
2007-10-18,1228700.0,23.36,23.87,23.34,22.91
2007-10-19,1522400.0,22.0,23.36,23.31,21.4
2007-10-22,481000.0,22.55,22.81,21.78,21.44
2007-10-23,482300.0,22.48,22.8199,22.69,22.02
2007-10-24,846200.0,22.08,22.52,22.32,21.83
2007-10-25,454200.0,21.71,22.1,22.0,21.36
2007-10-26,1101100.0,23.36,23.59,21.9,21.25
2007-10-29,1529200.0,22.98,24.52,24.51,22.29
2007-10-30,1423400.0,21.4,23.0,22.82,21.25
2007-10-31,539200.0,21.68,21.88,21.6,21.26
2007-11-01,966500.0,21.63,21.96,21.5,21.33
2007-11-02,748100.0,21.0,21.65,21.65,20.79
2007-11-05,1570725.0,19.74,20.97,20.97,19.46
2007-11-06,967450.0,19.8,20.13,19.76,19.72
2007-11-07,2005000.0,18.31,19.56,19.56,18.16
2007-11-08,2085400.0,19.88,20.64,18.41,18.26
2007-11-09,1897200.0,18.45,19.52,19.52,17.9
2007-11-12,792400.0,18.66,18.87,18.64,18.38
2007-11-13,638400.0,18.73,19.08,19.0,18.52
2007-11-14,1017300.0,18.01,19.11,19.11,17.77
2007-11-15,916100.0,18.12,18.74,18.2,17.97
2007-11-16,653300.0,17.57,18.27,18.26,17.35
2007-11-19,1457285.0,17.31,17.58,17.58,16.7
2007-11-20,1605100.0,17.8,18.02,17.42,17.12
2007-11-21,1778600.0,17.5,17.75,17.67,17.33
2007-11-23,467300.0,17.59,17.82,17.6,17.07
2007-11-26,2360347.0,17.2,17.77,17.45,16.91
2007-11-27,2841645.0,17.25,17.45,17.14,15.73
2007-11-28,2714411.0,18.81,19.41,17.21,17.2
2007-11-29,1366350.0,18.7,18.97,18.9,18.31
2007-11-30,2064448.0,19.1,19.58,18.77,18.44
2007-12-03,1404880.0,18.45,19.37,19.16,18.18
2007-12-04,1281400.0,18.01,18.43,18.29,17.71
2007-12-05,1326100.0,17.97,18.43,18.2,17.74
2007-12-06,996300.0,17.71,17.93,17.87,17.44
2007-12-07,995891.0,17.51,18.31,17.96,17.45
2007-12-10,1144900.0,17.0,17.61,17.52,16.8
2007-12-11,3374700.0,16.46,17.61,17.25,16.22
2007-12-12,2014545.0,15.88,16.25,16.01,15.53
2007-12-13,1452659.0,16.11,16.19,15.95,15.74
2007-12-14,895500.0,15.52,15.94,15.83,15.29
2007-12-17,1228060.0,15.23,15.38,15.38,15.03
2007-12-18,1282600.0,14.95,15.42,15.26,14.81
2007-12-19,1225900.0,15.15,15.26,14.98,14.93
2007-12-20,2088000.0,15.72,15.9,15.48,15.43
2007-12-21,2142374.0,16.47,16.6399,15.98,15.74
2007-12-24,440900.0,16.39,16.79,16.49,16.15
2007-12-26,1049600.0,15.82,16.35,16.35,15.4
2007-12-27,631100.0,15.65,15.93,15.51,15.51
2007-12-28,1006400.0,15.6,15.94,15.77,15.35
2007-12-31,1226064.0,15.89,16.03,15.72,15.28
2008-01-02,1271400.0,15.26,15.85,15.7,14.84
2008-01-03,962015.0,14.9,15.28,15.2,14.57
2008-01-04,1445900.0,14.03,14.7,14.59,13.59
2008-01-07,1330035.0,14.29,14.63,14.0,14.0
2008-01-08,1595800.0,13.43,14.21,14.16,13.25
2008-01-09,2182900.0,13.66,13.74,13.57,13.18
2008-01-10,1063500.0,13.89,14.12,13.44,13.35
2008-01-11,1004340.0,13.95,14.25,13.77,13.65
2008-01-14,1217000.0,13.39,14.23,14.23,13.25
2008-01-15,1268000.0,13.26,13.43,13.25,12.71
2008-01-16,684607.0,13.43,13.54,13.15,12.96
2008-01-17,1013400.0,13.09,13.47,13.46,12.95
2008-01-18,2290033.0,12.89,13.28,13.23,12.48
2008-01-22,1892736.0,12.15,12.64,12.25,11.91
2008-01-23,3094413.0,12.91,13.21,11.74,11.71
2008-01-24,3197914.0,13.28,13.41,12.88,12.75
2008-01-25,1597695.0,12.85,13.39,13.2,12.39
2008-01-28,1584232.0,13.87,13.99,12.84,12.58
2008-01-29,1873057.0,14.77,15.31,13.94,13.94
2008-01-30,1422598.0,14.38,14.98,14.72,14.33
2008-01-31,1209200.0,14.88,15.03,14.01,13.84
2008-02-01,955700.0,15.0,15.32,15.0,14.68
2008-02-04,2058219.0,14.5,14.7,14.7,13.89
2008-02-05,712898.0,14.33,14.47,14.4,14.13
2008-02-06,837624.0,14.33,14.87,14.4,14.14
2008-02-07,590000.0,14.45,14.59,14.24,14.2
2008-02-08,1486177.0,14.12,14.39,14.33,13.63
2008-02-11,766090.0,13.6,13.99,13.93,13.47
2008-02-12,1025300.0,13.71,14.05,13.76,13.5
2008-02-13,1165809.0,13.42,13.82,13.8,13.17
2008-02-14,1389800.0,14.15,14.41,13.43,13.39
2008-02-15,846032.0,13.92,14.17,13.98,13.69
2008-02-19,1057645.0,14.04,14.22,14.0,13.85
2008-02-20,1682400.0,14.38,14.38,14.09,13.74
2008-02-21,3145205.0,13.07,14.99,14.99,12.74
2008-02-22,1696217.0,12.93,13.34,13.06,12.61
2008-02-25,1106300.0,12.87,12.98,12.81,12.5
2008-02-26,1360900.0,13.35,13.48,12.75,12.72
2008-02-27,765900.0,13.14,13.49,13.07,13.01
2008-02-28,748324.0,12.83,13.22,13.12,12.71
2008-02-29,956200.0,11.93,12.81,12.8,11.86
2008-03-03,1459100.0,11.7,12.17,11.87,11.51
2008-03-04,2455703.0,11.04,12.28,12.28,10.59
2008-03-05,2250480.0,10.93,11.2,11.2,10.82
2008-03-06,2000900.0,10.7,11.01,10.95,10.62
2008-03-07,1443600.0,10.63,10.95,10.64,10.43
2008-03-10,972989.0,10.06,10.79,10.7,9.9
2008-03-11,1565110.0,10.49,11.25,10.19,10.13
2008-03-12,992470.0,10.58,10.86,10.57,10.3
2008-03-13,1831550.0,10.79,11.12,10.54,9.96
2008-03-14,1351500.0,10.64,11.1,11.01,10.23
2008-03-17,1262278.0,10.11,10.43,10.2,9.96
2008-03-18,1786708.0,10.6,10.67,10.39,10.05
2008-03-19,800100.0,10.66,11.05,10.6,10.49
2008-03-20,853690.0,11.16,11.1782,10.72,10.66
2008-03-24,1227814.0,11.79,11.9995,11.12,11.11
2008-03-25,2280700.0,12.65,12.79,11.97,11.8
2008-03-26,1086900.0,12.3,12.7,12.7,12.01
2008-03-27,1392700.0,12.23,12.53,12.41,12.01
2008-03-28,1206400.0,12.35,12.52,12.3,12.23
2008-03-31,2373701.0,12.06,12.14,12.01,11.54
2008-04-01,1734200.0,12.55,12.6,12.09,12.03
2008-04-02,1908800.0,12.8,13.39,12.6,12.58
2008-04-03,2149486.0,12.78,12.93,12.77,12.45
2008-04-04,1296577.0,13.05,13.08,12.81,12.64
2008-04-07,2490174.0,13.46,13.87,13.24,13.23
2008-04-08,1938900.0,13.41,13.79,13.34,13.175
2008-04-09,2503782.0,12.75,13.71,13.62,12.53
2008-04-10,2281000.0,12.94,13.22,12.8,12.58
2008-04-11,2242640.0,12.53,12.95,12.84,12.29
2008-04-14,2654026.0,12.37,13.0,12.58,12.14
2008-04-15,2666322.0,11.92,12.6,12.46,11.76
2008-04-16,2181733.0,12.18,12.39,11.88,11.88
2008-04-17,1286805.0,12.33,12.6,12.11,11.94
2008-04-18,2275045.0,12.99,13.44,12.48,12.47
2008-04-21,787827.0,12.67,13.0,12.82,12.52
2008-04-22,1818097.0,11.92,12.75,12.75,11.76
2008-04-23,2743612.0,11.31,12.18,12.0,11.17
2008-04-24,5533696.0,12.01,12.7,11.86,11.45
2008-04-25,2572940.0,12.24,12.36,11.92,11.92
2008-04-28,972180.0,12.67,12.75,12.3,12.21
2008-04-29,1098257.0,12.96,12.96,12.76,12.5
2008-04-30,1631417.0,12.86,13.1,12.82,12.71
2008-05-01,977431.0,13.17,13.2925,12.72,12.72
2008-05-02,716875.0,13.28,13.57,13.3,13.18
2008-05-05,1325745.0,13.06,13.47,13.28,12.93
2008-05-06,902439.0,13.66,13.73,13.068,12.71
2008-05-07,1033042.0,13.23,14.2,13.73,13.13
2008-05-08,1275513.0,13.63,13.95,13.37,13.21
2008-05-09,359246.0,13.38,13.69,13.48,13.22
2008-05-12,416177.0,13.73,13.81,13.39,13.32
2008-05-13,993696.0,13.99,14.12,13.91,13.74
2008-05-14,1021075.0,14.09,14.41,13.93,13.93
2008-05-15,592704.0,14.49,14.54,14.19,13.88
2008-05-16,571107.0,14.14,14.7,14.43,14.07
2008-05-19,556257.0,14.04,14.31,14.06,13.93
2008-05-20,1686708.0,14.13,14.695,14.4,14.02
2008-05-21,1238949.0,13.42,14.25,14.2,13.2
2008-05-22,799641.0,13.44,13.72,13.33,13.26
2008-05-23,3194883.0,12.74,13.42,13.24,12.66
2008-05-27,1071825.0,12.86,13.03,12.8,12.54
2008-05-28,1955001.0,13.16,13.19,12.98,12.82
2008-05-29,1151145.0,13.28,13.5,13.1,13.05
2008-05-30,1331207.0,13.22,13.51,13.26,13.17
2008-06-02,810382.0,12.7,13.2,13.2,12.57
2008-06-03,976364.0,12.75,13.09,12.69,12.52
2008-06-04,1247691.0,12.86,13.07,12.73,12.61
2008-06-05,1624752.0,12.85,12.97,12.88,12.7
2008-06-06,1149920.0,12.12,12.78,12.61,12.1
2008-06-09,860649.0,11.84,12.22,12.13,11.66
2008-06-10,1199065.0,11.93,12.08,11.85,11.72
2008-06-11,997005.0,11.63,11.97,11.84,11.53
2008-06-12,1027104.0,11.85,11.99,11.68,11.68
2008-06-13,1181096.0,11.88,12.15,11.97,11.83
2008-06-16,2850092.0,11.56,11.9,11.77,11.41
2008-06-17,1605899.0,11.13,11.75,11.68,11.1
2008-06-18,2566584.0,11.06,11.15,10.95,10.61
2008-06-19,1176751.0,11.16,11.19,10.98,10.9005
2008-06-20,1518693.0,10.84,11.15,10.74,10.65
2008-06-23,1719691.0,10.87,11.02,10.87,10.59
2008-06-24,1897663.0,10.39,10.92,10.74,10.36
2008-06-25,2567689.0,10.48,10.72,10.33,10.27
2008-06-26,1627824.0,9.88,10.42,10.3,9.87
2008-06-27,4057256.0,9.78,10.02,9.96,9.62
2008-06-30,5440460.0,9.6,9.87,9.87,9.53
2008-07-01,7026179.0,8.47,9.21,9.15,8.06
2008-07-02,9965974.0,7.1,8.42,8.3,6.58
2008-07-03,4728431.0,6.9,7.2522,7.16,6.83
2008-07-07,4399586.0,6.46,7.78,7.69,6.45
2008-07-08,11043387.0,7.02,7.14,6.5,6.08
2008-07-09,3832661.0,6.59,7.28,7.18,6.5
2008-07-10,2625904.0,6.26,6.7,6.66,6.13
2008-07-11,3741104.0,5.92,6.1801,6.06,5.52
2008-07-14,3062579.0,6.14,6.38,6.06,5.89
2008-07-15,3620649.0,6.02,6.21,6.12,5.64
2008-07-16,3157217.0,6.73,6.84,6.05,5.91
2008-07-17,6499675.0,7.68,8.56,6.69,6.69
2008-07-18,1943449.0,7.47,7.8,7.71,7.2
2008-07-21,2486164.0,7.69,8.03,7.64,7.54
2008-07-22,2324219.0,8.31,8.31,7.6,7.44
2008-07-23,3991421.0,8.85,9.24,8.22,8.22
2008-07-24,3847846.0,8.07,8.81,8.81,7.92
2008-07-25,2819028.0,8.4,8.65,8.26,8.17
2008-07-28,2165890.0,8.27,8.62,8.47,8.0
2008-07-29,1406447.0,8.66,8.78,8.41,8.3
2008-07-30,1747384.0,8.44,9.14,8.76,8.4
2008-07-31,1532865.0,8.53,8.69,8.5,7.94
2008-08-01,1001108.0,8.66,8.85,8.65,8.35
2008-08-04,2086354.0,8.34,8.66,8.61,8.1
2008-08-05,2264215.0,9.06,9.1,8.36,8.36
2008-08-06,1472458.0,8.88,8.95,8.95,8.55
2008-08-07,3820684.0,9.01,9.9,8.88,8.64
2008-08-08,7387968.0,8.94,9.11,8.25,7.77
2008-08-11,2985461.0,9.0,9.19,8.6,8.02
2008-08-12,1547431.0,8.83,9.15,8.79,8.62
2008-08-13,2282670.0,8.49,8.81,8.66,8.05
2008-08-14,1683623.0,8.93,8.99,8.33,8.31
2008-08-15,1298052.0,8.89,9.05,8.91,8.29
2008-08-18,1089522.0,8.81,9.0,8.93,8.62
2008-08-19,1100703.0,8.26,8.79,8.69,8.17
2008-08-20,1483461.0,8.44,8.57,8.3,8.15
2008-08-21,949361.0,8.61,8.76,8.39,8.31
2008-08-22,1319879.0,8.92,8.99,8.62,8.55
2008-08-25,1759865.0,9.07,9.16,8.85,8.72
2008-08-26,2100930.0,9.27,9.29,9.06,8.89
2008-08-27,1765135.0,9.19,9.3,9.29,9.08
2008-08-28,1626941.0,9.34,9.38,9.2,9.13
2008-08-29,2055357.0,9.51,9.59,9.35,9.21
2008-09-02,1530280.0,9.51,9.94,9.57,9.35
2008-09-03,2548462.0,9.63,9.7695,9.38,9.35
2008-09-04,3604426.0,9.54,9.8,9.8,9.4
2008-09-05,1666775.0,9.52,9.65,9.36,9.35
2008-09-08,2763562.0,10.32,10.33,9.84,9.58
2008-09-09,3104241.0,9.52,10.57,10.3,9.52
2008-09-10,2117709.0,9.72,9.89,9.89,9.22
2008-09-11,1170507.0,9.73,9.93,9.51,9.3
2008-09-12,964402.0,9.76,9.92,9.57,9.41
2008-09-15,1952042.0,8.89,9.3,9.18,8.65
2008-09-16,1817895.0,9.21,9.35,8.67,8.54
2008-09-17,1979264.0,8.22,9.18,9.13,8.19
2008-09-18,2826379.0,8.64,8.75,8.26,7.74
2008-09-19,874200.0,9.43,10.32,8.89,8.89
2008-09-22,1216117.0,8.81,9.4,9.4,8.64
2008-09-23,1764813.0,7.93,8.83,8.64,7.83
2008-09-24,2221187.0,7.7,8.01,7.7,7.31
2008-09-25,1729076.0,7.79,8.02,7.79,7.65
2008-09-26,1525039.0,7.92,8.08,7.63,7.46
2008-09-29,2443328.0,7.32,8.37,8.09,7.0
2008-09-30,2448679.0,7.57,7.75,7.59,7.13
2008-10-01,2303253.0,6.98,7.46,7.38,6.78
2008-10-02,1864108.0,6.61,7.04,6.99,6.36
2008-10-03,2016574.0,6.5,7.22,6.9,6.42
2008-10-06,1712891.0,6.82,6.82,6.51,6.21
2008-10-07,745946.0,6.07,7.0,7.0,6.0
2008-10-08,1508970.0,6.45,7.01,6.0,5.59
2008-10-09,7038584.0,4.99,6.58,6.58,4.92
2008-10-10,3273775.0,5.1,5.77,4.7,4.5
2008-10-13,4177892.0,5.4,5.76,5.41,5.21
2008-10-14,3400101.0,5.36,5.73,5.73,5.1
2008-10-15,1408770.0,4.8,5.52,5.37,4.78
2008-10-16,2330374.0,5.0,5.15,4.99,4.59
2008-10-17,2024560.0,5.1,5.3,5.3,4.66
2008-10-20,821701.0,5.22,5.31,5.16,5.08
2008-10-21,1403165.0,5.11,5.45,5.22,4.9
2008-10-22,2224477.0,4.59,5.24,5.03,4.42
2008-10-23,1507702.0,4.23,4.77,4.77,3.94
2008-10-24,1877767.0,4.04,4.63,3.7,3.64
2008-10-27,2166877.0,4.2,4.44,3.97,3.83
2008-10-28,4030492.0,4.8,4.82,4.39,3.78
2008-10-29,2628450.0,5.72,5.97,4.85,4.76
2008-10-30,2333944.0,7.01,7.1,6.06,5.96
2008-10-31,2010350.0,7.19,7.54,6.89,6.75
2008-11-03,1614038.0,7.39,7.59,7.27,6.95
2008-11-04,2021538.0,7.21,7.52,7.5,6.96
2008-11-05,3064535.0,6.66,7.84,7.3,6.15
2008-11-06,5217938.0,5.83,6.3,5.25,5.15
2008-11-07,2071746.0,5.37,5.97,5.71,5.27
2008-11-10,1982366.0,4.96,5.61,5.55,4.75
2008-11-11,1777757.0,4.76,4.96,4.82,4.36
2008-11-12,3221261.0,4.04,4.79,4.79,4.0
2008-11-13,2929319.0,5.04,5.13,4.12,3.72
2008-11-14,2470534.0,4.7,5.01,5.01,4.27
2008-11-17,3160991.0,3.92,4.9,4.9,3.85
2008-11-18,2851103.0,3.8,4.1,3.96,3.63
2008-11-19,3502463.0,2.63,3.74,3.73,2.55
2008-11-20,5198029.0,1.81,2.83,2.71,1.58
2008-11-21,5265424.0,1.55,2.19,1.91,1.55
2008-11-24,5103173.0,2.13,2.5,1.66,1.56
2008-11-25,5443807.0,2.24,2.5,2.34,2.01
2008-11-26,2079200.0,3.17,3.285,2.28,2.22
2008-11-28,1393727.0,3.49,3.51,2.96,2.6
2008-12-01,3938863.0,2.73,3.63,3.5,2.69
2008-12-02,4254539.0,3.0,3.0683,2.75,2.61
2008-12-03,1853028.0,3.09,3.3,2.9,2.82
2008-12-04,2250617.0,2.91,3.17,2.99,2.85
2008-12-05,1664109.0,3.29,3.33,2.92,2.82
2008-12-08,2030591.0,3.6,3.73,3.39,3.33
2008-12-09,1557238.0,3.51,3.8,3.6,3.5
2008-12-10,491700.0,3.58,3.65,3.57,3.43
2008-12-11,444700.0,3.43,3.95,3.51,3.39
2008-12-12,1344885.0,3.36,3.41,3.19,3.11
2008-12-15,1096335.0,3.26,3.55,3.38,3.17
2008-12-16,1935279.0,3.37,3.43,3.25,2.89
2008-12-17,999113.0,3.46,3.6,3.18,3.18
2008-12-18,1834698.0,3.56,3.63,3.39,3.25
2008-12-19,1991752.0,3.91,4.0,3.84,3.35
2008-12-22,1475504.0,3.71,4.0,3.85,3.69
2008-12-23,1120986.0,3.67,3.71,3.71,3.56
2008-12-24,359202.0,3.71,3.78,3.6,3.54
2008-12-26,433581.0,3.93,3.94,3.77,3.57
2008-12-29,600093.0,3.77,3.92,3.86,3.76
2008-12-30,880105.0,4.39,4.39,3.75,3.73
2008-12-31,1855163.0,5.07,5.07,4.39,4.39
2009-01-02,1252614.0,5.31,5.48,4.93,4.93
2009-01-05,924031.0,5.39,5.48,5.31,5.03
2009-01-06,2057671.0,6.06,6.27,5.3,5.3
2009-01-07,1246671.0,5.73,6.05,5.99,5.34
2009-01-08,1162797.0,5.97,6.0,5.71,5.58
2009-01-09,935321.0,6.02,6.16,6.01,5.99
2009-01-12,1501921.0,5.91,6.09,6.09,5.81
2009-01-13,2183689.0,5.85,6.01,5.77,5.71
2009-01-14,2915963.0,5.29,5.83,5.82,5.19
2009-01-15,2994421.0,5.39,5.71,5.35,4.895
2009-01-16,2803084.0,5.27,5.6,5.6,4.72
2009-01-20,1925294.0,4.81,5.18,5.03,4.78
2009-01-21,1526717.0,5.31,5.31,4.84,4.69
2009-01-22,1013304.0,5.08,5.31,5.11,4.98
2009-01-23,1230046.0,5.12,5.25,4.84,4.78
2009-01-26,1043638.0,5.07,5.28,5.19,4.95
2009-01-27,1258987.0,5.23,5.27,5.12,4.92
2009-01-28,1517176.0,5.8,5.93,5.3,5.28
2009-01-29,892409.0,5.24,5.8,5.61,5.22
2009-01-30,642686.0,5.06,5.42,5.34,4.97
2009-02-02,962328.0,4.99,5.14,5.08,4.73
2009-02-03,1246733.0,5.07,5.26,5.12,4.93
2009-02-04,1385539.0,5.02,5.21,4.98,4.91
2009-02-05,1608959.0,4.83,4.93,4.82,4.69
2009-02-06,3090105.0,5.22,5.38,4.96,4.81
2009-02-09,2616107.0,5.67,5.88,5.2,5.15
2009-02-10,1823817.0,5.28,5.77,5.54,5.16
2009-02-11,1044821.0,5.16,5.38,5.32,5.06
2009-02-12,1643299.0,5.29,5.29,5.03,4.94
2009-02-13,862406.0,5.09,5.28,5.23,5.05
2009-02-17,1067945.0,4.72,4.81,4.77,4.51
2009-02-18,1152901.0,4.52,4.78,4.68,4.43
2009-02-19,1418951.0,4.38,4.68,4.62,4.31
2009-02-20,2810652.0,3.69,4.3,4.25,3.51
2009-02-23,2904149.0,3.5,3.95,3.76,3.47
2009-02-24,2966657.0,3.4,3.85,3.37,2.69
2009-02-25,1978551.0,3.38,3.53,3.4,3.02
2009-02-26,1793878.0,3.24,3.59,3.59,3.12
2009-02-27,2545344.0,3.16,3.24,3.15,2.75
2009-03-02,1680434.0,2.91,3.1,3.1,2.8
2009-03-03,2790368.0,2.93,3.37,3.02,2.93
2009-03-04,1933553.0,3.32,3.5,2.93,2.93
2009-03-05,1766016.0,2.6,3.15,3.15,2.56
2009-03-06,2161490.0,2.24,2.72,2.69,2.18
2009-03-09,2403119.0,2.0,2.26,2.23,1.97
2009-03-10,3744869.0,2.5,2.73,2.12,2.1
2009-03-11,1930125.0,2.48,2.76,2.67,2.38
2009-03-12,1584355.0,3.02,3.06,2.4,2.35
2009-03-13,1675726.0,2.75,3.05,3.0,2.6199
2009-03-16,1662882.0,2.84,2.99,2.75,2.7
2009-03-17,1099920.0,2.64,2.84,2.78,2.59
2009-03-18,831431.0,2.97,3.02,2.62,2.61
2009-03-19,1204445.0,2.94,3.28,2.99,2.93
2009-03-20,2026418.0,3.38,3.38,3.04,2.89
2009-03-23,1331040.0,3.98,4.0,3.4,3.27
2009-03-24,1458690.0,3.86,3.98,3.97,3.57
2009-03-25,877364.0,3.86,4.26,3.85,3.57
2009-03-26,1795175.0,4.85,4.85,3.91,3.91
2009-03-27,1786836.0,4.18,4.85,4.85,4.17
2009-03-30,1908002.0,3.56,4.1,4.08,3.36
2009-03-31,1708168.0,3.93,4.14,3.68,3.68
2009-04-01,1639109.0,4.22,4.28,3.91,3.61
2009-04-02,1589531.0,4.54,4.875,4.36,4.35
2009-04-03,1421324.0,4.85,4.88,4.53,4.25
2009-04-06,1538073.0,4.56,4.82,4.62,4.32
2009-04-07,1270265.0,4.35,4.57,4.49,4.26
2009-04-08,820753.0,4.48,4.5,4.29,4.28
2009-04-09,2153152.0,5.5,5.5,4.65,4.53
2009-04-13,1180528.0,6.01,6.11,5.5,5.19
2009-04-14,2602313.0,6.28,6.94,5.89,5.83
2009-04-15,1691699.0,6.21,6.44,6.11,6.05
2009-04-16,1437446.0,7.11,7.29,6.31,6.2
2009-04-17,1962293.0,7.83,8.07,6.9,6.9
2009-04-20,1635052.0,6.52,7.5,7.5,6.48
2009-04-21,1452006.0,6.74,6.92,6.57,6.25
2009-04-22,1006638.0,7.23,7.38,6.68,6.25
2009-04-23,968789.0,7.17,7.26,7.12,6.84
2009-04-24,1348588.0,7.56,8.01,7.28,7.03
2009-04-27,1687146.0,6.62,7.58,7.51,6.62
2009-04-28,1850711.0,6.73,7.09,6.68,6.45
2009-04-29,2319953.0,6.67,7.05,6.47,6.45
2009-04-30,2982466.0,6.8,7.07,6.47,6.28
2009-05-01,1688749.0,6.45,6.85,6.81,6.36
2009-05-04,2358303.0,7.53,7.56,6.59,6.59
2009-05-05,4243796.0,8.45,8.57,7.34,7.16
2009-05-06,4232937.0,9.0,9.285,8.35,8.35
2009-05-07,2169609.0,8.84,9.545,9.27,8.61
2009-05-08,1923037.0,8.81,9.12,9.12,8.61
2009-05-11,1232033.0,8.38,8.66,8.56,8.3
2009-05-12,1319034.0,7.68,8.76,8.51,7.36
2009-05-13,1284229.0,6.86,7.42,7.42,6.78
2009-05-14,1301612.0,7.22,7.55,7.0,6.7
2009-05-15,1405061.0,7.01,7.67,7.11,6.95
2009-05-18,1030473.0,7.7,7.74,7.07,6.896
2009-05-19,1416301.0,8.14,8.23,7.61,7.42
2009-05-20,11097599.0,6.76,7.57,7.03,6.61
2009-05-21,45237680.0,6.32,6.54,6.5,6.135
2009-05-22,12115090.0,6.26,6.46,6.37,6.18
2009-05-26,7328254.0,6.35,6.47,6.28,6.0
2009-05-27,5548280.0,6.35,6.46,6.23,6.14
2009-05-28,11644181.0,6.62,6.69,6.35,6.21
2009-05-29,10671302.0,6.85,6.87,6.7,6.56
2009-06-01,10145405.0,7.08,7.2,6.93,6.77
2009-06-02,6692637.0,6.79,7.15,7.1,6.46
2009-06-03,5076470.0,6.45,6.75,6.75,6.19
2009-06-04,4921244.0,6.52,6.55,6.32,6.14
2009-06-05,5710307.0,6.79,6.85,6.7,6.41
2009-06-08,5173409.0,6.74,6.79,6.62,6.55
2009-06-09,6859984.0,7.16,7.22,6.81,6.76
2009-06-10,5289702.0,7.08,7.32,7.2,6.9
2009-06-11,4644572.0,7.22,7.43,7.22,7.14
2009-06-12,3227310.0,7.26,7.4,7.08,6.83
2009-06-15,6990698.0,6.48,7.17,7.17,6.3
2009-06-16,6334707.0,6.59,6.9,6.46,6.43
2009-06-17,7181605.0,6.76,6.86,6.59,6.2
2009-06-18,6565504.0,7.01,7.17,7.14,6.74
2009-06-19,5980558.0,7.15,7.5,7.21,7.0601
2009-06-22,5011785.0,6.57,7.21,7.07,6.5
2009-06-23,4705796.0,6.63,6.995,6.75,6.51
2009-06-24,7507053.0,7.01,7.2,6.84,6.76
2009-06-25,2588500.0,8.13,8.16,7.77,7.38
2009-06-26,16918559.0,8.08,8.2,7.97,7.54
2009-06-29,3506521.0,8.14,8.23,8.14,7.77
2009-06-30,7790658.0,7.99,8.24,8.16,7.69
2009-07-01,12693218.0,8.44,8.72,8.19,8.04
2009-07-02,9627605.0,8.08,8.45,8.27,7.91
2009-07-06,3721946.0,7.98,8.26,7.99,7.73
2009-07-07,5501545.0,7.97,8.16,7.89,7.72
2009-07-08,7584294.0,8.0,8.3489,8.08,7.89
2009-07-09,8196803.0,8.33,8.45,8.2,8.0
2009-07-10,6693037.0,8.5,8.57,8.38,8.1
2009-07-13,9131200.0,8.91,8.93,8.6,8.25
2009-07-14,5465435.0,9.0,9.07,8.8,8.6
2009-07-15,8189490.0,8.86,9.0,8.85,8.58
2009-07-16,2662791.0,8.95,9.17,8.82,8.63
2009-07-17,3552210.0,8.78,8.93,8.91,8.62
2009-07-20,2663812.0,9.18,9.2,8.74,8.68
2009-07-21,2957962.0,9.18,9.47,9.23,8.86
2009-07-22,2504596.0,9.03,9.16,9.05,8.9
2009-07-23,2826050.0,9.44,9.5,9.03,8.96
2009-07-24,2817573.0,9.57,9.63,9.46,9.21
2009-07-27,2094188.0,9.45,9.69,9.65,9.32
2009-07-28,1973929.0,9.39,9.61,9.48,9.06
2009-07-29,4596677.0,9.34,9.62,9.27,9.13
2009-07-30,3473309.0,9.39,9.95,9.54,9.27
2009-07-31,3301979.0,9.44,9.76,9.38,9.26
2009-08-03,5971941.0,10.03,10.15,9.7,9.67
2009-08-04,4115035.0,10.46,10.55,9.85,9.85
2009-08-05,4120191.0,10.43,10.73,10.38,10.19
2009-08-06,2701222.0,10.4,10.88,10.61,10.24
2009-08-07,3134566.0,10.93,11.05,10.85,10.59
2009-08-10,4563691.0,11.35,11.53,10.93,10.86
2009-08-11,2858255.0,10.8,11.355,11.32,10.71
2009-08-12,3070376.0,10.88,11.09,10.87,10.81
2009-08-13,4101474.0,11.02,11.06,11.0,10.57
2009-08-14,2525633.0,11.02,11.17,11.17,10.65
2009-08-17,4389002.0,10.1,10.62,10.31,9.99
2009-08-18,3861124.0,10.26,10.26,9.95,9.85
2009-08-19,5065977.0,10.08,10.4,10.03,9.9
2009-08-20,3403295.0,10.74,10.75,10.12,10.12
2009-08-21,2332906.0,10.81,10.92,10.85,10.5902
2009-08-24,3816371.0,10.46,11.03,10.91,10.37
2009-08-25,2418057.0,10.86,10.89,10.57,10.5
2009-08-26,3245469.0,10.58,10.95,10.78,10.53
2009-08-27,3502287.0,10.35,10.71,10.58,9.96
2009-08-28,2462294.0,10.14,10.6,10.4,9.94
2009-08-31,2386429.0,9.92,10.015,9.95,9.75
2009-09-01,3516424.0,9.29,10.0497,9.81,9.18
2009-09-02,4199019.0,9.18,9.4,9.19,8.9
2009-09-03,2202576.0,9.26,9.33,9.22,8.9
2009-09-04,1425893.0,9.61,9.69,9.36,9.31
2009-09-08,5095264.0,9.52,9.66,9.62,9.3403
2009-09-09,4656644.0,10.44,10.52,9.46,9.46
2009-09-10,6602377.0,10.99,11.2,10.59,10.48
2009-09-11,3695325.0,10.72,11.23,11.09,10.61
2009-09-14,2146108.0,10.85,10.93,10.65,10.39
2009-09-15,3739226.0,11.06,11.08,10.84,10.8
2009-09-16,3121827.0,11.3,11.38,11.1,11.04
2009-09-17,5456615.0,11.18,11.53,11.37,10.79
2009-09-18,1447601.0,11.4,11.5,11.39,11.12
2009-09-21,1878112.0,11.38,11.65,11.4,10.94
2009-09-22,3301229.0,11.7,11.99,11.49,11.48
2009-09-23,1374470.0,11.49,11.81,11.73,11.45
2009-09-24,2460666.0,10.68,11.72,11.5,10.68
2009-09-25,1982747.0,10.69,10.85,10.6,10.55
2009-09-28,2654774.0,10.79,11.2,10.73,10.67
2009-09-29,3155200.0,10.49,11.0,10.8,10.4
2009-09-30,3524588.0,10.83,11.03,10.5,10.14
2009-10-01,3433515.0,10.12,10.79,10.76,10.05
2009-10-02,2770927.0,9.86,9.99,9.95,9.59
2009-10-05,3066190.0,10.26,10.275,9.78,9.78
2009-10-06,3070935.0,10.2,10.61,10.36,10.02
2009-10-07,6971218.0,10.09,10.43,10.13,9.94
2009-10-08,7520319.0,10.16,10.54,10.17,10.08
2009-10-09,4825902.0,10.74,10.99,10.66,10.42
2009-10-12,2474887.0,10.93,11.1,10.91,10.87
2009-10-13,2676831.0,11.04,11.2487,10.9,10.8
2009-10-14,4251622.0,11.28,11.3,11.24,10.91
2009-10-15,2128074.0,11.03,11.28,11.23,10.82
2009-10-16,3996958.0,10.7,10.91,10.91,10.45
2009-10-19,2015212.0,10.64,10.74,10.61,10.61
2009-10-20,6906073.0,10.56,10.88,10.64,10.35
2009-10-21,1333019.0,10.26,10.9,10.52,10.25
2009-10-22,2351462.0,10.27,10.36,10.32,9.9
2009-10-23,2993752.0,10.03,10.38,10.21,9.91
2009-10-26,2727651.0,9.62,10.35,10.06,9.53
2009-10-27,9950681.0,10.15,11.2,10.63,9.73
2009-10-28,6910177.0,9.12,10.13,10.13,9.07
2009-10-29,4733562.0,9.54,9.61,9.37,9.15
2009-10-30,6672423.0,9.31,10.03,9.9,8.98
2009-11-02,4438320.0,9.15,9.57,9.31,8.96
2009-11-03,4380269.0,9.11,9.19,9.02,8.82
2009-11-04,3043155.0,8.89,9.29,9.25,8.85
2009-11-05,2627145.0,9.29,9.34,8.97,8.97
2009-11-06,3173269.0,9.51,9.69,9.27,9.02
2009-11-09,1733437.0,9.85,9.94,9.57,9.54
2009-11-10,1583217.0,9.76,9.87,9.74,9.56
2009-11-11,2467958.0,10.19,10.25,9.9,9.85
2009-11-12,2708766.0,9.7,10.17,10.11,9.67
2009-11-13,1782452.0,9.79,10.04,9.84,9.64
2009-11-16,1273672.0,10.11,10.14,9.95,9.91
2009-11-17,1200730.0,10.13,10.15,10.03,9.82
2009-11-18,2061878.0,10.32,10.45,10.13,10.06
2009-11-19,2238675.0,9.89,10.32,10.18,9.755
2009-11-20,1627620.0,9.78,9.96,9.75,9.555
2009-11-23,1175830.0,9.71,10.14,10.09,9.64
2009-11-24,2436597.0,9.98,10.1,10.05,9.75
2009-11-25,1372543.0,10.0,10.24,10.03,9.91
2009-11-27,1101116.0,9.63,9.9,9.62,9.4501
2009-11-30,2893755.0,9.8,9.8,9.63,9.51
2009-12-01,4077273.0,10.23,10.31,10.0,9.91
2009-12-02,4278741.0,10.5,10.64,10.22,10.22
2009-12-03,1887713.0,10.39,10.7,10.51,10.38
2009-12-04,4170274.0,10.91,11.1,10.64,10.57
2009-12-07,1930857.0,10.96,11.05,10.81,10.7
2009-12-08,1511106.0,10.89,10.92,10.8,10.55
2009-12-09,1407155.0,10.78,10.94,10.94,10.6
2009-12-10,2718853.0,10.91,11.05,10.89,10.71
2009-12-11,2025084.0,10.74,11.08,10.78,10.7
2009-12-14,1639339.0,10.86,10.92,10.83,10.76
2009-12-15,2427054.0,10.74,10.84,10.79,10.6
2009-12-16,3086031.0,11.1,11.14,10.78,10.77
2009-12-17,1694906.0,10.95,11.15,10.92,10.84
2009-12-18,1959716.0,11.2,11.21,11.07,10.89
2009-12-21,1467184.0,11.48,11.52,11.2,11.17
2009-12-22,5289634.0,12.07,12.4,11.5,11.48
2009-12-23,2790924.0,12.31,12.49,12.14,12.05
2009-12-24,783002.0,12.38,12.55,12.4,12.28
2009-12-28,1064336.0,12.33,12.5,12.37,12.23
2009-12-29,929833.0,12.27,12.5,12.4,12.11
2009-12-30,1073493.0,12.03,12.26,12.17,11.98
2009-12-31,1376483.0,11.92,12.12,12.12,11.87
2010-01-04,4036860.0,11.88,12.22,12.02,11.665
2010-01-05,3358762.0,11.77,12.05,11.82,11.64
2010-01-06,2292682.0,11.62,11.74,11.73,11.55
2010-01-07,1292163.0,11.65,11.83,11.67,11.53
2010-01-08,2715242.0,12.18,12.18,11.68,11.52
2010-01-11,1641253.0,12.11,12.25,12.19,11.87
2010-01-12,2024694.0,11.74,12.0,12.0,11.41
2010-01-13,1706604.0,11.71,11.835,11.72,11.48
2010-01-14,2064877.0,12.14,12.21,11.75,11.65
2010-01-15,1974937.0,12.07,12.16,12.16,11.75
2010-01-19,2001086.0,11.97,12.08,11.98,11.86
2010-01-20,1687336.0,11.71,11.93,11.87,11.62
2010-01-21,3897151.0,11.49,11.84,11.75,11.17
2010-01-22,1609570.0,11.03,11.51,11.34,10.97
2010-01-25,1840074.0,10.87,11.23,11.15,10.77
2010-01-26,4498326.0,10.74,10.95,10.88,10.63
2010-01-27,4574263.0,11.01,11.3,11.03,10.63
2010-01-28,2124717.0,10.59,11.1,11.07,10.385
2010-01-29,4133746.0,10.36,10.65,10.62,10.14
2010-02-01,2663505.0,10.74,10.79,10.48,10.27
2010-02-02,2243481.0,10.65,10.92,10.77,10.57
2010-02-03,927321.0,10.57,10.66,10.61,10.48
2010-02-04,1375562.0,10.13,10.45,10.45,10.05
2010-02-05,2398050.0,10.02,10.2,10.11,9.55
2010-02-08,1611931.0,9.85,10.16,10.04,9.7
2010-02-09,1864629.0,10.27,10.32,9.99,9.98
2010-02-10,2441344.0,10.36,10.42,10.27,10.19
2010-02-11,2019812.0,10.61,10.63,10.36,10.24
2010-02-12,2328847.0,10.4,10.47,10.39,10.22
2010-02-16,1718452.0,10.72,10.72,10.59,10.46
2010-02-17,5961428.0,11.03,11.22,10.87,10.86
2010-02-18,4065884.0,11.11,11.19,10.84,10.67
2010-02-19,2677631.0,10.96,11.23,11.1,10.91
2010-02-22,3384548.0,10.93,11.145,11.03,10.87
2010-02-23,5372452.0,10.52,10.97,10.93,10.44
2010-02-24,13800803.0,9.69,10.87,10.81,9.52
2010-02-25,7463539.0,9.12,9.6,9.6,9.09
2010-02-26,6058009.0,9.4,9.45,9.12,9.06
2010-03-01,4112003.0,9.5,9.67,9.5,9.38
2010-03-02,4187513.0,9.4,9.63,9.52,9.24
2010-03-03,2526979.0,9.23,9.49,9.37,9.2
2010-03-04,5033788.0,9.7,9.8,9.2,9.2
2010-03-05,4280760.0,9.98,10.1,9.87,9.84
2010-03-08,2320605.0,9.91,10.03,10.03,9.8
2010-03-09,4025854.0,9.9,9.95,9.87,9.79
2010-03-10,3577414.0,9.95,10.13,9.97,9.8
2010-03-11,5378462.0,9.99,10.01,9.78,9.72
2010-03-12,3622534.0,9.99,10.08,10.02,9.92
2010-03-15,3142982.0,10.01,10.075,9.96,9.85
2010-03-16,3589933.0,10.26,10.39,10.0,10.0
2010-03-17,5020081.0,9.94,10.44,10.35,9.94
2010-03-18,4529273.0,9.7,9.945,9.91,9.6
2010-03-19,3710266.0,9.4,9.78,9.77,9.39
2010-03-22,3537159.0,9.55,9.59,9.33,9.17
2010-03-23,3425255.0,9.78,9.87,9.61,9.405
2010-03-24,3165172.0,9.79,9.82,9.69,9.59
2010-03-25,5607707.0,9.87,10.3,9.85,9.78
2010-03-26,2825422.0,10.01,10.19,9.87,9.86
2010-03-29,3280566.0,9.91,10.13,10.05,9.79
2010-03-30,2391357.0,10.0,10.04,9.88,9.7
2010-03-31,8242933.0,9.99,10.28,9.95,9.85
2010-04-01,5718700.0,10.41,10.41,10.1,10.05
2010-04-05,3061529.0,10.78,10.94,10.4,10.4
2010-04-06,16722753.0,11.84,12.19,10.76,10.76
2010-04-07,4492418.0,11.64,11.85,11.73,11.5
2010-04-08,5230171.0,12.01,12.16,11.55,11.32
2010-04-09,3647178.0,11.95,12.1,12.02,11.75
2010-04-12,4001245.0,11.81,11.95,11.92,11.74
2010-04-13,4636161.0,11.96,12.02,11.81,11.65
2010-04-14,4442537.0,12.29,12.39,12.075,11.94
2010-04-15,3021467.0,12.17,12.5,12.26,12.11
2010-04-16,3569450.0,11.82,12.17,12.13,11.4
2010-04-19,4081100.0,11.7,11.9,11.85,11.47
2010-04-20,3250399.0,11.92,11.98,11.84,11.671
2010-04-21,3686563.0,11.91,12.05,11.91,11.69
2010-04-22,9381855.0,12.73,12.81,11.86,11.73
2010-04-23,6592631.0,12.88,13.0,12.78,12.56
2010-04-26,47683226.0,14.69,15.6,14.66,14.5
2010-04-27,10376652.0,14.16,14.65,14.55,14.02
2010-04-28,11487551.0,14.22,14.66,14.41,13.865
2010-04-29,7739665.0,14.75,14.93,14.32,14.19
2010-04-30,6552702.0,14.46,14.89,14.86,14.22
2010-05-03,17173670.0,13.6,14.21,13.8,13.43
2010-05-04,13187453.0,13.35,13.64,13.48,13.09
2010-05-05,7615343.0,13.08,13.58,13.08,12.23
2010-05-06,6797359.0,12.38,13.29,13.06,11.47
2010-05-07,8274906.0,12.01,12.65,12.41,11.53
2010-05-10,7029586.0,12.92,12.97,12.76,12.4
2010-05-11,6708038.0,13.12,13.5,12.66,12.55
2010-05-12,8209516.0,13.0,13.23,12.99,12.79
2010-05-13,5809941.0,12.93,13.24,12.96,12.75
2010-05-14,5924910.0,12.24,12.82,12.82,12.04
2010-05-17,8345189.0,11.87,12.38,12.27,11.38
2010-05-18,3044318.0,11.5,12.09,11.92,11.34
2010-05-19,5388018.0,11.2,11.71,11.45,10.9
2010-05-20,11991611.0,10.23,10.93,10.93,10.19
2010-05-21,7890564.0,10.45,10.58,10.06,10.03
2010-05-24,8132685.0,10.15,10.576,10.19,10.12
2010-05-25,11998497.0,10.29,10.37,9.77,9.64
2010-05-26,12812602.0,10.79,11.17,10.61,10.52
2010-05-27,18310161.0,11.33,11.535,11.1,10.99
2010-05-28,7661178.0,11.36,11.59,11.44,11.08
2010-06-01,4430767.0,10.78,11.38,11.25,10.78
2010-06-02,5158224.0,10.69,10.99,10.99,10.5
2010-06-03,6432217.0,11.09,11.22,10.88,10.77
2010-06-04,5557870.0,10.22,10.8,10.75,10.13
2010-06-07,7938417.0,9.76,10.32,10.21,9.69
2010-06-08,10139535.0,9.54,10.0101,9.55,9.13
2010-06-09,8831053.0,9.86,10.32,9.54,9.54
2010-06-10,3740066.0,10.39,10.4,10.11,10.0
2010-06-11,3527451.0,10.27,10.4,10.18,9.93
2010-06-14,6005873.0,10.55,10.8,10.32,10.28
2010-06-15,5119766.0,10.88,10.97,10.69,10.17
2010-06-16,3831566.0,10.65,10.83,10.73,10.4
2010-06-17,2643342.0,10.48,10.83,10.75,10.175
2010-06-18,2692068.0,10.27,10.62,10.47,10.21
2010-06-21,3688081.0,10.34,10.73,10.55,10.2117
2010-06-22,5573116.0,9.91,10.41,10.32,9.79
2010-06-23,4852223.0,10.08,10.28,9.91,9.75
2010-06-24,3469621.0,9.9,10.14,9.95,9.8
2010-06-25,5201123.0,9.98,10.04,9.9,9.7
2010-06-28,2128794.0,9.85,10.11,10.0,9.82
2010-06-29,4951327.0,9.41,9.74,9.74,9.28
2010-06-30,6063311.0,9.46,9.66,9.4,9.31
2010-07-01,5381818.0,9.31,9.94,9.54,8.68
2010-07-02,2753786.0,9.07,9.43,9.32,8.99
2010-07-06,4387951.0,8.73,9.49,9.35,8.55
2010-07-07,4849282.0,9.61,9.66,9.05,8.86
2010-07-08,7081018.0,9.91,10.0,9.85,9.7
2010-07-09,3813545.0,10.24,10.28,9.84,9.76
2010-07-12,2254817.0,10.04,10.3,10.13,9.89
2010-07-13,4012030.0,10.37,10.425,10.39,9.99
2010-07-14,2838913.0,10.26,10.41,10.27,10.01
2010-07-15,6565533.0,10.6,10.69,10.24,10.2101
2010-07-16,5231231.0,10.03,10.64,10.58,9.96
2010-07-19,2737035.0,10.15,10.18,10.02,9.88
2010-07-20,4122010.0,10.02,10.12,10.0,9.7
2010-07-21,7905044.0,10.24,10.83,10.23,10.23
2010-07-22,6437010.0,10.92,11.0,10.34,10.31
2010-07-23,3792494.0,11.12,11.21,10.69,10.49
2010-07-26,3462906.0,11.34,11.4,11.22,11.08
2010-07-27,7468899.0,11.06,11.52,11.37,10.94
2010-07-28,5948758.0,11.0,11.08,10.9,10.74
2010-07-29,6680936.0,11.23,11.49,11.1,10.93
2010-07-30,7635150.0,11.74,11.8,10.98,10.84
2010-08-02,7112057.0,11.95,12.2,12.01,11.6206
2010-08-03,8462106.0,11.57,11.98,11.98,11.47
2010-08-04,17097869.0,10.96,11.57,11.45,10.65
2010-08-05,7878618.0,10.46,10.91,10.82,10.44
2010-08-06,7615292.0,10.27,10.4001,10.26,10.06
2010-08-09,12252052.0,10.35,10.4,10.28,10.03
2010-08-10,7036693.0,10.07,10.29,10.26,10.02
2010-08-11,7289123.0,9.79,9.9025,9.9,9.56
2010-08-12,6811738.0,9.65,9.8301,9.58,9.55
2010-08-13,4968192.0,9.43,9.8,9.64,9.43
2010-08-16,5868247.0,9.28,9.55,9.55,9.25
2010-08-17,5582541.0,9.46,9.6,9.49,9.18
2010-08-18,4086582.0,9.69,9.82,9.52,9.36
2010-08-19,4347383.0,9.21,9.64,9.585,9.18
2010-08-20,3990621.0,9.2,9.29,9.21,8.88
2010-08-23,3064474.0,9.08,9.4,9.31,9.08
2010-08-24,3978952.0,8.82,9.05,8.99,8.78
2010-08-25,3225945.0,8.86,8.95,8.84,8.65
2010-08-26,2832307.0,8.67,8.99,8.97,8.65
2010-08-27,4092231.0,8.84,8.9,8.86,8.41
2010-08-30,4129681.0,8.58,8.89,8.86,8.54
2010-08-31,10777923.0,8.51,8.68,8.55,8.36
2010-09-01,8672009.0,9.09,9.16,8.7,8.66
2010-09-02,5275822.0,9.47,9.54,9.17,9.04
2010-09-03,5083239.0,9.72,9.86,9.66,9.52
2010-09-07,2368435.0,9.5,9.69,9.65,9.47
2010-09-08,3129647.0,9.76,9.81,9.59,9.52
2010-09-09,2822858.0,9.81,10.05,10.02,9.78
2010-09-10,3671666.0,10.05,10.115,9.81,9.76
2010-09-13,24100825.0,10.84,11.02,10.64,10.49
2010-09-14,5005528.0,10.76,11.01,10.73,10.6
2010-09-15,5287417.0,10.71,10.78,10.57,10.27
2010-09-16,8597503.0,10.94,11.01,10.59,10.54
2010-09-17,7002526.0,10.99,11.06,10.92,10.66
2010-09-20,2818096.0,11.16,11.24,10.96,10.82
2010-09-21,3820603.0,11.16,11.43,11.15,11.09
2010-09-22,4065331.0,10.87,11.27,11.1,10.85
2010-09-23,6864567.0,10.45,10.89,10.74,10.435
2010-09-24,5319424.0,11.16,11.32,10.89,10.82
2010-09-27,3181861.0,11.28,11.34,11.15,11.11
2010-09-28,11992919.0,11.44,11.67,11.3,11.2
2010-09-29,12835969.0,11.61,11.85,11.39,11.21
2010-09-30,33764934.0,10.59,11.58,11.58,10.27
2010-10-01,19063983.0,10.01,10.62,10.62,9.95
2010-10-04,6854558.0,9.94,10.32,9.99,9.92
2010-10-05,9190781.0,10.14,10.27,10.09,9.97
2010-10-06,8142643.0,9.97,10.32,10.15,9.85
2010-10-07,13572905.0,9.72,9.96,9.96,9.59
2010-10-08,9474048.0,10.09,10.16,9.72,9.68
2010-10-11,3996518.0,10.06,10.16,10.13,9.95
2010-10-12,8678659.0,10.39,10.49,10.06,9.92
2010-10-13,7126547.0,10.53,10.68,10.53,10.37
2010-10-14,9137468.0,10.12,10.51,10.46,9.99
2010-10-15,3763435.0,10.0,10.37,10.2,9.92
2010-10-18,4945649.0,10.3,10.31,10.03,9.93
2010-10-19,5120862.0,10.02,10.24,10.13,9.95
2010-10-20,9693943.0,10.43,10.48,10.21,10.1
2010-10-21,5931345.0,10.46,10.78,10.54,10.36
2010-10-22,3649995.0,10.66,10.7113,10.51,10.42
2010-10-25,7745984.0,11.14,11.24,10.72,10.71
2010-10-26,7757703.0,11.39,11.56,10.98,10.9
2010-10-27,2764070.0,11.4,11.42,11.38,11.13
2010-10-28,3489557.0,11.37,11.58,11.52,11.22
2010-10-29,4160696.0,11.32,11.49,11.46,11.11
2010-11-01,5506642.0,11.27,11.38,11.32,11.12
2010-11-02,3695220.0,11.35,11.44,11.37,11.18
2010-11-03,8473781.0,11.31,11.67,11.42,11.195
2010-11-04,7728777.0,11.99,12.13,11.4,11.33
2010-11-05,6197355.0,12.29,12.5,12.04,11.97
2010-11-08,2150413.0,12.24,12.41,12.24,11.99
2010-11-09,3937412.0,12.16,12.42,12.31,12.09
2010-11-10,5937987.0,12.51,12.6,12.1,11.95
2010-11-11,4754707.0,12.5,12.65,12.32,12.16
2010-11-12,5797254.0,12.02,12.49,12.33,11.88
2010-11-15,4276384.0,11.83,12.19,12.16,11.83
2010-11-16,5404770.0,11.74,11.82,11.73,11.36
2010-11-17,3276567.0,11.79,11.92,11.66,11.56
2010-11-18,2680724.0,12.04,12.28,11.98,11.91
2010-11-19,3053029.0,12.3,12.4,12.03,11.97
2010-11-22,3297193.0,12.1,12.39,12.23,12.03
2010-11-23,2013367.0,11.94,12.04,11.79,11.79
2010-11-24,2675484.0,12.32,12.4,12.09,12.07
2010-11-26,498460.0,12.23,12.38,12.17,12.17
2010-11-29,3178150.0,12.26,12.31,12.1,11.96
2010-11-30,2070494.0,12.26,12.37,12.06,12.06
2010-12-01,5189574.0,12.64,12.78,12.47,12.38
2010-12-02,4411133.0,12.96,13.13,12.73,12.71
2010-12-03,4369196.0,13.21,13.39,12.89,12.78
2010-12-06,6162499.0,13.34,13.4,13.24,13.14
2010-12-07,5446489.0,13.31,13.63,13.42,13.19
2010-12-08,3960685.0,13.61,13.69,13.37,13.33
2010-12-09,3432516.0,13.78,13.79,13.75,13.56
2010-12-10,3558445.0,13.92,14.06,13.75,13.74
2010-12-13,10386907.0,13.69,14.09,14.09,13.565
2010-12-14,3757306.0,13.64,13.88,13.69,13.57
2010-12-15,12496237.0,13.9,14.68,14.06,13.88
2010-12-16,4176175.0,14.22,14.25,14.08,13.64
2010-12-17,3425667.0,14.26,14.39,14.26,14.085
2010-12-20,1625275.0,14.31,14.46,14.26,14.08
2010-12-21,2301751.0,14.55,14.63,14.34,14.29
2010-12-22,1927342.0,14.37,14.56,14.53,14.24
2010-12-23,1110090.0,14.23,14.37,14.37,14.16
2010-12-27,1045960.0,14.23,14.325,14.22,14.05
2010-12-28,1210558.0,14.13,14.32,14.32,13.97
2010-12-29,2006280.0,14.25,14.36,14.13,14.09
2010-12-30,1250960.0,14.31,14.43,14.25,14.13
2010-12-31,2838278.0,14.49,14.93,14.32,14.27
2011-01-03,3249458.0,14.7,14.92,14.69,14.57
2011-01-04,3821440.0,14.54,15.04,14.85,14.12
2011-01-05,2948072.0,14.89,14.9,14.39,14.39
2011-01-06,4592532.0,14.54,14.92,14.89,14.29
2011-01-07,5742710.0,14.39,14.73,14.57,14.06
2011-01-10,3190733.0,14.31,14.38,14.32,14.08
2011-01-11,4084519.0,14.09,14.41,14.4,13.98
2011-01-12,9070746.0,13.68,14.15,14.15,13.58
2011-01-13,5495413.0,13.77,13.86,13.74,13.6
2011-01-14,4225393.0,13.96,14.11,13.71,13.6801
2011-01-18,4332341.0,14.21,14.24,13.97,13.92
2011-01-19,3766061.0,13.9,14.18,14.18,13.78
2011-01-20,4338862.0,13.89,14.065,13.94,13.69
2011-01-21,2923740.0,13.96,14.12,13.94,13.815
2011-01-24,12892728.0,14.4,14.85,13.9,13.86
2011-01-25,4976214.0,14.2,14.49,14.34,14.01
2011-01-26,2808460.0,14.58,14.7,14.27,14.23
2011-01-27,3177791.0,14.87,14.97,14.63,14.4504
2011-01-28,4857316.0,14.42,14.99,14.87,14.31
2011-01-31,3551763.0,14.71,14.94,14.48,14.4
2011-02-01,4824888.0,15.23,15.43,14.81,14.81
2011-02-02,3420897.0,15.08,15.56,15.12,15.0
2011-02-03,4196986.0,15.04,15.18,15.11,14.75
2011-02-04,2462194.0,14.93,15.12,15.09,14.77
2011-02-07,4431026.0,15.32,15.56,15.04,14.95
2011-02-08,7503990.0,15.86,15.89,15.32,15.26
2011-02-09,6102572.0,16.0,16.18,15.7,15.7
2011-02-10,10651127.0,16.22,16.3,15.8,15.72
2011-02-11,4277629.0,16.41,16.5,16.07,16.04
2011-02-14,4812501.0,16.52,16.63,16.41,16.26
2011-02-15,5052163.0,16.14,16.43,16.4,16.07
2011-02-16,6361157.0,16.29,16.36,16.23,16.09
2011-02-17,4333465.0,16.09,16.32,16.2,16.09
2011-02-18,2983649.0,15.91,16.19,16.19,15.89
2011-02-22,5863095.0,15.16,15.78,15.63,15.13
2011-02-23,10648099.0,14.9,15.37,14.73,14.23
2011-02-24,4748777.0,14.87,15.09,14.87,14.57
2011-02-25,2478562.0,15.14,15.16,14.93,14.87
2011-02-28,2260849.0,15.21,15.31,15.27,15.05
2011-03-01,4176027.0,14.6,15.25,15.21,14.54
2011-03-02,2493095.0,14.78,14.96,14.5,14.5
2011-03-03,2507890.0,15.2,15.3175,14.95,14.9
2011-03-04,3283810.0,14.99,15.18,15.18,14.86
2011-03-07,3457707.0,14.81,15.15,15.15,14.63
2011-03-08,2691263.0,15.15,15.26,14.81,14.76
2011-03-09,3240064.0,15.02,15.28,15.17,14.91
2011-03-10,2989438.0,14.83,15.1,14.81,14.73
2011-03-11,2597606.0,15.12,15.2,14.67,14.67
2011-03-14,4144669.0,14.98,15.16,14.91,14.91
2011-03-15,5031364.0,14.87,15.01,14.29,14.17
2011-03-16,7192940.0,14.84,15.02,14.83,14.66
2011-03-17,3043000.0,14.99,15.13,15.09,14.8
2011-03-18,3916650.0,15.34,15.44,15.16,14.95
2011-03-21,4407172.0,15.5,15.68,15.63,15.43
2011-03-22,4650714.0,15.6,16.0,15.85,15.41
2011-03-23,3145390.0,15.81,15.86,15.6,15.34
2011-03-24,4462283.0,16.22,16.3,15.95,15.83
2011-03-25,3651318.0,16.29,16.51,16.25,16.11
2011-03-28,2757830.0,16.27,16.51,16.3,16.13
2011-03-29,24328229.0,15.4,15.65,15.39,15.32
2011-03-30,7156292.0,15.67,15.73,15.5,15.45
2011-03-31,3934859.0,15.63,15.75,15.67,15.47
2011-04-01,7861354.0,15.91,16.08,15.7,15.63
2011-04-04,5449916.0,15.91,16.0,15.99,15.7
2011-04-05,5460516.0,16.0,16.07,15.88,15.88
2011-04-06,5684423.0,16.1,16.31,16.13,16.0
2011-04-07,4558913.0,16.11,16.29,16.1,15.97
2011-04-08,4016872.0,16.02,16.25,16.22,15.88
2011-04-11,3740358.0,16.01,16.15,15.93,15.865
2011-04-12,4062662.0,16.19,16.3,15.86,15.835
2011-04-13,6010380.0,16.57,16.65,16.32,16.24
2011-04-14,6489488.0,16.48,16.62,16.47,16.23
2011-04-15,5966825.0,16.85,16.91,16.54,16.49
2011-04-18,6053943.0,16.63,16.78,16.56,16.455
2011-04-19,5756567.0,17.0,17.03,16.52,16.52
2011-04-20,6685805.0,16.85,17.46,17.33,16.74
2011-04-21,3427390.0,17.08,17.2,16.99,16.94
2011-04-25,3278572.0,17.01,17.205,17.11,16.95
2011-04-26,9354880.0,17.12,17.26,17.08,17.03
2011-04-27,7732294.0,17.25,17.47,17.19,16.82
2011-04-28,4979242.0,17.2,17.29,17.23,17.03
2011-04-29,3131482.0,17.21,17.25,17.19,17.06
2011-05-02,4795850.0,16.98,17.43,17.27,16.95
2011-05-03,4727968.0,17.04,17.1,16.96,16.76
2011-05-04,4663533.0,16.6,17.17,17.02,16.57
2011-05-05,5491868.0,16.75,16.91,16.48,16.39
2011-05-06,3480233.0,16.85,17.17,16.98,16.72
2011-05-09,10040943.0,16.68,17.64,17.25,16.44
2011-05-10,9092117.0,16.59,16.8398,16.77,16.34
2011-05-11,5228823.0,16.47,16.72,16.55,16.3
2011-05-12,4604717.0,16.77,16.95,16.4,16.26
2011-05-13,4841465.0,16.39,17.005,16.74,16.35
2011-05-16,5406430.0,15.99,16.51,16.34,15.97
2011-05-17,6626099.0,15.68,15.95,15.87,15.49
2011-05-18,4964768.0,16.18,16.23,15.36,15.36
2011-05-19,5111658.0,16.13,16.34,16.13,16.06
2011-05-20,4669595.0,16.02,16.125,16.1,15.91
2011-05-23,5147844.0,15.83,15.84,15.76,15.49
2011-05-24,9605041.0,15.77,16.15,15.9,15.73
2011-05-25,9626484.0,15.73,15.8,15.57,15.385
2011-05-26,7214744.0,15.92,16.08,15.67,15.64
2011-05-27,3551922.0,16.08,16.15,15.89,15.89
2011-05-31,12549033.0,16.15,16.38,16.28,15.93
2011-06-01,4280913.0,15.62,16.2,16.16,15.55
2011-06-02,5072038.0,15.59,15.76,15.67,15.27
2011-06-03,3582304.0,15.31,15.67,15.37,15.24
2011-06-06,5212696.0,14.84,15.35,15.2,14.81
2011-06-07,3275204.0,14.83,15.095,14.97,14.8
2011-06-08,3950745.0,14.42,14.78,14.77,14.3412
2011-06-09,3692074.0,14.58,14.65,14.5,14.28
2011-06-10,3978755.0,14.1,14.55,14.51,14.01
2011-06-13,3656843.0,14.12,14.29,14.17,13.77
2011-06-14,10655614.0,15.4,15.97,15.05,14.8
2011-06-15,5852112.0,15.05,15.51,15.13,14.89
2011-06-16,4530201.0,15.01,15.23,15.05,14.82
2011-06-17,4557887.0,15.3,15.57,15.21,15.1
2011-06-20,2351046.0,15.31,15.41,15.22,15.12
2011-06-21,2569959.0,15.58,15.62,15.4,15.37
2011-06-22,3498645.0,15.36,15.65,15.48,15.3
2011-06-23,3514778.0,15.31,15.31,15.07,14.88
2011-06-24,4859053.0,15.19,15.38,15.37,14.95
2011-06-27,2009788.0,15.22,15.35,15.18,15.0
2011-06-28,2812008.0,15.53,15.64,15.24,15.03
2011-06-29,1996233.0,15.62,15.75,15.65,15.5
2011-06-30,3671376.0,15.88,16.03,15.63,15.62
2011-07-01,2180241.0,16.25,16.37,16.02,15.87
2011-07-05,2024215.0,16.22,16.38,16.23,16.09
2011-07-06,2926606.0,16.49,16.51,16.21,16.0
2011-07-07,3201406.0,16.48,16.87,16.69,16.44
2011-07-08,1800103.0,16.27,16.28,16.24,15.93
2011-07-11,2071805.0,15.64,16.03,15.98,15.51
2011-07-12,2387860.0,15.34,15.74,15.54,15.32
2011-07-13,4080463.0,15.23,15.5,15.45,15.11
2011-07-14,3334208.0,14.92,15.33,15.24,14.6
2011-07-15,2396998.0,14.88,15.0,14.97,14.65
2011-07-18,2572336.0,14.78,15.01,15.0,14.45
2011-07-19,4965019.0,15.31,15.37,14.82,14.61
2011-07-20,4069446.0,15.68,15.9,15.33,15.13
2011-07-21,3000570.0,15.68,15.98,15.77,15.65
2011-07-22,1481328.0,15.68,15.82,15.65,15.58
2011-07-25,2092853.0,15.41,15.55,15.47,15.35
2011-07-26,1907883.0,15.24,15.45,15.45,15.21
2011-07-27,3698324.0,14.61,15.21,15.21,14.48
2011-07-28,4976458.0,14.12,14.8,14.62,14.11
2011-07-29,4505556.0,14.07,14.315,13.96,13.86
2011-08-01,3825665.0,13.94,14.5,14.16,13.8
2011-08-02,9359729.0,12.99,13.84,13.84,12.77
2011-08-03,11525019.0,13.29,13.73,13.58,12.49
2011-08-04,10251853.0,12.08,13.05,13.05,12.06
2011-08-05,10705548.0,11.79,12.4464,12.32,10.89
2011-08-08,12093057.0,10.09,11.58,11.34,9.76
2011-08-09,10585794.0,10.42,10.8,10.38,9.56
2011-08-10,9949322.0,10.07,10.55,9.98,9.92
2011-08-11,9366781.0,10.78,11.0,10.24,10.11
2011-08-12,5122492.0,11.01,11.24,10.93,10.83
2011-08-15,5403104.0,11.55,11.56,11.11,11.09
2011-08-16,3930992.0,11.26,11.54,11.34,11.12
2011-08-17,4073602.0,11.2,11.52,11.36,11.1
2011-08-18,4887287.0,10.19,10.74,10.69,10.03
2011-08-19,5033265.0,9.71,10.43,10.01,9.63
2011-08-22,7210119.0,9.42,10.15,10.0,9.29
2011-08-23,9429787.0,9.31,9.57,9.47,9.08
2011-08-24,7259617.0,9.93,10.01,9.46,9.3505
2011-08-25,4829584.0,9.8,10.25,10.04,9.69
2011-08-26,6226225.0,10.06,10.08,9.69,9.535
2011-08-29,4909686.0,10.84,10.87,10.25,10.18
2011-08-30,4669079.0,10.97,11.1,10.73,10.5899
2011-08-31,5124659.0,11.2,11.41,11.12,10.95
2011-09-01,5204016.0,11.09,11.46,11.24,10.98
2011-09-02,5681123.0,10.3,10.77,10.77,10.13
2011-09-06,6203888.0,9.87,10.06,9.9,9.66
2011-09-07,5257051.0,10.32,10.54,10.25,10.2
2011-09-08,4392853.0,10.05,10.4,10.25,9.94
2011-09-09,5787455.0,9.83,10.16,9.89,9.65
2011-09-12,5108419.0,9.66,9.925,9.55,9.38
2011-09-13,7191212.0,10.02,10.28,10.25,9.73
2011-09-14,14647074.0,11.37,11.58,10.7,10.49
2011-09-15,5746441.0,11.42,11.67,11.42,11.12
2011-09-16,4023618.0,11.46,11.53,11.37,11.2
2011-09-19,3859834.0,11.09,11.24,11.11,10.92
2011-09-20,4404614.0,10.48,11.2,11.15,10.4
2011-09-21,5588448.0,9.87,10.56,10.56,9.87
2011-09-22,11750816.0,8.96,9.52,9.52,8.65
2011-09-23,4214179.0,9.15,9.28,8.98,8.8903
2011-09-26,5029554.0,9.36,9.41,9.25,8.715
2011-09-27,6328498.0,9.5,10.01,9.52,9.4
2011-09-28,8692622.0,9.37,9.68,9.49,9.33
2011-09-29,4180324.0,9.36,9.77,9.62,9.02
2011-09-30,6128257.0,8.9,9.21,9.09,8.87
2011-10-03,6431932.0,8.11,9.0,8.82,8.11
2011-10-04,4519221.0,8.63,8.68,7.96,7.8
2011-10-05,6398438.0,8.99,9.08,8.63,8.58
2011-10-06,5359587.0,9.46,9.48,8.9,8.89
2011-10-07,6552222.0,9.64,9.83,9.56,9.4
2011-10-10,3606732.0,10.08,10.11,9.77,9.77
2011-10-11,4538574.0,10.22,10.48,10.0,9.92
2011-10-12,5147099.0,10.59,10.75,10.68,10.54
2011-10-13,6145129.0,10.73,10.86,10.49,10.065
2011-10-14,1913196.0,10.98,11.02,10.91,10.68
2011-10-17,3893352.0,10.41,11.01,10.91,10.32
2011-10-18,6387690.0,10.77,10.85,10.4,10.0
2011-10-19,6399818.0,10.63,11.24,11.14,10.58
2011-10-20,4934410.0,10.61,10.67,10.67,10.18
2011-10-21,4457136.0,10.96,10.99,10.79,10.54
2011-10-24,2950116.0,11.45,11.55,11.04,10.98
2011-10-25,2989250.0,10.89,11.32,11.29,10.85
2011-10-26,3880636.0,11.01,11.17,11.1,10.54
2011-10-27,5274705.0,11.87,12.06,11.54,11.45
2011-10-28,3622756.0,12.16,12.37,11.8,11.8
2011-10-31,2938099.0,11.6,12.0,12.0,11.58
2011-11-01,8700242.0,10.94,11.27,10.53,10.53
2011-11-02,4551629.0,11.24,11.75,11.75,10.78
2011-11-03,6105590.0,11.28,11.53,11.48,10.99
2011-11-04,5391928.0,11.93,11.96,11.13,11.02
2011-11-07,4347441.0,11.75,11.97,11.81,11.435
2011-11-08,3861441.0,12.18,12.22,11.86,11.51
2011-11-09,4382221.0,11.45,11.75,11.74,11.38
2011-11-10,3435281.0,11.65,11.81,11.71,11.265
2011-11-11,4333482.0,11.89,12.27,11.85,11.77
2011-11-14,3009777.0,11.59,11.84,11.79,11.49
2011-11-15,2973007.0,11.86,11.955,11.56,11.39
2011-11-16,3934007.0,11.35,11.78,11.62,11.31
2011-11-17,4440312.0,10.95,11.53,11.34,10.86
2011-11-18,2617116.0,10.85,11.17,11.1,10.81
2011-11-21,3252860.0,10.63,10.73,10.6,10.38
2011-11-22,2241518.0,10.6,10.81,10.61,10.47
2011-11-23,4156288.0,10.08,10.54,10.41,10.08
2011-11-25,1054648.0,9.99,10.39,10.03,9.95
2011-11-28,2641122.0,10.46,10.68,10.39,10.32
2011-11-29,3070726.0,10.53,10.74,10.5,10.495
2011-11-30,7890134.0,11.31,11.31,10.94,10.89
2011-12-01,4716968.0,11.43,11.51,11.24,11.09
2011-12-02,4518087.0,11.83,11.89,11.67,11.4
2011-12-05,3962446.0,11.95,12.18,12.06,11.84
2011-12-06,4034017.0,11.97,12.06,12.05,11.67
2011-12-07,1924851.0,11.92,12.03,11.85,11.7
2011-12-08,5344257.0,11.31,11.85,11.78,11.22
2011-12-09,3602382.0,11.57,11.6,11.36,11.25
2011-12-12,2720706.0,11.29,11.43,11.39,11.15
2011-12-13,3235411.0,11.04,11.54,11.43,10.98
2011-12-14,3696070.0,10.82,11.07,10.92,10.76
2011-12-15,4064584.0,10.67,11.0,10.99,10.6
2011-12-16,4613623.0,11.31,11.38,10.89,10.82
2011-12-19,2552398.0,10.7,11.4,11.37,10.66
2011-12-20,2522850.0,11.12,11.25,10.98,10.93
2011-12-21,2973595.0,11.09,11.23,11.05,10.81
2011-12-22,2991528.0,11.38,11.44,11.1,10.975
2011-12-23,1642796.0,11.46,11.5,11.41,11.295
2011-12-27,1868341.0,11.42,11.54,11.41,11.25
2011-12-28,3263442.0,11.42,11.88,11.35,11.29
2011-12-29,2509677.0,11.71,11.78,11.45,11.4
2011-12-30,2040606.0,11.72,11.785,11.67,11.55
2012-01-03,4230948.0,11.95,12.15,11.9,11.73
2012-01-04,4374099.0,12.27,12.34,11.86,11.73
2012-01-05,3599679.0,12.1,12.26,12.18,11.88
2012-01-06,2530842.0,12.15,12.4,12.15,12.07
2012-01-09,2017680.0,12.32,12.36,12.24,12.0999
2012-01-10,4633416.0,12.65,12.83,12.5,12.46
2012-01-11,3339292.0,12.87,12.99,12.54,12.5
2012-01-12,3630376.0,13.09,13.15,12.98,12.63
2012-01-13,2577108.0,12.8,13.1,12.91,12.7
2012-01-17,2968643.0,12.7,13.0,12.95,12.61
2012-01-18,6364516.0,12.95,12.99,12.75,12.65
2012-01-19,5820590.0,13.03,13.3,12.95,12.94
2012-01-20,5168410.0,12.9,13.06,13.01,12.85
2012-01-23,5003565.0,13.02,13.12,12.94,12.84
2012-01-24,5249462.0,13.4,13.43,12.94,12.9
2012-01-25,6381679.0,13.61,13.73,13.4,13.35
2012-01-26,6959603.0,13.66,14.1,13.68,13.64
2012-01-27,5695288.0,14.02,14.08,13.53,13.52
2012-01-30,6560848.0,13.76,13.885,13.82,13.68
2012-01-31,3281261.0,13.6,14.0,13.91,13.55
2012-02-01,3725743.0,13.95,14.015,13.77,13.75
2012-02-02,3996458.0,13.91,14.01,13.92,13.78
2012-02-03,4891910.0,14.49,14.61,14.06,14.04
2012-02-06,2715286.0,14.43,14.68,14.42,14.34
2012-02-07,3781202.0,14.43,14.56,14.4,14.21
2012-02-08,1808871.0,14.58,14.72,14.5,14.44
2012-02-09,3649896.0,14.87,14.9,14.62,14.49
2012-02-10,4221879.0,14.69,14.795,14.62,14.515
2012-02-13,2310087.0,14.9,14.99,14.82,14.79
2012-02-14,4212891.0,14.72,14.88,14.83,14.57
2012-02-15,3208625.0,14.62,14.86,14.79,14.57
2012-02-16,14569375.0,13.97,14.26,14.24,13.72
2012-02-17,8250612.0,13.85,14.18,14.05,13.75
2012-02-21,9359166.0,13.6,14.09,13.99,13.39
2012-02-22,11747007.0,14.29,14.32,13.63,13.51
2012-02-23,9218176.0,14.53,14.89,14.02,13.96
2012-02-24,4345153.0,14.55,14.82,14.61,14.54
2012-02-27,6185036.0,14.27,14.6409,14.63,14.26
2012-02-28,4537556.0,14.3,14.36,14.32,14.02
2012-02-29,3579507.0,14.3,14.56,14.35,14.19
2012-03-01,4608724.0,14.65,14.82,14.39,14.24
2012-03-02,2596401.0,14.48,14.73,14.59,14.4
2012-03-05,3188124.0,14.17,14.47,14.43,14.079
2012-03-06,4982765.0,13.65,14.05,13.96,13.605
2012-03-07,11887984.0,14.47,14.49,13.77,13.69
2012-03-08,3777414.0,14.62,14.75,14.51,14.47
2012-03-09,2632388.0,14.82,15.0,14.68,14.6
2012-03-12,2438811.0,14.63,14.94,14.8,14.59
2012-03-13,3685203.0,15.15,15.17,14.75,14.7
2012-03-14,2365281.0,14.92,15.21,14.99,14.83
2012-03-15,3185065.0,15.04,15.15,14.9,14.81
2012-03-16,3835600.0,15.08,15.22,15.09,14.94
2012-03-19,2742120.0,15.4,15.5,15.04,15.0
2012-03-20,4318212.0,15.07,15.28,15.21,14.96
2012-03-21,2136995.0,15.24,15.37,15.07,15.06
2012-03-22,2960279.0,15.16,15.24,15.09,15.04
2012-03-23,2966623.0,15.19,15.25,15.15,14.91
2012-03-26,1901782.0,15.33,15.47,15.34,15.25
2012-03-27,4568048.0,14.94,15.4,15.3,14.93
2012-03-28,3136678.0,14.89,15.0,14.93,14.67
2012-03-29,3360397.0,14.91,14.96,14.76,14.68
2012-03-30,4608573.0,15.04,15.14,15.02,14.71
2012-04-02,2482724.0,15.27,15.32,15.02,14.97
2012-04-03,2745795.0,15.06,15.38,15.29,14.95
2012-04-04,3697990.0,14.95,15.04,14.86,14.77
2012-04-05,4062868.0,15.24,15.25,14.87,14.82
2012-04-09,3976762.0,14.95,15.2,14.97,14.91
2012-04-10,7810106.0,14.19,14.9524,14.94,14.16
2012-04-11,2977876.0,14.32,14.47,14.41,14.27
2012-04-12,2734033.0,14.66,14.77,14.27,14.23
2012-04-13,3109062.0,14.63,14.76,14.58,14.37
2012-04-16,3740645.0,14.33,14.775,14.71,14.32
2012-04-17,3130611.0,14.61,14.62,14.49,14.37
2012-04-18,5641508.0,15.02,15.14,14.65,14.65
2012-04-19,6786421.0,14.51,15.12,15.07,14.43
2012-04-20,4386399.0,14.58,14.9,14.66,14.56
2012-04-23,2341847.0,14.42,14.48,14.41,14.14
2012-04-24,3623618.0,14.56,14.85,14.5,14.39
2012-04-25,2637844.0,14.95,14.97,14.73,14.68
2012-04-26,6172558.0,15.36,15.425,14.89,14.84
2012-04-27,4710818.0,15.81,15.82,15.39,15.27
2012-04-30,4596353.0,15.41,15.83,15.75,15.32
2012-05-01,6663196.0,15.91,16.04,16.04,15.7
2012-05-02,8132509.0,16.22,16.32,15.8,15.68
2012-05-03,10480833.0,15.66,16.64,16.62,15.56
2012-05-04,5471258.0,15.52,15.64,15.64,15.195
2012-05-07,3120239.0,15.48,15.6,15.45,15.305
2012-05-08,4285884.0,15.2,15.31,15.26,14.825
2012-05-09,4392819.0,14.9,15.0,14.96,14.6
2012-05-10,3496085.0,14.79,15.15,15.07,14.71
2012-05-11,4702068.0,15.02,15.25,14.7,14.6
2012-05-14,2638226.0,14.51,14.83,14.82,14.445
2012-05-15,2764426.0,14.41,14.76,14.53,14.37
2012-05-16,4102376.0,14.04,14.61,14.48,13.98
2012-05-17,13609736.0,12.79,14.0,14.0,12.79
2012-05-18,11945435.0,12.24,13.02,12.84,12.085
2012-05-21,6140001.0,13.08,13.13,12.25,12.19
2012-05-22,5776448.0,13.24,13.65,13.21,13.12
2012-05-23,7201802.0,13.09,13.19,13.01,12.535
2012-05-24,3316495.0,13.1,13.23,13.22,12.84
2012-05-25,7354447.0,13.57,13.59,13.04,12.96
2012-05-29,5037564.0,13.85,13.91,13.7,13.46
2012-05-30,5585148.0,13.35,13.66,13.66,13.12
2012-05-31,13440935.0,13.61,13.93,13.36,12.84
2012-06-01,8684812.0,12.43,13.25,13.25,12.43
2012-06-04,9811196.0,11.99,12.6,12.54,11.575
2012-06-05,4451202.0,12.18,12.24,11.91,11.7
2012-06-06,6737617.0,12.51,12.68,12.31,12.21
2012-06-07,4809869.0,12.37,13.0,12.79,12.33
2012-06-08,4796805.0,12.57,12.65,12.34,12.09
2012-06-11,5930942.0,12.23,12.91,12.77,12.22
2012-06-12,3989246.0,12.41,12.43,12.33,12.12
2012-06-13,4448782.0,12.25,12.62,12.37,12.16
2012-06-14,2985992.0,12.58,12.6,12.26,12.13
2012-06-15,3743246.0,12.87,12.92,12.6,12.45
2012-06-18,5916984.0,12.71,12.808,12.75,12.24
2012-06-19,4401404.0,13.24,13.34,12.9,12.82
2012-06-20,3742545.0,13.26,13.39,13.25,12.91
2012-06-21,3439337.0,12.73,13.39,13.29,12.69
2012-06-22,6467778.0,12.75,12.845,12.83,12.42
2012-06-25,5370832.0,12.12,12.59,12.5,12.05
2012-06-26,5222822.0,11.99,12.25,12.15,11.9
2012-06-27,3318319.0,12.14,12.17,12.14,11.98
2012-06-28,3727242.0,12.28,12.3425,12.0,11.9
2012-06-29,6534423.0,12.8,12.9,12.66,12.57
2012-07-02,4627273.0,12.81,12.92,12.8,12.55
2012-07-03,3525126.0,13.44,13.48,12.87,12.82
2012-07-05,4028955.0,13.52,13.7,13.4,13.16
2012-07-06,3085379.0,13.34,13.45,13.39,13.1418
2012-07-09,5389959.0,13.03,13.33,13.26,12.97
2012-07-10,4132583.0,12.57,13.26,13.16,12.435
2012-07-11,4097288.0,12.67,12.98,12.55,12.47
2012-07-12,4526784.0,12.29,12.54,12.43,12.17
2012-07-13,4863401.0,12.34,12.5,12.38,12.16
2012-07-16,4216262.0,12.4,12.41,12.28,12.015
2012-07-17,3572364.0,12.5,12.6,12.56,12.2
2012-07-18,7814912.0,12.53,12.92,12.43,12.21
2012-07-19,7381785.0,12.21,12.84,12.56,12.06
2012-07-20,4811022.0,11.94,12.22,12.04,11.89
2012-07-23,3847631.0,11.73,11.81,11.67,11.5
2012-07-24,9946705.0,11.11,11.83,11.81,10.85
2012-07-25,11811484.0,10.62,11.26,11.2,10.5
2012-07-26,9814017.0,10.65,10.85,10.83,10.22
2012-07-27,9770348.0,11.47,11.54,10.73,10.65
2012-07-30,7629419.0,11.5,11.68,11.45,11.25
2012-07-31,13420551.0,11.26,11.86,11.26,10.93
2012-08-01,7706889.0,11.07,11.27,11.26,10.85
2012-08-02,8235082.0,11.27,11.53,11.01,10.95
2012-08-03,6423971.0,11.71,11.93,11.45,11.41
2012-08-06,3368936.0,11.78,11.85,11.72,11.59
2012-08-07,5934456.0,12.05,12.07,11.81,11.72
2012-08-08,3791637.0,11.68,11.96,11.91,11.59
2012-08-09,5633986.0,12.15,12.19,11.68,11.61
2012-08-10,4136749.0,12.11,12.19,11.98,11.85
2012-08-13,5224446.0,12.12,12.19,12.03,11.95
2012-08-14,3324687.0,12.12,12.29,12.19,12.04
2012-08-15,4436650.0,12.52,12.52,12.07,12.04
2012-08-16,5659018.0,12.76,12.8,12.56,12.39
2012-08-17,4187331.0,12.97,13.0,12.83,12.73
2012-08-20,3573558.0,12.56,12.96,12.89,12.5
2012-08-21,2601872.0,12.62,12.8,12.62,12.55
2012-08-22,3032815.0,12.4,12.69,12.5,12.34
2012-08-23,7021782.0,13.0,13.0,12.59,12.59
2012-08-24,5829877.0,13.15,13.24,12.74,12.73
2012-08-27,35425255.0,14.21,15.29,15.15,14.16
2012-08-28,10355369.0,14.4,14.54,14.1,14.04
2012-08-29,9043930.0,14.48,14.8,14.38,14.35
2012-08-30,7318914.0,14.28,14.45,14.36,14.22
2012-08-31,7518411.0,14.18,14.64,14.31,14.1
2012-09-04,5597551.0,14.29,14.49,14.32,14.18
2012-09-05,5438910.0,14.54,14.57,14.32,14.24
2012-09-06,5369344.0,14.82,14.95,14.58,14.44
2012-09-07,4795788.0,14.9,15.0,14.93,14.7
2012-09-10,4294253.0,14.89,15.105,14.85,14.82
2012-09-11,3964447.0,14.65,14.9192,14.88,14.61
2012-09-12,3598323.0,14.56,14.85,14.72,14.55
2012-09-13,8794307.0,14.76,14.85,14.6,14.36
2012-09-14,5516490.0,15.0,15.09,14.77,14.74
2012-09-17,2975833.0,14.72,14.96,14.89,14.72
2012-09-18,4646811.0,14.42,14.71,14.71,14.29
2012-09-19,2617690.0,14.63,14.7,14.54,14.39
2012-09-20,3153345.0,14.43,14.6,14.58,14.275
2012-09-21,7439156.0,14.82,14.89,14.47,14.44
2012-09-24,3785861.0,14.27,14.67,14.67,14.25
2012-09-25,6871891.0,13.77,14.36,14.35,13.74
2012-09-26,8076978.0,13.73,13.85,13.63,13.52
2012-09-27,3241356.0,13.91,13.99,13.8,13.7
2012-09-28,3989221.0,13.73,13.85,13.82,13.5
2012-10-01,3806027.0,13.86,14.25,13.78,13.72
2012-10-02,3013921.0,14.08,14.12,13.95,13.83
2012-10-03,2800081.0,14.19,14.3,14.07,13.98
2012-10-04,5400526.0,14.56,14.7,14.25,14.205
2012-10-05,5206132.0,14.27,14.69,14.6,14.16
2012-10-08,2736386.0,14.29,14.33,14.16,14.12
2012-10-09,4049327.0,14.38,14.6,14.25,14.2
2012-10-10,2033730.0,14.27,14.49,14.42,14.16
2012-10-11,9336148.0,14.9,15.06,14.42,14.295
2012-10-12,4523762.0,14.83,14.95,14.88,14.51
2012-10-15,5097986.0,14.86,15.17,14.8,14.64
2012-10-16,3977821.0,14.63,14.96,14.94,14.49
2012-10-17,5176109.0,14.81,14.9,14.82,14.63
2012-10-18,10763576.0,14.73,14.79,14.49,14.32
2012-10-19,2868386.0,14.34,14.69,14.68,14.21
2012-10-22,2952585.0,14.33,14.49,14.26,14.13
2012-10-23,3396138.0,14.11,14.25,14.11,13.865
2012-10-24,2741216.0,14.31,14.4,14.21,14.19
2012-10-25,13137070.0,13.67,14.45,14.405,13.47
2012-10-26,6381494.0,13.37,13.77,13.73,13.36
2012-10-31,6829519.0,13.27,13.66,13.46,13.225
2012-11-01,12192833.0,13.65,13.9,13.75,13.16
2012-11-02,5823620.0,13.1,13.84,13.64,13.04
2012-11-05,3805073.0,13.15,13.2,13.13,12.97
2012-11-06,7377191.0,13.83,14.0,13.19,13.08
2012-11-07,5059239.0,13.58,13.75,13.63,13.33
2012-11-08,3867724.0,13.37,13.88,13.5,13.37
2012-11-09,13716614.0,14.34,14.7,13.25,13.21
2012-11-12,6614230.0,14.7,14.92,14.65,14.47
2012-11-13,7564302.0,14.72,14.77,14.56,14.29
2012-11-14,12605238.0,14.45,15.05,14.66,14.285
2012-11-15,5594258.0,14.25,14.56,14.36,13.96
2012-11-16,8844854.0,14.54,14.75,14.43,14.22
2012-11-19,4273904.0,14.79,14.84,14.7,14.51
2012-11-20,3934737.0,14.72,15.02,15.01,14.625
2012-11-21,3632682.0,14.65,14.89,14.81,14.52
2012-11-23,1630782.0,15.0,15.0,14.78,14.72
2012-11-26,2610578.0,14.82,15.0,14.98,14.64
2012-11-27,3446886.0,14.88,15.0,14.9,14.7136
2012-11-28,9938265.0,15.57,15.59,14.88,14.81
2012-11-29,12529575.0,15.64,16.0,15.64,15.6
2012-11-30,9955658.0,15.64,15.84,15.66,15.49
2012-12-03,6753814.0,15.7,15.86,15.8,15.65
2012-12-04,5838810.0,15.7,15.86,15.66,15.61
2012-12-05,7444011.0,15.87,16.0,15.82,15.7362
2012-12-06,8794489.0,16.01,16.075,15.87,15.82
2012-12-07,6741554.0,16.1,16.2,16.1,16.03
2012-12-10,4656337.0,16.21,16.28,16.1,16.08
2012-12-11,28446857.0,15.9,16.02,15.64,15.5
2012-12-12,10258827.0,15.89,16.17,16.03,15.84
2012-12-13,12063676.0,15.94,16.115,15.96,15.88
2012-12-14,5361578.0,15.93,16.09,15.93,15.79
2012-12-17,9484300.0,16.19,16.2,15.99,15.93
2012-12-18,7493813.0,16.42,16.5,16.25,16.2
2012-12-19,7937274.0,16.6,16.78,16.46,16.29
2012-12-20,4339218.0,16.65,16.73,16.64,16.53
2012-12-21,3558295.0,16.5,16.5,16.35,16.22
2012-12-24,1291253.0,16.41,16.51,16.45,16.28
2012-12-26,1984459.0,16.24,16.49,16.44,16.17
2012-12-27,4530224.0,16.03,16.35,16.29,15.66
2012-12-28,3560944.0,15.82,16.07,16.06,15.7
2012-12-31,3843304.0,16.27,16.3,15.84,15.72
2013-01-02,6661827.0,16.8,17.105,16.74,16.685
2013-01-03,7627701.0,17.04,17.1,16.77,16.72
2013-01-04,4633829.0,17.34,17.38,17.11,16.93
2013-01-07,12064229.0,17.38,17.5,17.21,17.1
2013-01-08,4733744.0,17.35,17.63,17.42,17.24
2013-01-09,4294864.0,17.49,17.62,17.43,17.39
2013-01-10,8058420.0,17.59,17.66,17.31,17.2
2013-01-11,5456762.0,17.54,17.74,17.57,17.37
2013-01-14,3986723.0,17.58,17.72,17.55,17.43
2013-01-15,9675538.0,17.48,17.59,17.5,17.24
2013-01-16,6171208.0,17.4,17.58,17.58,17.18
2013-01-17,7576703.0,17.65,17.92,17.46,17.45
2013-01-18,5092512.0,17.84,17.9,17.72,17.61
2013-01-22,3937541.0,17.78,17.92,17.79,17.67
2013-01-23,4600221.0,17.73,17.85,17.67,17.67
2013-01-24,6271427.0,17.9,17.95,17.7,17.67
2013-01-25,6928364.0,18.12,18.19,17.87,17.74
2013-01-28,8670367.0,18.58,18.7925,18.08,18.07
2013-01-29,5158355.0,18.4,18.73,18.69,18.32
2013-01-30,4799169.0,18.28,18.57,18.44,18.245
2013-01-31,5507613.0,18.28,18.3125,18.23,17.95
2013-02-01,5997304.0,18.69,18.96,18.42,18.305
2013-02-04,4393936.0,18.19,18.72,18.58,18.15
2013-02-05,4103859.0,18.54,18.57,18.39,18.33
2013-02-06,5932450.0,18.49,18.655,18.49,18.375
2013-02-07,3634928.0,18.44,18.77,18.54,18.32
2013-02-08,3070399.0,18.44,18.6,18.47,18.3
2013-02-11,3913804.0,18.15,18.5399,18.47,18.085
2013-02-12,5478546.0,18.19,18.4,18.22,18.16
2013-02-13,5083170.0,18.5,18.72,18.27,18.21
2013-02-14,13319649.0,19.83,19.91,18.34,18.26
2013-02-15,6445862.0,19.51,19.98,19.67,19.46
2013-02-19,4312597.0,19.61,19.77,19.56,19.465
2013-02-20,6070270.0,18.76,19.61,19.59,18.74
2013-02-21,5622033.0,18.46,18.69,18.66,18.12
2013-02-22,7212998.0,18.73,19.09,18.58,18.53
2013-02-25,18075380.0,19.04,20.37,19.99,18.99
2013-02-26,8391515.0,19.24,19.44,19.31,18.8201
2013-02-27,5855863.0,19.57,19.77,19.23,19.07
2013-02-28,6904293.0,19.95,20.005,19.57,19.5048
2013-03-01,5110184.0,19.82,19.935,19.78,19.6
2013-03-04,3401816.0,19.68,19.93,19.84,19.5
2013-03-05,11735036.0,20.26,20.74,19.96,19.89
2013-03-06,5381516.0,20.34,20.6,20.46,20.18
2013-03-07,18792093.0,20.69,20.79,20.5,20.19
2013-03-08,6978314.0,20.81,21.0,20.82,20.445
2013-03-11,7406351.0,21.23,21.26,20.75,20.75
2013-03-12,8942956.0,20.99,21.45,21.28,20.77
2013-03-13,7939126.0,21.76,21.77,20.94,20.75
2013-03-14,10164586.0,21.54,21.87,21.8,21.44
2013-03-15,11937671.0,21.28,21.69,21.52,21.0
2013-03-18,6543514.0,21.27,21.36,20.94,20.49
2013-03-19,6381541.0,21.02,21.66,21.36,20.745
2013-03-20,5076504.0,21.37,21.6,21.51,21.12
2013-03-21,6359183.0,21.11,21.43,21.19,20.82
2013-03-22,6612485.0,21.42,21.43,21.16,20.91
2013-03-25,5894625.0,21.22,21.75,21.55,20.96
2013-03-26,5170321.0,21.56,21.585,21.35,21.17
2013-03-27,7128675.0,22.11,22.24,21.35,21.26
2013-03-28,7700908.0,22.26,22.68,22.17,22.1
2013-04-01,6506107.0,21.91,22.68,22.61,21.655
2013-04-02,17003275.0,23.41,24.02,23.3,22.95
2013-04-03,13206152.0,22.52,23.53,23.44,22.17
2013-04-04,8372415.0,22.43,22.58,22.5,22.04
2013-04-05,8772023.0,22.56,22.58,21.9,21.05
2013-04-08,6209573.0,23.25,23.27,22.47,22.33
2013-04-09,6320598.0,23.32,23.88,23.34,23.17
2013-04-10,4801803.0,23.98,24.02,23.48,23.4
2013-04-11,6008377.0,23.91,24.285,24.08,23.9
2013-04-12,4866849.0,23.88,23.92,23.78,23.39
2013-04-15,7980691.0,22.34,23.74,23.74,22.25
2013-04-16,5360881.0,23.26,23.58,23.39,22.84
2013-04-17,5624531.0,22.94,23.41,22.96,22.59
2013-04-18,8141062.0,23.11,23.32,22.98,22.67
2013-04-19,8625603.0,23.72,23.9,23.2,23.12
2013-04-22,10643634.0,23.25,23.91,23.85,23.21
2013-04-23,12567880.0,23.28,23.6,23.43,22.95
2013-04-24,4854405.0,23.33,23.64,23.38,23.07
2013-04-25,5327848.0,23.6,23.77,23.48,23.31
2013-04-26,6900409.0,24.19,24.31,23.5,23.5
2013-04-29,6423732.0,23.97,24.44,24.33,23.76
2013-04-30,8306254.0,24.08,24.79,24.36,23.55
2013-05-01,7892562.0,23.4,23.99,23.91,23.37
2013-05-02,4315529.0,23.8,24.0,23.5,23.25
2013-05-03,4246956.0,24.3,24.5,24.0,23.99
2013-05-06,4907683.0,24.96,25.0,24.34,24.34
2013-05-07,22674045.0,24.81,24.865,24.65,24.55
2013-05-08,16044287.0,24.75,25.02,24.92,24.6
2013-05-09,10279536.0,24.56,24.8588,24.75,24.09
2013-05-10,10863545.0,24.85,24.915,24.67,24.61
2013-05-13,5547524.0,24.66,25.0,24.86,24.53
2013-05-14,7168317.0,24.97,24.99,24.77,24.62
2013-05-15,9055246.0,25.25,25.25,25.01,24.76
2013-05-16,6040423.0,25.18,25.5,25.3,25.1
2013-05-17,9807964.0,25.98,25.98,25.27,25.21
2013-05-20,12067855.0,25.72,26.05,25.91,25.49
2013-05-21,4895266.0,25.65,25.93,25.81,25.45
2013-05-22,6438090.0,25.39,26.02,25.75,25.12
2013-05-23,5369703.0,25.26,25.66,24.98,24.57
2013-05-24,3824998.0,25.2,25.25,25.09,24.82
2013-05-28,11849186.0,26.02,26.45,26.34,25.8301
2013-05-29,5611948.0,25.91,26.04,25.9,25.65
2013-05-30,5175947.0,25.7,26.0,25.91,25.62
2013-05-31,9085607.0,25.83,26.08,25.51,25.17
2013-06-03,7225298.0,25.54,25.83,25.83,24.93
2013-06-04,5993609.0,25.51,26.21,25.67,25.27
2013-06-05,12513666.0,24.39,25.48,25.33,24.13
2013-06-06,7382126.0,24.57,24.735,24.29,24.03
2013-06-07,9811245.0,25.58,25.805,24.82,24.79
2013-06-10,5899278.0,26.16,26.18,25.83,25.52
2013-06-11,8417701.0,25.66,26.25,25.78,25.51
2013-06-12,9946222.0,24.73,26.01,25.82,24.54
2013-06-13,5814108.0,25.18,25.24,24.68,24.61
2013-06-14,9294037.0,24.43,25.23,25.12,24.19
2013-06-17,5531720.0,24.63,24.89,24.72,24.405
2013-06-18,8011820.0,25.33,25.41,24.68,24.61
2013-06-19,4886039.0,25.19,25.71,25.32,25.13
2013-06-20,6027412.0,24.33,24.96,24.72,24.22
2013-06-21,15600173.0,23.24,24.5,24.47,22.72
2013-06-24,8541663.0,22.79,23.15,22.83,22.03
2013-06-25,6270423.0,23.49,23.82,23.14,23.035
2013-06-26,7472803.0,24.04,24.15,23.65,23.65
2013-06-27,6100230.0,24.77,24.8,24.15,24.113
2013-06-28,13419569.0,24.8,24.94,24.69,24.37
2013-07-01,4197726.0,25.17,25.32,24.94,24.821
2013-07-02,4762819.0,24.99,25.5,25.14,24.79
2013-07-03,1576325.0,25.1,25.2584,24.62,24.5501
2013-07-05,4043325.0,26.05,26.06,25.48,25.46
2013-07-08,3040406.0,26.41,26.465,26.11,26.11
2013-07-09,3320525.0,26.3,26.65,26.54,26.28
2013-07-10,4228127.0,26.24,26.58,26.47,25.95
2013-07-11,8883221.0,27.07,27.2,26.75,26.44
2013-07-12,3206896.0,27.42,27.49,27.05,26.85
2013-07-15,2971728.0,26.97,27.43,27.41,26.88
2013-07-16,4733689.0,26.45,27.03,27.0,26.18
2013-07-17,4189356.0,27.27,27.36,26.58,26.51
2013-07-18,2888104.0,27.66,27.75,27.31,27.3
2013-07-19,1771356.0,27.33,27.69,27.68,27.25
2013-07-22,3499919.0,27.49,27.68,27.66,27.15
2013-07-23,2334788.0,27.38,27.68,27.65,27.15
2013-07-24,4687207.0,26.76,27.7,27.5,26.6
2013-07-25,3143569.0,26.86,27.03,26.72,26.5627
2013-07-26,8929493.0,26.89,26.96,26.66,26.0
2013-07-29,15377851.0,26.23,26.62,25.98,25.25
2013-07-30,12323190.0,24.99,26.66,26.58,24.91
2013-07-31,7396585.0,25.61,25.855,25.12,25.12
2013-08-01,20371098.0,24.98,25.14,24.91,24.33
2013-08-02,5929807.0,24.99,25.04,24.98,24.465
2013-08-05,6271224.0,24.83,25.19,25.0,24.69
2013-08-06,5416084.0,24.35,25.06,24.82,24.34
2013-08-07,8168020.0,24.56,24.8601,24.1,24.02
2013-08-08,4082203.0,24.72,25.06,24.67,24.61
2013-08-09,4499960.0,24.69,24.9,24.66,24.31
2013-08-12,8278025.0,24.81,24.99,24.6,24.54
2013-08-13,5363196.0,25.18,25.36,24.81,24.51
2013-08-14,5480873.0,24.91,25.47,25.38,24.79
2013-08-15,9510798.0,24.72,24.83,24.58,24.07
2013-08-16,4428340.0,24.66,25.121,24.6,24.44
2013-08-19,4654807.0,24.48,24.7,24.55,24.41
2013-08-20,3503027.0,24.93,25.01,24.48,24.3
2013-08-21,4479396.0,24.69,25.012,24.84,24.54
2013-08-22,3973584.0,25.1,25.29,24.68,24.61
2013-08-23,3101466.0,25.26,25.33,25.17,25.059
2013-08-26,4830137.0,25.21,25.64,25.25,25.18
2013-08-27,8355170.0,24.3,24.95,24.94,24.18
2013-08-28,6423636.0,24.15,24.31,24.23,23.86
2013-08-29,7031790.0,24.47,24.95,24.28,24.25
2013-08-30,5871624.0,24.03,24.61,24.47,23.93
2013-09-03,4099517.0,24.6,24.79,24.45,24.39
2013-09-04,3251035.0,25.14,25.17,24.6,24.52
2013-09-05,4094780.0,25.49,25.665,25.15,25.15
2013-09-06,4864089.0,25.26,25.6991,25.66,24.99
2013-09-09,8694782.0,25.6,25.82,25.25,25.25
2013-09-10,7508911.0,26.24,26.3,25.76,25.64
2013-09-11,4381272.0,26.35,26.48,26.13,25.8682
2013-09-12,3639724.0,26.56,26.59,26.37,26.04
2013-09-13,4490654.0,26.89,26.98,26.56,26.41
2013-09-16,4034092.0,26.92,27.4983,27.44,26.81
2013-09-17,7055619.0,27.38,27.455,27.0,26.92
2013-09-18,12749753.0,26.6,27.46,27.3,26.405
2013-09-19,7427889.0,26.58,26.98,26.63,26.5
2013-09-20,9111633.0,25.99,26.79,26.65,25.97
2013-09-23,1231634.0,25.63,26.0,25.93,25.31
2013-09-24,1220078.0,25.81,26.09,25.5,25.45
2013-09-25,4108356.0,25.78,26.19,26.13,25.69
2013-09-26,74734913.0,21.63,23.0,22.99,21.2
2013-09-27,25856219.0,22.32,22.5,21.57,21.38
2013-09-30,11848210.0,22.16,22.22,21.98,21.66
2013-10-01,12192587.0,22.08,22.55,22.18,21.82
2013-10-02,9499760.0,22.11,22.23,21.82,21.71
2013-10-03,10542350.0,22.05,22.21,22.02,21.64
2013-10-04,15880490.0,23.07,23.18,22.2,22.07
2013-10-07,9033145.0,22.76,23.13,22.85,22.64
2013-10-08,9997073.0,21.8,22.85,22.76,21.75
2013-10-09,11053005.0,22.14,22.31,22.15,21.52
2013-10-10,8235832.0,22.54,22.74,22.5,22.42
2013-10-11,12157854.0,23.46,23.5,22.6,22.4
2013-10-14,6473337.0,23.41,23.63,23.18,22.94
2013-10-15,6555692.0,23.07,23.54,23.32,22.92
2013-10-16,6730969.0,23.36,23.52,23.22,23.05
2013-10-17,7020359.0,23.84,23.875,23.35,23.25
2013-10-18,6148529.0,23.66,24.0,23.9,23.52
2013-10-21,4672272.0,23.75,23.83,23.75,23.539
2013-10-22,9734438.0,23.36,24.02,23.83,23.1
2013-10-23,6065616.0,23.41,23.58,23.23,23.2
2013-10-24,5403468.0,23.99,24.02,23.49,23.235
2013-10-25,4516834.0,23.84,24.14,24.01,23.67
2013-10-28,4949786.0,23.73,24.02,23.82,23.53
2013-10-29,8728416.0,23.08,23.76,23.76,23.0
2013-10-30,13717371.0,22.22,23.12,23.09,21.99
2013-10-31,15055155.0,22.96,23.24,22.25,22.21
2013-11-01,10721179.0,22.75,23.41,23.01,22.64
2013-11-04,11252971.0,23.8,23.86,22.82,22.82
2013-11-05,74069876.0,21.3,23.3,23.03,19.73
2013-11-06,16582221.0,21.67,21.99,21.59,21.23
2013-11-07,10649024.0,21.37,21.84,21.62,21.1
2013-11-08,10515211.0,21.35,21.4,21.25,21.06
2013-11-11,12265999.0,22.08,22.18,21.43,21.41
2013-11-12,19281714.0,22.82,23.0,22.08,22.02
2013-11-13,22129513.0,23.4,23.66,22.51,22.46
2013-11-14,10006727.0,23.88,23.98,23.27,23.14
2013-11-15,10161756.0,23.68,23.73,23.47,23.33
2013-11-18,7006373.0,23.43,24.16,23.7,23.39
2013-11-19,5255512.0,23.26,23.44,23.42,23.0
2013-11-20,7161135.0,23.42,24.02,23.42,23.345
2013-11-21,7158665.0,23.75,23.85,23.45,23.45
2013-11-22,5993500.0,24.0,24.0,23.69,23.65
2013-11-25,5173184.0,23.94,24.18,24.0,23.84
2013-11-26,9478254.0,23.83,24.05,23.94,23.68
2013-11-27,6651235.0,23.99,24.03,23.77,23.64
2013-11-29,3199394.0,24.26,24.36,24.01,23.96
2013-12-02,11149667.0,24.68,24.75,24.26,24.23
2013-12-03,8227437.0,24.57,25.42,24.54,24.49
2013-12-04,9543448.0,24.26,24.675,24.38,24.18
2013-12-05,5686867.0,24.44,24.615,24.32,24.17
2013-12-06,4647052.0,24.75,24.77,24.65,24.42
2013-12-09,4179489.0,24.86,24.94,24.66,24.56
2013-12-10,5831718.0,24.85,25.19,24.88,24.75
2013-12-11,8215621.0,24.65,25.2,25.13,24.52
2013-12-12,7014840.0,24.92,25.1,24.64,24.522
2013-12-13,7300731.0,24.79,25.21,24.92,24.66
2013-12-16,7927504.0,25.21,25.24,24.91,24.8105
2013-12-17,8281509.0,25.15,25.25,25.25,24.7
2013-12-18,9536658.0,25.62,25.67,25.27,24.83
2013-12-19,4715167.0,25.41,25.86,25.49,25.32
2013-12-20,7196381.0,25.75,25.9,25.44,25.37
2013-12-23,4140012.0,26.04,26.23,25.87,25.77
2013-12-24,3062078.0,26.01,26.16,26.1,25.855
2013-12-26,4178094.0,26.0,26.24,25.98,25.9
2013-12-27,4002789.0,25.75,26.1,26.1,25.66
2013-12-30,8494679.0,25.91,26.05,25.8,25.72
2013-12-31,32687866.0,28.62,28.9,27.3,26.97
2014-01-02,16735051.0,28.68,29.07,28.52,27.82
2014-01-03,33459202.0,28.5,29.81,28.75,28.47
2014-01-06,14673776.0,28.19,28.69,28.67,28.05
2014-01-07,13817627.0,27.77,28.34,28.22,27.53
2014-01-08,6923667.0,27.69,27.95,27.78,27.53
2014-01-09,6846544.0,27.66,27.9,27.68,27.4
2014-01-10,8556120.0,27.74,28.18,27.85,27.55
2014-01-13,8425649.0,27.15,28.024,27.81,27.04
2014-01-14,5718628.0,27.31,27.61,27.3,27.22
2014-01-15,12004339.0,26.7,27.39,26.82,26.625
2014-01-16,4786284.0,27.02,27.06,26.99,26.6
2014-01-17,6864450.0,27.08,27.21,26.93,26.76
2014-01-21,6103184.0,27.16,27.3,27.08,26.715
2014-01-22,13324760.0,27.58,27.66,27.08,26.79
2014-01-23,6513774.0,26.87,27.44,27.38,26.7
2014-01-24,15102479.0,26.75,26.95,26.67,25.71
2014-01-27,13405420.0,26.04,26.77,26.17,25.49
2014-01-28,5736346.0,26.52,26.585,26.2,26.05
2014-01-29,5143680.0,26.01,26.38,26.16,25.88
2014-01-30,4845776.0,26.44,26.57,26.31,26.13
2014-01-31,3185236.0,26.02,26.4,25.95,25.88
2014-02-03,14031262.0,25.04,26.2,26.1,24.82
2014-02-04,7958693.0,25.54,25.82,25.19,25.15
2014-02-05,5849833.0,25.34,25.54,25.54,24.825
2014-02-06,6963948.0,25.86,26.17,25.35,25.34
2014-02-07,5767132.0,26.16,26.36,25.95,25.7701
2014-02-10,3437209.0,25.95,26.13,25.86,25.79
2014-02-11,5787997.0,26.54,26.57,26.0,25.665
2014-02-12,8085478.0,25.69,26.65,26.61,25.64
2014-02-13,7119667.0,25.6,25.76,25.61,25.23
2014-02-14,1824085.0,25.7,26.11,25.73,25.24
2014-02-18,5748651.0,25.53,25.79,25.68,25.48
2014-02-19,9536977.0,25.81,26.1,25.45,25.28
2014-02-20,12981024.0,27.09,27.44,25.88,25.85
2014-02-21,10386682.0,27.5,27.5,27.08,26.85
2014-02-24,11345087.0,27.51,28.03,27.38,27.35
2014-02-25,14890632.0,28.02,28.06,27.19,27.19
2014-02-26,6854522.0,28.06,28.32,28.15,27.81
2014-02-27,10812328.0,29.02,29.04,28.06,28.0
2014-02-28,15918044.0,28.01,29.2,29.0,27.57
2014-03-03,13026358.0,27.25,27.5,26.83,26.69
2014-03-04,11490338.0,27.99,28.07,27.54,27.465
2014-03-05,4987675.0,28.1,28.37,27.92,27.8
2014-03-06,4092598.0,28.0,28.58,28.27,28.0
2014-03-07,4392914.0,27.84,28.294,28.24,27.715
2014-03-10,2829935.0,27.8,27.98,27.64,27.39
2014-03-11,7160187.0,26.76,27.96,27.82,26.69
2014-03-12,12561255.0,26.07,26.49,26.48,25.995
2014-03-13,7691442.0,25.81,26.5,26.41,25.625
2014-03-14,6206232.0,25.98,26.13,25.73,25.652
2014-03-17,20583492.0,27.22,28.08,28.01,27.17
2014-03-18,32449950.0,27.08,27.75,27.09,26.63
2014-03-19,10459613.0,27.07,27.58,27.21,26.89
2014-03-20,5665805.0,26.84,27.201,26.98,26.73
2014-03-21,12155665.0,27.42,27.53,26.93,26.78
2014-03-24,7623549.0,26.67,27.63,27.46,26.62
2014-03-25,4878412.0,26.2,26.95,26.75,26.19
2014-03-26,6693500.0,25.77,26.53,26.26,25.75
2014-03-27,9568244.0,25.61,26.02,25.77,25.345
2014-03-28,6600650.0,25.88,26.13,25.65,25.53
2014-03-31,6252017.0,26.64,26.8,26.07,25.985
2014-04-01,6604961.0,27.52,27.535,26.7,26.7
2014-04-02,5807565.0,27.8,27.83,27.59,27.272
2014-04-03,4862998.0,27.48,28.035,27.84,27.3
2014-04-04,6311413.0,26.98,27.8,27.49,26.7
2014-04-07,8453846.0,25.87,27.0,26.84,25.46
2014-04-08,8202309.0,26.27,26.555,25.9,25.56
2014-04-09,9829065.0,27.53,27.56,26.6,26.45
2014-04-10,10765487.0,26.42,27.5,27.35,26.13
2014-04-11,9399181.0,26.17,26.78,26.12,25.88
2014-04-14,6421504.0,26.0,26.61,26.44,25.65
2014-04-15,7659536.0,26.22,26.43,26.09,25.32
2014-04-16,8263070.0,27.37,27.42,26.72,26.65
2014-04-17,10170918.0,28.07,28.28,27.57,27.51
2014-04-21,5576717.0,28.23,28.33,28.03,27.7
2014-04-22,4598480.0,28.4,28.47,28.4,28.03
2014-04-23,6101884.0,28.31,28.92,28.43,28.0901
2014-04-24,3886961.0,28.25,28.6,28.55,27.81
2014-04-25,4844776.0,27.82,28.14,28.05,27.41
2014-04-28,5155162.0,27.58,28.07,27.82,27.03
2014-04-29,6013697.0,28.18,28.21,27.58,27.36
2014-04-30,6394940.0,28.47,28.57,27.91,27.61
2014-05-01,6573294.0,28.86,28.86,28.6,28.24
2014-05-02,8454109.0,29.26,29.45,28.9,28.89
2014-05-05,9224390.0,29.4,29.68,29.24,28.86
2014-05-06,13396291.0,28.3,28.66,28.54,28.02
2014-05-07,7506497.0,28.75,29.0,28.89,27.81
2014-05-08,7716374.0,27.92,29.265,28.67,27.72
2014-05-09,3415149.0,27.96,28.075,27.97,27.68
2014-05-12,4281219.0,28.49,28.54,28.22,28.09
2014-05-13,4501734.0,28.37,28.64,28.45,28.06
2014-05-14,7555943.0,28.73,29.32,28.58,28.45
2014-05-15,7559830.0,28.44,28.68,28.68,27.92
2014-05-16,4892395.0,28.4,28.64,28.47,27.97
2014-05-19,3450706.0,28.8,28.835,28.27,28.25
2014-05-20,3889659.0,28.28,28.78,28.68,28.14
2014-05-21,3809575.0,28.59,28.68,28.45,28.34
2014-05-22,4627125.0,28.97,29.25,28.58,28.56
2014-05-23,3391590.0,29.22,29.29,28.97,28.89
2014-05-27,5474614.0,29.39,29.76,29.3,29.28
2014-05-28,3269499.0,29.17,29.43,29.31,28.98
2014-05-29,5602040.0,29.24,29.325,29.21,28.9
2014-05-30,3843493.0,29.52,29.55,29.34,29.08
2014-06-02,4138048.0,29.82,29.94,29.55,29.076
2014-06-03,4992578.0,29.99,30.0,29.71,29.57
2014-06-04,4879902.0,30.24,30.5025,29.76,29.59
2014-06-05,6348767.0,30.49,30.52,30.25,29.81
2014-06-06,42986256.0,27.73,28.0,27.5,26.96
2014-06-09,17072263.0,26.93,27.64,27.37,26.74
2014-06-10,12866815.0,27.24,27.26,26.84,26.16
2014-06-11,8256643.0,26.58,27.18,27.1,26.52
2014-06-12,7984738.0,26.56,26.69,26.5,26.2
2014-06-13,11859283.0,26.51,27.09,26.5,26.31
2014-06-16,11802267.0,26.77,26.92,26.5,26.26
2014-06-17,15180697.0,27.03,27.312,26.58,26.5
2014-06-18,19884461.0,28.33,28.49,27.03,27.02
2014-06-19,10592130.0,28.69,28.73,28.4,28.17
2014-06-20,9259983.0,28.64,29.0,28.66,28.45
2014-06-23,8042813.0,28.65,28.72,28.62,28.0
2014-06-24,5839707.0,28.16,28.59,28.17,28.03
2014-06-25,7758976.0,27.93,28.18,27.85,27.72
2014-06-26,8303294.0,28.06,28.12,28.04,27.71
2014-06-27,6532199.0,27.98,28.26,27.98,27.91
2014-06-30,6049259.0,28.03,28.26,28.07,27.94
2014-07-01,5621397.0,28.55,28.8,28.25,28.25
2014-07-02,3981348.0,28.73,28.91,28.6,28.54
2014-07-03,1709945.0,28.95,29.02,28.71,28.65
2014-07-07,3748119.0,28.63,28.85,28.76,28.35
2014-07-08,4947148.0,28.34,28.5875,28.49,27.95
2014-07-09,6110807.0,28.6,28.7799,28.26,28.17
2014-07-10,5068467.0,28.54,28.83,28.26,28.02
2014-07-11,5500558.0,28.7,28.96,28.58,28.32
2014-07-14,3966011.0,28.94,28.99,28.96,28.67
2014-07-15,7930787.0,29.19,29.37,28.93,28.85
2014-07-16,5977842.0,29.21,29.6,29.19,29.16
2014-07-17,1148141.0,28.45,29.38,29.22,28.41
2014-07-18,948731.0,28.78,28.82,28.54,28.5
2014-07-21,4280416.0,28.74,28.9,28.72,28.38
2014-07-22,2553614.0,28.8,29.0,28.88,28.735
2014-07-23,3352851.0,28.79,29.09,28.9,28.75
2014-07-24,4334141.0,28.47,28.85,28.85,28.4
2014-07-25,4223302.0,28.44,28.55,28.27,28.18
2014-07-28,2863398.0,28.15,28.53,28.44,28.115
2014-07-29,4921770.0,28.4,28.55,28.51,28.11
2014-07-30,5618250.0,28.67,28.845,28.47,28.35
2014-07-31,8435570.0,28.22,28.55,28.46,27.95
2014-08-01,6668551.0,27.76,28.47,28.1,27.59
2014-08-04,4883934.0,28.1,28.21,27.96,27.63
2014-08-05,9379625.0,27.86,28.78,28.49,27.8
2014-08-06,13516233.0,27.2,27.94,27.73,27.16
2014-08-07,5261840.0,26.92,27.5,27.45,26.78
2014-08-08,5434772.0,27.34,27.51,26.98,26.81
2014-08-11,5925160.0,28.05,28.12,27.58,27.51
2014-08-12,9478003.0,28.5,28.72,27.83,27.45
2014-08-13,4591887.0,28.97,29.04,28.52,28.49
2014-08-14,7920134.0,29.34,29.71,28.98,28.98
2014-08-15,10078933.0,30.14,30.19,29.46,29.06
2014-08-18,12985508.0,31.16,31.18,30.22,30.2
2014-08-19,5360220.0,31.56,31.614,31.25,31.16
2014-08-20,86030696.0,30.33,30.95,27.55,27.47
2014-08-21,30183271.0,30.1,31.2681,30.83,29.85
2014-08-22,8789431.0,30.61,30.86,30.17,30.02
2014-08-25,6508021.0,30.31,30.8,30.73,30.04
2014-08-26,9771587.0,28.58,29.27,29.22,28.53
2014-08-27,5738730.0,30.74,30.96,30.53,30.43
2014-08-28,6542974.0,30.21,30.74,30.2,30.09
2014-08-29,12131857.0,29.55,30.35,30.28,29.15
2014-09-02,5780391.0,29.1,29.64,29.42,28.9599
2014-09-03,9771587.0,28.58,29.27,29.22,28.53
2014-09-04,9423673.0,28.23,28.68,28.49,28.14
2014-09-05,7587369.0,28.46,28.46,28.23,27.98
2014-09-08,28543446.0,28.5,29.87,29.865,28.3
2014-09-09,7506816.0,27.97,28.53,28.53,27.95
2014-09-10,8911220.0,27.7,28.08,27.94,27.47
2014-09-11,8420468.0,27.75,28.02,27.61,27.55
2014-09-12,11947094.0,27.67,28.58,28.46,27.66
2014-09-15,6201852.0,27.51,27.69,27.63,27.19
2014-09-16,6320733.0,27.6,27.61,27.43,27.0
2014-09-17,8312726.0,27.51,28.08,27.7,27.13
2014-09-18,5270076.0,27.77,27.84,27.59,27.35
2014-09-19,9184143.0,27.9,28.05,27.9,27.75
2014-09-22,8426823.0,26.99,27.94,27.87,26.77
2014-09-23,5374057.0,26.81,27.26,26.9,26.71
2014-09-24,5537346.0,27.17,27.22,26.9,26.74
2014-09-25,6802871.0,26.31,27.16,27.16,26.26
2014-09-26,3529890.0,26.51,26.675,26.31,26.25
2014-09-29,3360145.0,26.08,26.44,26.2,26.01
2014-09-30,17568385.0,25.39,26.31,26.09,24.6601
2014-10-01,16820996.0,23.86,25.06,25.0,23.71
2014-10-02,11285211.0,23.72,24.24,23.92,23.4
2014-10-03,6323596.0,23.96,24.34,24.08,23.86
2014-10-06,6748474.0,23.4,24.1199,24.02,23.35
2014-10-07,20560466.0,22.13,23.33,23.14,22.05
2014-10-08,14316600.0,22.52,22.59,22.21,21.38
2014-10-09,18093710.0,21.57,22.67,22.41,21.2299
2014-10-10,15787188.0,20.6,21.5,21.5,20.37
2014-10-13,14206239.0,19.38,20.81,20.49,19.33
2014-10-14,13245779.0,19.4,20.33,19.63,19.23
2014-10-15,16652828.0,19.75,20.1799,18.89,18.5
2014-10-16,13704810.0,20.85,21.19,19.39,19.31
2014-10-17,14538958.0,20.18,21.83,21.17,20.14
2014-10-20,11120268.0,21.39,21.47,20.75,20.43
2014-10-21,11997767.0,22.2,22.6,21.77,21.64
2014-10-22,8093083.0,21.22,22.15,22.06,21.15
2014-10-23,7279172.0,21.32,21.83,21.64,21.241
2014-10-24,9491969.0,21.29,21.52,21.2,21.02
2014-10-27,7718466.0,21.38,21.38,21.16,20.77
2014-10-28,12532291.0,22.43,22.465,21.34,21.34
2014-10-29,10318602.0,22.36,22.87,22.45,21.59
2014-10-30,9329505.0,21.67,22.54,22.19,21.54
2014-10-31,12582657.0,21.92,22.23,22.17,21.52
2014-11-03,8504994.0,21.91,22.26,22.0,21.84
2014-11-04,10202087.0,20.85,21.96,21.81,20.82
2014-11-05,8534954.0,21.12,21.39,21.01,20.675
2014-11-06,9136544.0,21.93,22.03,21.15,21.09
2014-11-07,10266995.0,21.84,22.0,21.98,21.62
2014-11-10,6877782.0,22.01,22.03,21.96,21.714
2014-11-11,9066352.0,22.4,22.61,21.86,21.78
2014-11-12,6788522.0,22.1,22.45,22.28,21.96
2014-11-13,10108068.0,22.73,22.73,22.16,21.79
2014-11-14,52952820.0,21.69,22.37,22.09,19.55
2014-11-17,14451647.0,22.27,22.39,21.5,21.45
2014-11-18,18209393.0,22.68,23.15,22.03,21.98
2014-11-19,11317889.0,22.18,22.65,22.62,22.11
2014-11-20,9801357.0,22.75,22.8597,22.15,22.05
2014-11-21,24448967.0,23.77,24.305,22.88,22.79
2014-11-24,22196993.0,24.36,24.77,24.07,23.61
2014-11-25,4328008.0,25.25,25.3,24.63,24.28
2014-11-26,2053789.0,24.27,25.53,25.52,24.11
2014-11-28,5550565.0,23.74,24.34,24.23,23.68
2014-12-01,9495321.0,23.36,23.59,23.54,23.03
2014-12-02,5284150.0,23.38,24.03,23.4,23.29
2014-12-03,7058094.0,24.15,24.35,23.47,23.261
2014-12-04,7139555.0,24.25,24.32,24.03,23.53
2014-12-05,6754738.0,24.22,24.5,24.25,23.99
2014-12-08,4987172.0,23.55,24.26,24.01,23.45
2014-12-09,5099753.0,23.59,23.66,23.18,23.02
2014-12-10,7985683.0,22.63,23.54,23.54,22.51
2014-12-11,6070982.0,22.34,22.93,22.77,22.23
2014-12-12,9370641.0,21.33,22.18,22.12,21.31
2014-12-15,14319932.0,21.5,21.61,21.4,20.61
2014-12-16,9631347.0,20.79,22.17,21.36,20.71
2014-12-17,6292579.0,21.31,21.49,20.95,20.68
2014-12-18,12759583.0,22.55,22.88,22.18,21.995
2014-12-19,13351636.0,22.68,22.96,22.6,22.47
2014-12-22,4838863.0,22.61,22.89,22.85,22.41
2014-12-23,11590044.0,24.47,24.64,22.76,22.725
2014-12-24,5586724.0,24.38,24.82,24.53,24.12
2014-12-26,3889231.0,24.62,24.74,24.6,24.325
2014-12-29,8405987.0,25.47,25.52,24.6,24.48
2014-12-30,8245505.0,25.18,25.72,25.32,25.15
2014-12-31,5177646.0,24.94,25.45,25.36,24.92
2015-01-02,5904281.0,25.02,25.12,25.0,24.48
2015-01-05,8922301.0,23.57,24.78,24.77,23.22
2015-01-06,7785985.0,23.17,23.65,23.65,22.824
2015-01-07,6437064.0,23.46,23.57,23.5,22.98
2015-01-08,8305198.0,23.79,24.115,23.72,23.65
2015-01-09,5213864.0,23.44,23.97,23.88,23.365
2015-01-12,9224805.0,23.12,23.53,23.39,22.97
2015-01-13,12940045.0,22.85,23.56,23.46,22.69
2015-01-14,16812993.0,21.85,22.57,22.51,21.23
2015-01-15,15317186.0,21.31,22.24,21.97,21.1048
2015-01-16,10562090.0,21.28,21.66,21.23,21.03
2015-01-20,8958678.0,21.52,21.6,21.41,20.69
2015-01-21,5661940.0,21.85,21.96,21.53,21.45
2015-01-22,6203586.0,22.05,22.23,22.08,21.72
2015-01-23,7107794.0,21.64,22.1201,21.92,21.47
2015-01-26,4506816.0,21.85,21.88,21.59,21.33
2015-01-27,4121154.0,21.85,22.025,21.45,21.44
2015-01-28,6342891.0,21.34,22.08,22.07,21.28
2015-01-29,9471129.0,20.96,21.36,21.31,20.65
2015-01-30,12177924.0,20.52,21.12,20.66,20.41
2015-02-02,6229938.0,20.77,20.79,20.53,20.12
2015-02-03,6062334.0,21.71,21.83,20.98,20.97
2015-02-04,8432841.0,21.6,21.9,21.59,21.29
2015-02-05,8087688.0,22.55,22.72,21.73,21.64
2015-02-06,5248519.0,22.61,23.07,22.69,22.485
2015-02-09,5985583.0,22.69,22.91,22.51,22.32
2015-02-10,3850395.0,22.76,22.87,22.8,22.6
2015-02-11,3922461.0,22.72,22.84,22.84,22.43
2015-02-12,6790142.0,23.24,23.24,22.81,22.72
2015-02-13,6935090.0,23.0,23.49,23.25,22.83
2015-02-17,7456992.0,23.49,23.56,23.15,23.05
2015-02-18,6508109.0,23.39,23.76,23.59,23.36
2015-02-19,8154383.0,23.65,24.22,23.41,23.28
2015-02-20,6773305.0,23.2,23.67,23.65,23.15
2015-02-23,8829170.0,23.06,23.27,23.2,22.8
2015-02-24,10473241.0,22.76,23.19,23.07,22.7
2015-02-25,8976142.0,23.18,23.34,22.64,22.34
2015-02-26,6770297.0,23.49,23.58,23.09,22.815
2015-02-27,4052906.0,23.07,23.6,23.48,23.0038
2015-03-02,3940707.0,23.5,23.58,23.0,23.0
2015-03-03,6561682.0,23.5,23.62,23.53,23.33
2015-03-04,9376585.0,22.55,23.27,23.26,22.53
2015-03-05,5738105.0,22.5,22.64,22.64,22.15
2015-03-06,6060589.0,22.15,22.68,22.35,22.04
2015-03-09,15871306.0,22.09,22.36,22.15,21.94
2015-03-10,8870214.0,21.72,21.97,21.88,21.53
2015-03-11,9646443.0,21.53,22.02,21.76,21.53
2015-03-12,8118111.0,21.52,21.91,21.74,21.46
2015-03-13,4598059.0,21.3,21.62,21.39,21.14
2015-03-16,5987143.0,21.68,21.79,21.41,21.19
2015-03-17,5728800.0,21.88,21.88,21.48,21.48
2015-03-18,5929917.0,21.86,22.12,21.7,21.555
2015-03-19,4782154.0,21.6,21.84,21.82,21.45
2015-03-20,9885600.0,21.68,21.81,21.77,21.65
2015-03-23,4947154.0,21.53,21.92,21.67,21.49
2015-03-24,5742891.0,21.08,21.59,21.54,21.04
2015-03-25,7099164.0,20.54,21.05,20.99,20.54
2015-03-26,5067993.0,20.63,20.78,20.58,20.43
2015-03-27,5828981.0,20.83,20.83,20.65,20.63
2015-03-30,5479597.0,21.58,21.74,21.21,21.17
2015-03-31,4789487.0,21.68,21.87,21.51,21.3
2015-04-01,3845650.0,21.4,21.7,21.6,21.35
2015-04-02,4694422.0,21.22,21.71,21.43,21.2
2015-04-06,11696803.0,21.57,21.74,21.12,21.1
2015-04-07,4424016.0,21.12,21.63,21.6,21.11
2015-04-08,11456935.0,20.9,21.288,21.15,20.48
2015-04-09,8138283.0,20.61,20.97,20.88,20.57
2015-04-10,3672535.0,20.56,20.8072,20.75,20.53
2015-04-13,3509356.0,20.5,20.785,20.59,20.47
2015-04-14,3450213.0,20.55,20.655,20.5,20.32
2015-04-15,6808126.0,21.21,21.34,20.72,20.62
2015-04-16,2728928.0,21.02,21.21,21.05,20.955
2015-04-17,5928940.0,21.05,21.11,20.81,20.73
2015-04-20,4675535.0,20.82,21.19,21.12,20.78
2015-04-21,5705620.0,21.07,21.25,20.9,20.57
2015-04-22,3917933.0,21.38,21.55,20.97,20.94
2015-04-23,2687882.0,21.55,21.69,21.31,21.2105
2015-04-24,2905044.0,21.19,21.67,21.67,21.14
2015-04-27,4026362.0,20.94,21.23,21.15,20.91
2015-04-28,5483436.0,20.92,21.01,20.93,20.67
2015-04-29,4716305.0,21.08,21.24,20.84,20.8
2015-04-30,3353546.0,20.84,21.12,21.03,20.75
2015-05-01,8908489.0,22.37,22.41,20.98,20.87
2015-05-04,5697031.0,21.76,22.63,22.44,21.75
2015-05-05,4944455.0,21.23,21.74,21.66,21.15
2015-05-06,4552417.0,20.75,21.31,21.28,20.62
2015-05-07,4238591.0,20.68,21.0,20.64,20.52
2015-05-08,4698041.0,20.94,21.29,20.92,20.86
2015-05-11,7938714.0,20.65,21.06,20.98,20.63
2015-05-12,15284242.0,19.87,20.52,20.48,19.77
2015-05-13,12152762.0,19.52,19.95,19.95,19.31
2015-05-14,7845330.0,19.56,19.77,19.6,19.28
2015-05-15,12825302.0,20.6,20.98,19.77,19.75
2015-05-18,6180830.0,20.73,20.81,20.48,20.37
2015-05-19,6763530.0,20.0,20.78,20.69,19.96
2015-05-20,10127509.0,20.5,20.55,20.02,19.62
2015-05-21,5698325.0,20.79,20.8,20.43,20.31
2015-05-22,5502358.0,21.05,21.24,20.66,20.66
2015-05-26,4984415.0,20.53,21.02,20.94,20.35
2015-05-27,6664659.0,20.4,20.61,20.5,20.17
2015-05-28,6273286.0,20.2,20.41,20.38,19.86
2015-05-29,8351126.0,19.89,20.16,20.16,19.845
2015-06-01,6510219.0,19.68,19.9,19.86,19.38
2015-06-02,5975585.0,20.49,20.63,19.6,19.5901
2015-06-03,7255501.0,20.79,21.01,20.7,20.45
2015-06-04,4658047.0,20.49,20.8,20.54,20.39
2015-06-05,5049850.0,20.41,20.57,20.3,20.212
2015-06-08,8810299.0,20.21,20.42,20.36,20.1
2015-06-09,5560320.0,20.34,20.68,20.35,20.15
2015-06-10,6102443.0,20.65,20.79,20.44,20.34
2015-06-11,4366507.0,20.74,20.85,20.68,20.65
2015-06-12,4539319.0,20.9,21.04,20.53,20.53
2015-06-15,5369841.0,20.89,21.08,20.75,20.66
2015-06-16,4776123.0,20.48,20.92,20.76,20.44
2015-06-17,5945354.0,20.45,20.87,20.47,20.01
2015-06-18,8658089.0,21.17,21.31,20.52,20.47
2015-06-19,5379435.0,20.5,21.09,21.07,20.46
2015-06-22,4421088.0,20.46,20.68,20.66,20.36
2015-06-23,3701974.0,20.7,20.79,20.48,20.47
2015-06-24,4584232.0,20.26,20.715,20.68,20.215
2015-06-25,16505405.0,19.13,20.4,20.39,18.89
2015-06-26,11779609.0,19.08,19.26,19.15,18.89
2015-06-29,6390867.0,18.56,19.01,18.91,18.47
2015-06-30,10169138.0,18.12,18.9,18.71,18.05
2015-07-01,10216594.0,17.58,18.28,18.22,17.5
2015-07-02,8708622.0,17.25,17.75,17.71,17.13
2015-07-06,6108037.0,17.22,17.44,17.16,17.04
2015-07-07,11040799.0,17.75,17.91,17.23,17.04
2015-07-08,8697396.0,16.95,17.64,17.5,16.89
2015-07-09,12034022.0,16.82,17.19,17.17,16.65
2015-07-10,5797771.0,16.87,17.19,17.1,16.84
2015-07-13,5709256.0,16.97,17.02,16.95,16.72
2015-07-14,5449881.0,17.09,17.315,16.97,16.95
2015-07-15,6965661.0,17.05,17.75,17.75,16.97
2015-07-16,7559849.0,16.99,17.34,17.16,16.88
2015-07-17,35268714.0,19.01,20.5,19.99,18.75
2015-07-20,14930317.0,18.02,19.21,19.14,17.785
2015-07-21,7029773.0,17.78,18.3,17.89,17.74
2015-07-22,11014755.0,17.99,18.02,17.63,17.17
2015-07-23,18567056.0,16.45,17.57,17.4,16.31
2015-07-24,10231115.0,15.93,16.585,16.43,15.8975
2015-07-27,7183470.0,15.79,16.2,15.89,15.56
2015-07-28,8501023.0,16.34,16.79,15.87,15.67
2015-07-29,6093155.0,16.45,16.72,16.34,16.15
2015-07-30,9756092.0,16.61,16.71,16.34,16.13
2015-07-31,9969904.0,16.99,17.39,16.56,16.56
2015-08-03,7869183.0,16.55,17.0099,16.93,16.51
2015-08-04,8315241.0,16.9,17.25,16.62,16.62
2015-08-05,5752315.0,16.26,17.24,17.08,16.22
2015-08-06,6070102.0,16.33,16.4,16.27,15.96
2015-08-07,5181426.0,15.93,16.45,16.27,15.82
2015-08-10,11022544.0,17.12,17.22,16.51,16.16
2015-08-11,10485763.0,16.5,16.95,16.64,16.33
2015-08-12,15147205.0,17.9,18.08,16.7,16.5
2015-08-13,9853467.0,17.83,18.36,18.09,17.65
2015-08-14,5844462.0,18.17,18.24,17.89,17.77
2015-08-17,14572214.0,18.81,18.99,18.57,18.35
2015-08-18,9898385.0,18.86,19.04,18.58,18.58
2015-08-19,7314052.0,18.89,19.09,18.63,18.595
2015-08-20,5224160.0,18.18,18.73,18.59,18.16
2015-08-21,10670768.0,17.3,18.0,17.93,16.99
2015-08-24,12996720.0,16.8,17.71,15.6,14.85
2015-08-25,9091157.0,16.41,17.41,17.41,16.4
2015-08-26,8351858.0,17.16,17.23,16.92,16.19
2015-08-27,7551561.0,17.98,18.155,17.46,17.39
2015-08-28,6056179.0,18.3,18.45,17.86,17.86
2015-08-31,5824026.0,18.43,18.75,18.19,18.02
2015-09-01,6811553.0,17.32,18.19,17.89,17.21
2015-09-02,6175993.0,17.89,17.9999,17.67,17.5301
2015-09-03,6256844.0,17.96,18.38,18.0,17.675
2015-09-04,4295077.0,17.61,17.88,17.64,17.4
2015-09-08,5324329.0,18.05,18.06,18.0,17.73
2015-09-09,5544562.0,18.04,18.4,18.2,17.91
2015-09-10,6625910.0,18.25,18.52,18.01,17.94
2015-09-11,4722013.0,18.31,18.52,18.07,18.03
2015-09-14,4949607.0,18.02,18.4,18.22,17.98
2015-09-15,4836752.0,18.8,18.9,18.05,18.03
2015-09-16,6339929.0,19.19,19.42,18.76,18.74
2015-09-17,4844905.0,19.11,19.5,19.14,19.01
2015-09-18,9299540.0,18.13,18.81,18.68,18.03
2015-09-21,6327930.0,18.44,18.72,18.32,18.15
2015-09-22,7661182.0,17.46,18.15,18.11,17.38
2015-09-23,4115262.0,17.08,17.6,17.55,16.89
2015-09-24,7475054.0,17.18,17.27,16.87,16.56
2015-09-25,5954519.0,17.78,17.825,17.43,17.35
2015-09-28,8687538.0,16.72,17.6,17.55,16.71
2015-09-29,10474019.0,16.23,16.77,16.77,15.89
2015-09-30,8560837.0,16.73,17.25,16.49,16.39
2015-10-01,6967676.0,16.85,17.115,16.82,16.41
2015-10-02,11001122.0,17.5,17.52,16.57,16.56
2015-10-05,7907509.0,18.27,18.39,17.66,17.56
2015-10-06,11165624.0,17.64,18.71,18.15,17.5899
2015-10-07,11841369.0,18.46,18.63,17.84,17.645
2015-10-08,11563327.0,19.8,19.84,18.4,18.37
2015-10-09,11634765.0,19.2,20.04,19.69,18.6844
2015-10-12,4720697.0,19.24,19.31,19.19,18.89
2015-10-13,6391222.0,19.17,19.75,19.0,18.8
2015-10-14,4979315.0,19.52,19.82,19.19,19.09
2015-10-15,4357520.0,19.48,19.61,19.56,19.08
2015-10-16,4957890.0,19.1,19.58,19.58,18.9722
2015-10-19,5066233.0,19.38,19.57,18.99,18.82
2015-10-20,3299254.0,19.5,19.935,19.32,19.32
2015-10-21,4919329.0,19.11,19.64,19.53,19.06
2015-10-22,7921706.0,19.11,19.86,19.29,18.92
2015-10-23,7204538.0,19.22,19.555,19.35,18.96
2015-10-26,3861146.0,19.45,19.51,19.22,19.0901
2015-10-27,5012964.0,18.79,19.28,19.28,18.31
2015-10-28,4595183.0,19.41,19.62,18.9,18.77
2015-10-29,3452136.0,19.49,19.61,19.27,19.23
2015-10-30,4880381.0,19.5,19.64,19.49,19.16
2015-11-02,8066551.0,19.85,20.05,19.54,19.5301
2015-11-03,12967153.0,18.64,19.29,19.27,18.08
2015-11-04,5404743.0,18.49,18.84,18.69,18.34
2015-11-05,8234120.0,18.04,18.68,18.5,18.02
2015-11-06,9041546.0,18.81,18.83,17.99,17.73
2015-11-09,28858132.0,16.44,18.47,18.14,16.26
2015-11-10,13888399.0,16.37,16.64,16.51,16.21
2015-11-11,7355156.0,16.37,16.47,16.38,15.79
2015-11-12,5265617.0,15.93,16.43,16.23,15.85
2015-11-13,5719846.0,15.89,16.17,15.92,15.665
2015-11-16,8264509.0,15.37,15.92,15.9,15.06
2015-11-17,13215994.0,16.31,16.68,15.69,15.53
2015-11-18,13073207.0,16.66,16.95,16.34,16.22
2015-11-19,8387081.0,16.75,16.8,16.62,16.41
2015-11-20,9898999.0,16.55,17.0417,16.85,16.46
2015-11-23,8329563.0,16.04,16.63,16.55,15.91
2015-11-24,14413889.0,16.07,16.19,15.85,15.49
2015-11-25,6765532.0,16.23,16.28,16.16,15.83
2015-11-27,2530334.0,16.08,16.28,16.18,15.99
2015-11-30,10353583.0,15.86,16.18,16.11,15.71
2015-12-01,25935114.0,15.48,15.87,15.69,15.28
2015-12-02,13430226.0,15.12,15.6,15.48,14.92
2015-12-03,6796013.0,14.79,15.29,15.21,14.68
2015-12-04,11655125.0,14.44,14.7804,14.71,14.18
2015-12-07,8770660.0,14.23,14.45,14.39,13.975
2015-12-08,8300595.0,13.7,14.06,14.04,13.63
2015-12-09,13477364.0,14.25,14.68,13.76,13.75
2015-12-10,8743575.0,14.54,14.74,14.37,14.225
2015-12-11,8810382.0,14.32,14.48,14.37,14.16
2015-12-14,9409238.0,13.84,14.32,14.27,13.75
2015-12-15,7811055.0,14.0,14.22,13.95,13.92
2015-12-16,8054499.0,14.78,14.87,14.11,14.08
2015-12-17,5283750.0,14.41,14.81,14.75,14.37
2015-12-18,7588859.0,14.29,14.53,14.4,14.23
2015-12-21,6550406.0,14.06,14.49,14.35,13.97
2015-12-22,7476789.0,14.41,14.57,14.47,14.01
2015-12-23,6566573.0,14.6,14.89,14.59,14.36
2015-12-24,1563531.0,14.79,14.87,14.66,14.6
2015-12-28,4234966.0,14.14,14.74,14.67,14.1
2015-12-29,4178959.0,14.51,14.53,14.22,14.1
2015-12-30,3129106.0,14.05,14.6,14.4,14.05
2015-12-31,5968669.0,14.23,14.64,14.01,14.0
2016-01-04,7404546.0,14.01,14.3,13.97,13.81
2016-01-05,3678210.0,14.04,14.15,14.07,13.82
2016-01-06,7941261.0,13.14,13.8,13.78,12.96
2016-01-07,7546800.0,12.53,13.205,12.75,12.4138
2016-01-08,9543825.0,11.85,12.78,12.72,11.81
2016-01-11,8394944.0,11.54,12.04,12.03,11.37
2016-01-12,9891008.0,11.18,11.93,11.71,10.97
2016-01-13,12560071.0,10.44,11.46,11.32,10.29
2016-01-14,19054762.0,10.25,10.46,10.44,9.51
2016-01-15,11300129.0,9.72,10.03,9.82,9.36
2016-01-19,15385223.0,9.19,10.05,9.85,9.085
2016-01-20,12942420.0,9.14,9.32,8.91,8.27
2016-01-21,6684892.0,9.39,9.65,9.12,9.0
2016-01-22,9980832.0,9.75,10.05,9.65,9.5
2016-01-25,6260139.0,9.33,9.74,9.66,9.285
2016-01-26,10827676.0,10.22,10.23,9.4,9.37
2016-01-27,7477102.0,9.69,10.37,10.1,9.575
2016-01-28,8948699.0,9.37,9.88,9.63,8.92
2016-01-29,40166704.0,9.08,9.53,9.43,8.82
2016-02-01,12936330.0,9.18,9.38,9.0,8.83
2016-02-02,10801483.0,8.17,9.06,9.0,8.0701
2016-02-03,10707202.0,8.45,8.52,8.26,7.77
2016-02-04,10953856.0,8.63,8.85,8.39,8.39
2016-02-05,9606676.0,8.33,8.65,8.55,8.26
2016-02-08,9858270.0,7.52,8.17,8.16,7.24
2016-02-09,7886147.0,7.41,7.82,7.43,7.17
2016-02-10,5948872.0,7.53,7.9,7.4,7.39
2016-02-11,7008604.0,7.1,7.48,7.3,6.945
2016-02-12,8064690.0,7.49,7.72,7.22,7.11
2016-02-16,11606596.0,8.13,8.24,7.56,7.3
2016-02-17,12570723.0,8.49,8.88,8.22,8.16
2016-02-18,8438114.0,8.56,8.64,8.5,7.99
2016-02-19,12710032.0,8.3,8.51,8.42,8.1
2016-02-22,8631505.0,8.83,9.0,8.4,8.4
2016-02-23,5725128.0,8.64,8.955,8.8,8.44
2016-02-24,19021294.0,7.47,8.11,8.11,7.0601
2016-02-25,7189775.0,7.75,7.85,7.63,7.46
2016-02-26,9588576.0,8.27,8.42,7.84,7.8
2016-02-29,11676084.0,8.5,8.69,8.24,8.21
2016-03-01,17429014.0,9.54,9.75,8.86,8.82
2016-03-02,11730741.0,9.93,10.02,9.49,9.2
2016-03-03,14214237.0,10.01,10.25,9.86,9.75
2016-03-04,10046482.0,10.47,10.67,10.14,10.04
2016-03-07,10782281.0,10.7,10.82,10.33,10.25
2016-03-08,12321123.0,10.24,10.6901,10.6,10.2
2016-03-09,10201026.0,10.16,10.38,10.3,9.86
2016-03-10,7437279.0,9.87,10.36,10.29,9.55
2016-03-11,17361572.0,11.08,11.1,10.73,10.51
2016-03-14,12208323.0,10.85,11.35,11.02,10.51
2016-03-15,7674128.0,10.36,10.88,10.76,10.14
2016-03-16,9033761.0,10.52,10.7,10.3,10.27
2016-03-17,6838191.0,11.11,11.2,10.57,10.46
2016-03-18,15921018.0,11.45,11.91,11.31,11.18
2016-03-21,12691182.0,11.31,11.7599,11.38,11.11
2016-03-22,10000304.0,11.15,11.3,11.11,10.83
2016-03-23,10993215.0,10.51,11.07,11.05,10.44
2016-03-24,9394947.0,10.51,10.53,10.41,9.95
2016-03-28,10146353.0,9.81,10.67,10.63,9.76
2016-03-29,9347356.0,10.31,10.345,9.76,9.37
2016-03-30,5761135.0,10.24,10.68,10.44,10.19
2016-03-31,7362147.0,10.53,10.59,10.23,10.03
2016-04-01,6669975.0,10.2,10.41,10.33,10.0659
2016-04-04,5854840.0,10.01,10.47,10.23,9.98
2016-04-05,9341444.0,9.55,9.9,9.87,9.54
2016-04-06,8079144.0,9.85,9.97,9.57,9.38
2016-04-07,7526596.0,9.45,9.8,9.72,9.33
2016-04-08,4681023.0,9.7,9.9767,9.57,9.57
2016-04-11,28612072.0,8.59,9.3,8.98,8.54
2016-04-12,9864483.0,8.44,8.67,8.52,8.242
2016-04-13,19806563.0,9.02,9.05,8.51,8.51
2016-04-14,7511290.0,8.87,9.1,9.03,8.77
2016-04-15,5792467.0,8.7,8.98,8.87,8.68
2016-04-18,5982370.0,8.89,9.05,8.67,8.6237
2016-04-19,8530162.0,8.92,9.25,9.0,8.76
2016-04-20,5035977.0,8.89,8.95,8.92,8.74
2016-04-21,7848090.0,9.04,9.21,8.9,8.72
2016-04-22,7918145.0,9.17,9.475,9.0,9.0
2016-04-25,6673011.0,8.77,9.26,9.15,8.76
2016-04-26,7918012.0,9.44,9.44,8.85,8.8474
2016-04-27,7703695.0,9.71,9.76,9.41,9.31
2016-04-28,6626808.0,9.33,9.74,9.59,9.3
2016-04-29,6536278.0,9.26,9.34,9.25,8.89
2016-05-02,4915844.0,9.04,9.41,9.34,9.02
2016-05-03,9769861.0,8.66,8.92,8.92,8.31
2016-05-04,11816021.0,8.57,9.25,8.95,8.51
2016-05-05,7043147.0,8.61,8.85,8.65,8.49
2016-05-06,8322249.0,9.0,9.02,8.45,8.39
2016-05-09,14194193.0,8.76,8.95,8.95,8.5
2016-05-10,11917451.0,8.78,9.01,8.55,8.39
2016-05-11,7999803.0,8.82,9.295,8.73,8.68
2016-05-12,12601728.0,8.06,9.0,8.87,8.06
2016-05-13,11007982.0,7.7,8.1,7.94,7.56
2016-05-16,11102143.0,7.7,7.88,7.75,7.61
2016-05-17,17465352.0,8.67,8.91,8.08,8.0
2016-05-18,10414673.0,8.37,8.65,8.54,8.27
2016-05-19,7047854.0,8.4,8.48,8.31,8.15
2016-05-20,6229666.0,8.7,8.71,8.44,8.365
2016-05-23,7085139.0,8.81,8.95,8.72,8.695
2016-05-24,9471047.0,8.53,8.89,8.89,8.35
2016-05-25,8267039.0,9.1,9.11,8.58,8.55
2016-05-26,13002123.0,9.23,9.24,9.12,8.79
2016-05-27,5759209.0,9.24,9.425,9.24,9.09
2016-05-31,27093850.0,9.69,9.77,9.28,9.26
2016-06-01,9604759.0,9.89,9.92,9.55,9.41
2016-06-02,8869579.0,10.29,10.3,9.77,9.74
2016-06-03,9456350.0,10.05,10.26,10.24,9.74
2016-06-06,9292501.0,10.77,10.78,10.33,10.19
2016-06-07,13860952.0,11.4,11.44,10.93,10.8
2016-06-08,8029657.0,11.38,11.67,11.5,11.2
2016-06-09,6152335.0,11.18,11.39,11.38,11.0632
2016-06-10,5648044.0,10.68,10.97,10.97,10.63
2016-06-13,4764406.0,10.5,10.72,10.6,10.4557
2016-06-14,6904418.0,10.3,10.64,10.42,10.09
2016-06-15,11223250.0,10.83,10.92,10.37,10.235
2016-06-16,9631188.0,10.45,10.67,10.66,10.13
2016-06-17,17440194.0,10.53,11.14,10.5,10.42
2016-06-20,15619174.0,11.08,11.43,10.82,10.79
2016-06-21,11331115.0,11.08,11.24,11.18,10.74
2016-06-22,16979018.0,11.34,11.69,11.08,11.08
2016-06-23,8816337.0,11.86,11.88,11.5,11.4
2016-06-24,14692271.0,10.73,11.38,11.16,10.64
2016-06-27,8309666.0,9.86,10.63,10.61,9.7
2016-06-28,7590082.0,10.27,10.45,10.15,10.01
2016-06-29,6278417.0,10.77,10.885,10.4,10.31
2016-06-30,3505366.0,11.07,11.35,11.19,10.61
2016-07-01,2556111.0,33.05,35.0,34.4,32.5
2016-07-05,2089179.0,31.05,32.99,32.99,30.47
2016-07-06,1937332.0,30.09,31.33,31.33,29.28
2016-07-07,1923993.0,29.84,30.85,30.85,29.59
2016-07-08,1726875.0,31.88,32.17,30.45,30.13
2016-07-11,1452117.0,31.61,32.61,32.24,31.1
2016-07-12,1504909.0,32.21,33.275,31.51,31.51
2016-07-13,1075869.0,32.69,33.5482,32.39,31.84
2016-07-14,873096.0,32.8,33.47,33.47,32.31
2016-07-15,1609788.0,33.47,33.605,32.76,32.6201
2016-07-18,467848.0,32.92,33.59,33.12,32.92
2016-07-19,818264.0,32.22,33.16,32.99,31.93
2016-07-20,800540.0,32.97,33.06,32.19,31.9
2016-07-21,2128215.0,35.55,36.08,34.25,33.89
2016-07-22,1198897.0,35.24,35.87,35.61,35.1
2016-07-25,623926.0,34.59,35.45,35.24,34.55
2016-07-26,599253.0,35.01,35.089,34.52,34.25
2016-07-27,738574.0,35.09,35.46,35.16,34.55
2016-07-28,398103.0,35.41,35.58,35.09,34.73
2016-07-29,917081.0,35.35,35.41,35.3,34.54
2016-08-01,832599.0,35.34,36.34,35.43,34.97
2016-08-02,754804.0,34.54,35.34,35.34,33.88
2016-08-03,455173.0,35.09,35.14,34.33,33.96
2016-08-04,559939.0,35.4,35.47,34.97,34.58
2016-08-05,619043.0,37.15,37.16,35.85,35.3738
2016-08-08,827389.0,36.58,37.48,37.35,36.44
2016-08-09,2229117.0,32.98,34.25,31.98,31.62
2016-08-10,976802.0,32.98,33.15,33.06,32.78
2016-08-11,645401.0,32.96,33.18,33.07,32.57
2016-08-12,591693.0,32.63,33.08,32.86,32.61
2016-08-15,407775.0,32.81,33.17,32.65,32.65
2016-08-16,480071.0,33.01,33.29,32.67,32.67
2016-08-17,471967.0,32.85,33.19,33.09,32.47
2016-08-18,436494.0,33.19,33.45,32.83,32.83
2016-08-19,231915.0,33.22,33.3299,33.0,32.9
2016-08-22,578953.0,33.19,33.4,32.95,32.83
2016-08-23,598317.0,33.88,34.1557,33.43,33.43
2016-08-24,528875.0,33.0,34.04,33.78,32.88
2016-08-25,490204.0,32.77,33.2,32.96,32.71
2016-08-26,649215.0,32.82,33.34,33.02,32.33
2016-08-29,517609.0,32.69,33.145,32.79,32.5
2016-08-30,341940.0,32.55,33.13,32.61,32.39
2016-08-31,1088527.0,33.81,34.18,32.69,32.48
2016-09-01,562605.0,34.17,34.395,33.76,33.31
2016-09-02,422867.0,34.55,35.38,34.52,34.37
2016-09-06,409584.0,34.83,34.96,34.75,34.36
2016-09-07,340652.0,35.72,35.78,34.75,34.71
2016-09-08,497033.0,36.0,36.33,35.66,35.42
2016-09-09,399368.0,34.39,36.04,35.7,34.33
2016-09-12,423730.0,34.45,34.53,34.18,33.92
2016-09-13,346895.0,33.33,34.4,34.26,33.01
2016-09-14,282248.0,33.76,33.95,33.4,33.23
2016-09-15,326071.0,34.19,34.44,33.96,33.8
2016-09-16,555853.0,34.0,34.05,33.96,33.5
2016-09-19,242749.0,33.54,34.74,34.36,33.41
2016-09-20,479347.0,32.62,33.73,33.73,32.61
2016-09-21,253048.0,32.91,33.12,33.0,32.53
2016-09-22,251585.0,32.79,33.4,33.35,32.74
2016-09-23,399752.0,33.36,33.68,32.68,32.67
2016-09-26,352710.0,32.81,33.17,32.99,32.66
2016-09-27,370807.0,32.08,32.955,32.67,31.8
2016-09-28,528768.0,32.98,33.05,32.2,31.66
2016-09-29,419110.0,32.7,33.11,33.05,32.56
2016-09-30,585555.0,33.7,33.97,33.12,32.42
2016-10-03,462399.0,33.67,34.2,33.52,33.32
2016-10-04,379746.0,33.9,34.35,33.71,33.69
2016-10-05,424403.0,34.64,35.0,34.31,34.08
2016-10-06,343404.0,34.67,34.78,34.69,33.79
2016-10-07,534540.0,33.61,34.8199,34.75,33.18
2016-10-10,187337.0,33.86,34.07,33.89,33.69
2016-10-11,328165.0,32.73,33.65,33.64,32.55
2016-10-12,221717.0,32.54,33.74,32.95,32.52
2016-10-13,269683.0,31.65,32.52,32.19,31.46
2016-10-14,519759.0,30.18,31.65,31.51,30.18
2016-10-17,323878.0,30.21,30.52,30.21,30.04
2016-10-18,247852.0,29.88,30.67,30.61,29.87
2016-10-19,705467.0,29.4,30.125,30.0,29.31
2016-10-20,957595.0,29.56,30.25,29.75,29.3
2016-10-21,317377.0,29.29,29.4899,29.3,28.752
2016-10-24,300948.0,29.38,29.74,29.55,29.21
2016-10-25,237806.0,29.38,29.62,29.26,29.0
2016-10-26,1805178.0,30.24,31.1463,29.25,29.11
2016-10-27,432202.0,29.63,30.29,30.25,29.61
2016-10-28,413082.0,28.97,30.0,29.64,28.95
2016-10-31,498868.0,30.09,30.25,29.14,28.97
2016-11-01,538982.0,29.1,30.5,30.11,29.01
2016-11-02,325613.0,28.99,29.31,29.01,28.91
2016-11-03,416072.0,29.74,30.06,28.97,28.97
2016-11-04,667112.0,30.54,30.995,29.73,29.4611
2016-11-07,540248.0,31.43,32.0,31.06,30.93
2016-11-08,1330202.0,30.82,31.5,29.5,28.66
2016-11-09,1303921.0,35.65,36.25,31.75,31.66
2016-11-10,983632.0,38.04,38.61,36.3048,36.09
2016-11-11,780141.0,38.2,38.38,37.98,37.32
2016-11-14,906733.0,38.29,39.3899,38.64,38.08
2016-11-15,589784.0,39.86,40.27,37.99,37.8501
2016-11-16,452734.0,38.51,39.73,39.49,38.37
2016-11-17,361987.0,37.98,38.88,38.45,37.98
2016-11-18,417533.0,37.06,38.04,37.84,36.88
2016-11-21,345466.0,38.8,39.1,37.13,37.13
2016-11-22,486390.0,39.38,39.58,39.16,38.3
2016-11-23,434555.0,40.25,40.54,39.28,39.09
2016-11-25,77852.0,39.94,40.506,40.32,39.82
2016-11-28,244278.0,38.63,40.015,39.63,38.53
2016-11-29,291600.0,38.17,38.89,38.51,38.12
2016-11-30,417029.0,39.74,40.2,38.57,38.57
2016-12-01,756220.0,40.74,41.23,39.86,39.69
2016-12-02,335865.0,39.87,40.47,40.47,39.16
2016-12-05,565015.0,41.88,41.93,40.25,39.84
2016-12-06,623384.0,42.46,42.78,41.51,41.241
2016-12-07,341686.0,42.07,42.95,42.57,41.87
2016-12-08,651982.0,40.6,42.63,42.41,40.361
2016-12-09,493249.0,40.81,41.97,40.39,40.232
2016-12-12,293871.0,40.59,40.88,40.85,40.36
2016-12-13,321209.0,39.88,40.8,40.8,39.241
2016-12-14,397008.0,38.92,39.99,39.56,38.83
2016-12-15,335173.0,40.34,40.36,38.91,38.91
2016-12-16,739671.0,41.4,41.465,40.2,40.09
2016-12-19,244288.0,40.97,41.55,41.28,40.52
2016-12-20,306439.0,41.35,41.62,41.07,40.81
2016-12-21,220722.0,41.17,41.75,41.35,41.07
2016-12-22,229011.0,40.71,41.1445,40.96,40.305
2016-12-23,145756.0,40.8,40.91,40.53,40.41
2016-12-27,170074.0,41.11,41.91,40.84,40.8
2016-12-28,256335.0,40.79,41.22,41.13,40.71
2016-12-29,199011.0,40.5,41.09,40.71,40.06
2016-12-30,387477.0,40.16,40.655,40.43,39.68
2017-01-03,425084.0,40.16,41.89,40.66,39.94
2017-01-04,597789.0,40.74,40.99,40.36,39.64
2017-01-05,400285.0,40.08,40.98,40.75,40.01
2017-01-06,219602.0,40.0,40.39,40.13,39.8
2017-01-09,212007.0,39.6,40.22,40.08,39.51
2017-01-10,406711.0,41.89,41.95,39.6,39.6
2017-01-11,184246.0,41.78,42.09,41.84,41.29
2017-01-12,150978.0,41.23,41.77,41.68,40.44
2017-01-13,187267.0,41.67,41.77,41.17,41.17
2017-01-17,266127.0,41.32,42.43,41.51,41.01
2017-01-18,408980.0,43.08,43.49,41.32,41.32
2017-01-19,423666.0,43.17,43.74,43.08,42.45
2017-01-20,240452.0,43.12,44.0499,43.37,43.04
2017-01-23,307099.0,43.75,43.81,43.31,42.87
2017-01-24,395822.0,44.35,44.85,43.86,43.57
2017-01-25,407001.0,45.68,46.5,45.0,45.0
2017-01-26,883183.0,49.22,49.41,47.01,46.88
2017-01-27,300287.0,49.37,49.4,48.59,48.45
2017-01-30,361099.0,49.99,50.2,48.92,48.38
2017-01-31,325200.0,49.67,50.22,50.09,48.65
2017-02-01,437254.0,52.78,52.96,50.27,49.82
2017-02-02,302169.0,51.49,52.83,52.6,51.35
2017-02-03,247342.0,52.06,52.9,51.56,51.5
2017-02-06,159049.0,51.43,52.03,51.64,50.45
2017-02-07,345919.0,50.18,50.79,50.0,49.91
2017-02-08,421523.0,48.67,49.88,49.82,48.18
2017-02-09,237412.0,50.06,50.09,48.67,48.46
2017-02-10,143654.0,50.71,50.95,50.14,50.03
2017-02-13,150583.0,50.17,51.24,51.0,49.54
2017-02-14,249977.0,49.95,50.28,49.94,48.79
2017-02-15,197581.0,51.49,51.59,49.65,49.57
2017-02-16,191792.0,50.35,51.56,51.56,49.91
2017-02-17,191238.0,49.49,50.02,49.78,49.36
2017-02-21,252675.0,50.2,50.39,49.67,49.67
2017-02-22,149884.0,49.3,50.25,49.92,49.2
2017-02-23,295741.0,48.48,50.4,49.66,48.1
2017-02-24,176314.0,49.75,49.79,47.93,47.76
2017-02-27,247355.0,50.64,50.65,49.75,48.84
2017-02-28,308910.0,51.69,52.18,50.74,50.74
2017-03-01,856005.0,50.18,51.37,49.51,48.26
2017-03-02,393580.0,48.32,50.36,50.2,48.31
2017-03-03,307280.0,47.4,49.39,48.55,47.32
2017-03-06,341439.0,46.99,47.88,47.0,46.73
2017-03-07,278834.0,46.14,46.97,46.77,46.02
2017-03-08,200967.0,45.76,46.63,46.17,45.72
2017-03-09,207176.0,45.94,46.46,45.96,45.21
2017-03-10,170431.0,46.53,46.71,46.22,45.8
2017-03-13,209656.0,46.92,47.1,46.48,46.27
2017-03-14,480507.0,44.96,47.0,46.6,44.72
2017-03-15,178158.0,47.03,47.11,45.15,45.13
2017-03-16,212449.0,48.33,48.95,47.37,47.37
2017-03-17,376600.0,48.29,48.6,48.26,48.01
2017-03-20,114613.0,48.32,48.55,48.15,47.85
2017-03-21,336494.0,46.8,48.86,48.77,46.39
2017-03-22,164187.0,46.22,46.98,46.98,46.22
2017-03-23,145453.0,46.76,47.3,46.15,45.9
2017-03-24,140922.0,46.59,47.6,46.88,46.3
2017-03-27,208623.0,46.54,46.83,45.2,45.2
2017-03-28,161592.0,48.35,48.94,46.63,46.29
2017-03-29,122341.0,48.18,48.43,48.43,47.62
2017-03-30,97602.0,48.67,48.96,48.28,48.22
2017-03-31,219128.0,48.89,49.31,48.58,48.36
2017-04-03,364670.0,46.71,49.49,48.9,46.09
2017-04-04,392226.0,45.42,46.66,46.32,44.78
2017-04-05,395292.0,45.84,46.81,45.77,45.41
2017-04-06,444252.0,48.08,49.74,46.99,46.99
2017-04-07,200770.0,48.39,48.99,48.07,47.74
2017-04-10,291409.0,50.06,50.29,49.95,49.24
2017-04-11,134937.0,49.37,49.99,49.99,48.7
2017-04-12,180731.0,47.85,49.17,49.13,47.25
2017-04-13,104442.0,47.08,47.83,47.71,47.03
2017-04-17,97599.0,47.42,47.55,47.29,46.52
2017-04-18,157656.0,47.62,48.06,47.06,46.59
2017-04-19,227726.0,48.94,49.69,48.02,48.02
2017-04-20,325465.0,46.95,48.47,47.47,46.73
2017-04-21,306260.0,45.63,46.74,46.55,45.51
2017-04-24,119762.0,46.51,46.87,46.71,46.2
2017-04-25,187105.0,48.1,48.59,47.0,46.91
2017-04-26,147714.0,48.7,49.21,47.74,46.83
2017-04-27,275441.0,46.53,48.79,48.68,46.35
2017-04-28,348663.0,45.47,46.66,46.42,44.9
2017-05-01,178145.0,46.37,46.76,45.59,45.48
2017-05-02,118722.0,46.08,46.37,46.36,45.26
2017-05-03,141154.0,45.45,46.24,45.75,45.03
2017-05-04,160483.0,45.61,45.76,45.67,44.5
2017-05-05,260696.0,45.6,46.46,45.57,45.14
2017-05-08,406815.0,44.59,45.77,45.42,43.46
2017-05-09,579069.0,44.0,44.59,42.25,42.25
2017-05-10,389045.0,45.65,45.66,43.69,43.67
2017-05-11,379380.0,44.37,45.77,45.56,44.16
2017-05-12,335489.0,42.06,44.63,44.12,41.41
2017-05-15,394719.0,41.0,42.4,42.15,40.42
2017-05-16,667694.0,39.31,41.34,41.0,38.79
2017-05-17,633317.0,37.9,39.16,38.79,37.72
2017-05-18,1433106.0,35.01,37.88,37.88,33.27
2017-05-19,460988.0,35.6,35.96,35.08,34.98
2017-05-22,342657.0,36.29,36.52,36.01,35.54
2017-05-23,237695.0,35.99,36.49,36.35,35.34
2017-05-24,268249.0,36.49,37.28,36.49,36.17
2017-05-25,298780.0,36.43,37.21,36.83,35.81
2017-05-26,212359.0,36.56,37.05,36.41,36.14
2017-05-30,208341.0,36.51,36.77,36.27,35.83
2017-05-31,301598.0,37.83,37.99,36.75,36.63
2017-06-01,317159.0,38.32,38.72,38.01,37.59
2017-06-02,214767.0,38.82,39.09,38.24,37.8
2017-06-05,243492.0,37.13,38.97,38.73,37.05
2017-06-06,340017.0,37.26,37.69,36.84,36.11
2017-06-07,307203.0,36.93,38.23,37.38,36.19
2017-06-08,420736.0,38.25,38.83,37.08,36.94
2017-06-09,313969.0,38.39,38.96,38.4,37.31
2017-06-12,364198.0,39.1,39.65,38.05,38.05
2017-06-13,303871.0,40.62,40.92,39.35,38.91
2017-06-14,445980.0,38.99,40.53,40.53,38.74
2017-06-15,425397.0,37.51,38.64,38.26,37.16
2017-06-16,289590.0,37.37,37.59,37.46,37.07
2017-06-19,309524.0,39.25,39.64,37.64,37.51
2017-06-20,304170.0,37.5,39.6,39.14,36.97
2017-06-21,269510.0,36.64,37.88,37.51,36.35
2017-06-22,202200.0,36.65,37.35,36.63,36.42
2017-06-23,2049400.0,37.54,37.78,36.63,35.1
2017-06-26,375566.0,38.14,38.84,37.54,37.09
2017-06-27,223124.0,36.95,38.56,38.13,36.91
2017-06-28,388435.0,38.51,39.93,37.37,37.3
2017-06-29,261120.0,38.46,39.79,38.62,38.04
2017-06-30,277386.0,39.32,39.64,38.65,38.64
2017-07-03,169916.0,40.37,40.58,39.62,39.52
2017-07-05,241655.0,40.46,40.62,40.36,39.3
2017-07-06,386424.0,40.46,41.45,40.19,39.94
2017-07-07,396618.0,41.07,41.28,40.81,40.16
2017-07-10,422089.0,40.7,41.35,40.87,40.47
2017-07-11,243439.0,41.49,41.64,40.7,40.32
2017-07-12,380597.0,43.15,43.52,41.57,41.57
2017-07-13,442349.0,44.38,44.96,43.35,42.92
2017-07-14,318320.0,45.01,45.36,44.63,43.66
2017-07-17,313816.0,44.94,45.33,45.01,44.24
2017-07-18,280642.0,45.02,45.715,44.95,44.46
2017-07-19,279854.0,45.76,45.97,45.18,45.05
2017-07-20,284013.0,46.78,47.15,46.17,45.38
2017-07-21,221660.0,46.0,47.25,47.2,45.84
2017-07-24,169689.0,46.05,46.4,45.76,45.62
2017-07-25,230694.0,47.2,47.55,46.42,46.42
2017-07-26,200818.0,46.61,47.48,47.25,46.57
2017-07-27,215022.0,46.74,47.41,46.69,46.03
2017-07-28,792404.0,46.84,47.95,46.72,46.58
2017-07-31,361504.0,45.38,46.66,46.66,44.14
2017-08-01,334541.0,45.67,46.51,45.41,45.21
2017-08-02,213478.0,44.92,45.85,45.64,44.41
2017-08-03,139458.0,45.03,45.47,45.17,44.74
2017-08-04,246622.0,45.32,45.97,45.34,45.18
2017-08-07,423761.0,45.5,45.9,45.4,44.69
2017-08-08,984500.0,39.76,46.77,45.45,38.51
2017-08-09,767295.0,38.74,40.63,39.24,38.55
2017-08-10,394529.0,39.0,39.44,38.6,37.79
2017-08-11,325634.0,39.01,39.83,38.58,38.26
2017-08-14,321626.0,40.56,40.94,39.73,39.65
2017-08-15,243800.0,39.65,40.56,40.56,39.5
2017-08-16,291590.0,38.03,39.87,39.69,37.79
2017-08-17,238344.0,36.92,38.23,37.85,36.87
2017-08-18,263920.0,36.73,36.82,36.75,35.89
2017-08-21,204916.0,36.51,36.86,36.64,36.28
2017-08-22,175580.0,37.34,37.49,36.76,36.67
2017-08-23,180910.0,37.35,37.65,37.19,36.81
2017-08-24,141509.0,37.74,37.77,37.51,37.13
2017-08-25,162031.0,36.97,38.19,38.0,36.65
2017-08-28,767622.0,39.05,39.19,37.6,37.25
2017-08-29,355798.0,41.44,41.472,39.0,38.92
2017-08-30,392264.0,42.2,42.65,41.5,41.5
2017-08-31,260308.0,42.22,43.01,42.53,41.9
2017-09-01,173079.0,42.98,43.19,42.6,42.13
2017-09-05,215404.0,43.18,43.65,42.84,42.48
2017-09-06,216496.0,44.5,44.68,43.51,43.51
2017-09-07,215373.0,45.1,45.12,44.75,44.46
2017-09-08,241822.0,45.85,46.04,44.95,44.74
2017-09-11,291667.0,45.18,46.59,44.71,44.71
2017-09-12,225879.0,46.01,46.33,45.56,45.32
2017-09-13,273383.0,46.34,46.85,45.98,45.65
2017-09-14,216539.0,45.34,46.41,45.95,45.05
2017-09-15,379949.0,44.89,45.38,45.38,44.02
2017-09-18,187429.0,46.26,46.41,44.99,44.85
2017-09-19,164963.0,45.79,46.51,46.31,45.45
2017-09-20,178341.0,46.38,46.72,45.8,45.8
2017-09-21,185619.0,46.49,46.9,46.5,46.25
2017-09-22,203245.0,46.7,47.15,46.58,46.45
2017-09-25,261454.0,46.68,47.39,46.89,46.47
2017-09-26,209574.0,47.81,47.88,46.75,46.6
2017-09-27,237311.0,48.45,48.96,48.04,47.85
2017-09-28,314335.0,48.39,48.8,48.08,47.63
2017-09-29,357138.0,49.13,49.88,48.52,48.52
2017-10-02,312302.0,50.13,50.29,48.96,48.75
2017-10-03,212851.0,50.62,50.63,50.34,49.29
2017-10-04,136317.0,49.83,50.86,50.68,49.24
2017-10-05,127012.0,50.22,50.25,49.89,49.54
2017-10-06,209787.0,50.41,50.47,49.94,49.75
2017-10-09,229384.0,50.4,50.79,50.2,49.94
2017-10-10,273142.0,50.35,51.2,50.98,50.03
2017-10-11,228877.0,50.21,50.56,50.23,49.88
2017-10-12,189611.0,50.24,50.37,49.96,49.96
2017-10-13,130625.0,49.5,50.45,50.45,49.33
2017-10-16,157717.0,49.08,49.92,49.58,48.3
2017-10-17,170109.0,48.89,49.95,49.17,48.8
2017-10-18,132181.0,48.81,49.39,49.03,48.56
2017-10-19,221193.0,48.46,49.08,48.79,47.63
2017-10-20,173543.0,48.43,49.36,49.01,48.32
2017-10-23,136035.0,47.56,48.49,48.4,47.37
2017-10-24,211234.0,47.36,48.21,47.7,47.2
2017-10-25,125849.0,46.13,47.33,47.31,45.63
2017-10-26,172144.0,46.98,47.43,46.39,46.0
2017-10-27,329740.0,47.67,48.03,47.0,46.59
2017-10-30,190787.0,48.22,48.77,47.37,47.28
2017-10-31,211747.0,48.46,48.99,48.34,47.75
2017-11-01,162834.0,48.55,49.12,48.81,48.09
2017-11-02,181479.0,48.27,48.99,48.62,47.94
2017-11-03,201135.0,47.96,48.62,48.28,47.64
2017-11-06,342928.0,49.91,50.18,47.98,47.55
2017-11-07,286462.0,48.29,49.69,49.6,47.63
2017-11-08,1155819.0,55.63,57.64,50.85,50.76
2017-11-09,290587.0,55.5,56.96,55.42,54.15
2017-11-10,269271.0,54.69,56.58,55.34,53.99
2017-11-13,317785.0,53.85,54.42,54.42,53.33
2017-11-14,306752.0,53.62,53.83,53.66,53.04
2017-11-15,547451.0,54.99,55.53,53.56,52.9
2017-11-16,412981.0,56.27,56.46,55.56,55.12
2017-11-17,207931.0,56.32,56.84,55.95,55.56
2017-11-20,249203.0,56.96,57.2,56.32,55.45
2017-11-21,162800.0,57.22,57.47,57.47,56.53
2017-11-22,180746.0,57.18,57.7,57.7,57.02
2017-11-24,67850.0,57.29,57.59,57.52,57.01
2017-11-27,161587.0,56.98,57.37,57.11,56.29
2017-11-28,170163.0,59.03,59.12,57.1,56.94
2017-11-29,190905.0,59.87,59.97,59.23,58.48
2017-11-30,265362.0,59.18,60.07,59.86,58.91
2017-12-01,277847.0,59.65,60.25,59.46,58.18
2017-12-04,246851.0,60.6,61.96,60.16,60.16
2017-12-05,154186.0,59.59,61.02,60.72,59.55
2017-12-06,190239.0,60.02,60.09,59.35,58.59
2017-12-07,227961.0,61.22,61.56,59.44,59.04
2017-12-08,84407.0,61.33,61.46,61.46,60.725
2017-12-11,192320.0,61.4,61.88,61.11,61.11
2017-12-12,159434.0,60.94,61.59,61.56,60.76
2017-12-13,465019.0,62.46,63.39,61.37,60.49
2017-12-14,246725.0,63.3,63.48,63.15,62.325
2017-12-15,457620.0,64.89,65.25,63.76,62.92
2017-12-18,273269.0,65.84,65.93,64.66,64.22
2017-12-19,269180.0,62.25,64.99,63.37,62.19
2017-12-20,231086.0,63.1,63.34,62.06,61.91
2017-12-21,184682.0,63.05,63.76,63.65,62.89
2017-12-22,151088.0,62.43,63.14,62.79,61.51
2017-12-26,166920.0,62.99,63.54,62.71,62.32
2017-12-27,161030.0,63.26,63.765,63.17,62.93
2017-12-28,119192.0,63.56,63.95,63.5,63.305
2017-12-29,144700.0,62.61,63.57,63.57,62.56
2018-01-02,124677.0,63.36,63.65,63.0,62.6
2018-01-03,102652.0,62.96,63.71,63.15,62.84
2018-01-04,195751.0,62.75,63.205,63.11,62.08
2018-01-05,109500.0,62.91,63.04,62.81,62.37
2018-01-08,208151.0,62.25,63.05,62.59,61.66
2018-01-09,121009.0,62.87,63.3,62.71,62.4086
2018-01-10,89549.0,62.7,63.17,62.76,62.26
2018-01-11,253779.0,63.77,64.11,63.18,62.84
2018-01-12,146444.0,65.62,65.82,63.92,63.92
2018-01-16,210717.0,62.82,66.0,65.92,62.5
2018-01-17,147117.0,62.8,63.39,62.82,62.165
2018-01-18,99525.0,63.21,63.79,62.86,62.76
2018-01-19,119224.0,65.46,65.46,63.38,63.38
2018-01-22,85005.0,66.12,66.16,65.13,64.9
2018-01-23,201237.0,68.18,68.33,65.86,65.5
2018-01-24,330111.0,70.21,70.28,68.68,68.64
2018-01-25,199001.0,68.73,70.58,70.22,67.88
2018-01-26,102124.0,68.3,69.26,69.26,67.57
2018-01-29,137007.0,66.28,68.45,67.99,66.21
2018-01-30,149851.0,66.11,66.51,65.37,64.65
2018-01-31,108482.0,65.72,67.88,66.9,65.61
2018-02-01,252390.0,66.72,67.51,65.34,64.0
2018-02-02,188890.0,65.39,67.01,67.0,64.27
2018-02-05,224772.0,62.12,65.35,64.63,62.05
2018-02-06,309026.0,62.41,63.68,60.41,60.0119
2018-02-07,195562.0,62.55,63.43,62.18,61.71
2018-02-08,480355.0,58.65,63.32,62.7,58.49
2018-02-09,410782.0,57.45,59.1,58.65,54.87
2018-02-12,280221.0,59.28,60.315,57.84,56.84
2018-02-13,238960.0,57.09,58.66,58.66,56.08
2018-02-14,341100.0,59.18,59.46,56.37,55.94
2018-02-15,207009.0,60.91,61.17,59.92,58.755
2018-02-16,140015.0,62.05,62.54,60.47,60.47
2018-02-20,124152.0,62.66,63.99,61.52,61.52
2018-02-21,183833.0,62.41,64.24,62.72,62.36
2018-02-22,131957.0,63.5,64.63,62.89,62.68
2018-02-23,90711.0,65.24,65.28,64.09,63.75
2018-02-26,114532.0,66.19,66.27,65.41,64.59
2018-02-27,255286.0,66.11,67.49,65.99,65.53
2018-02-28,324895.0,65.21,69.0,69.0,63.13
2018-03-01,431802.0,66.67,68.14,65.05,64.55
2018-03-02,357785.0,65.73,66.23,65.72,64.5401
2018-03-05,184300.0,67.21,68.0,65.39,64.9
2018-03-06,347238.0,70.6,70.91,68.01,66.836
2018-03-07,191534.0,69.23,70.97,70.26,68.36
2018-03-08,139434.0,69.1,69.33,69.26,68.35
2018-03-09,303083.0,71.47,71.5,69.81,69.35
2018-03-12,156513.0,71.15,72.99,71.58,70.93
2018-03-13,192154.0,71.05,72.8,71.59,70.74
2018-03-14,151796.0,70.09,71.5,71.5,69.845
2018-03-15,93992.0,69.57,70.585,70.3,69.021
2018-03-16,277488.0,69.77,70.7599,69.84,68.77
2018-03-19,162454.0,69.18,69.92,69.67,68.02
2018-03-20,115258.0,69.77,70.35,69.37,68.62
2018-03-21,210175.0,69.75,70.28,69.8,69.48
2018-03-22,138382.0,67.77,69.25,68.7,67.75
2018-03-23,126762.0,64.83,69.095,68.17,64.68
2018-03-26,134853.0,66.88,66.93,65.87,64.89
2018-03-27,114957.0,63.91,67.68,66.91,63.31
2018-03-28,148960.0,63.34,64.33,63.98,62.73
2018-03-29,378051.0,64.95,65.99,63.83,63.83
2018-04-02,208445.0,61.76,65.51,64.72,61.01
2018-04-03,167126.0,63.8,63.82,62.78,61.62
2018-04-04,116858.0,64.85,65.05,62.25,61.68
2018-04-05,196933.0,65.0,65.93,65.13,64.4
2018-04-06,130115.0,62.31,65.14,64.35,61.31
2018-04-09,233026.0,62.12,63.98,63.25,62.03
2018-04-10,160656.0,64.26,64.76,63.23,62.92
2018-04-11,135035.0,63.99,64.48,63.64,62.9213
2018-04-12,129427.0,64.4,64.975,64.43,63.8
2018-04-13,100257.0,63.7,64.99,64.99,63.64
2018-04-16,109251.0,64.8,65.3,64.73,64.54
2018-04-17,165851.0,64.43,65.96,65.5,63.7201
2018-04-18,111414.0,65.05,65.705,64.95,64.8
2018-04-19,271792.0,63.79,66.37,64.95,63.075
2018-04-20,466787.0,58.62,62.58,61.38,57.42
2018-04-23,212970.0,59.72,60.11,58.97,58.92
2018-04-24,354318.0,59.3,62.18,60.49,58.96
2018-04-25,218479.0,57.65,59.405,58.68,57.48
2018-04-26,285267.0,55.59,57.98,57.98,55.19
2018-04-27,191235.0,55.55,55.895,55.66,55.03
2018-04-30,268002.0,52.65,55.75,55.53,52.47
2018-05-01,455773.0,51.36,52.62,52.32,49.93
2018-05-02,190027.0,51.75,54.08,51.36,51.36
2018-05-03,245973.0,51.8,52.04,51.13,50.44
2018-05-04,167504.0,52.61,52.83,51.37,50.97
2018-05-07,248446.0,54.82,55.52,52.97,52.87
2018-05-08,324628.0,53.81,54.59,54.59,53.04
2018-05-09,373561.0,56.45,58.45,57.0,54.39
2018-05-10,250664.0,55.89,57.04,56.33,55.32
2018-05-11,139808.0,55.88,56.77,56.01,55.31
2018-05-14,180736.0,57.03,57.8299,56.23,56.23
2018-05-15,171884.0,57.1,57.38,56.72,56.37
2018-05-16,174930.0,57.58,58.55,57.25,57.17
2018-05-17,167619.0,58.71,59.2,57.54,56.97
2018-05-18,165713.0,58.74,59.5,58.91,57.94
2018-05-21,101028.0,59.92,60.2099,59.34,59.135
2018-05-22,114032.0,57.43,60.1518,60.13,57.4
2018-05-23,118494.0,57.46,57.605,56.83,56.27
2018-05-24,166862.0,57.65,58.04,57.37,56.81
2018-05-25,161706.0,56.63,57.94,57.47,56.16
2018-05-29,185613.0,54.39,56.83,55.95,53.89
2018-05-30,194252.0,56.16,57.23,54.77,54.7
2018-05-31,306876.0,54.65,56.36,55.88,54.38
2018-06-01,257931.0,55.58,55.84,54.7,54.3391
2018-06-04,135853.0,54.82,56.3,55.89,54.42
2018-06-05,112248.0,55.53,55.77,54.78,54.49
2018-06-06,115292.0,56.3,56.49,55.53,55.21
2018-06-07,140378.0,57.08,58.16,56.5,56.4
2018-06-08,113035.0,57.21,57.97,57.4,56.22
