date,5. volume,4. close,2. high,1. open,3. low
2000-01-03,48600.0,42.81,44.69,44.63,42.75
2000-01-04,58600.0,41.63,43.19,42.63,41.5
2000-01-05,199700.0,43.25,43.31,41.88,41.75
2000-01-06,101800.0,43.82,44.19,42.75,42.44
2000-01-07,66600.0,44.38,44.44,44.0,43.38
2000-01-10,132800.0,43.63,44.88,44.25,43.5
2000-01-11,94300.0,42.75,43.63,43.56,42.63
2000-01-12,156700.0,43.38,43.5,42.75,42.5
2000-01-13,82500.0,43.5,43.88,43.38,43.19
2000-01-14,60200.0,43.25,43.63,43.25,43.19
2000-01-18,109900.0,41.94,43.13,43.06,41.88
2000-01-19,80600.0,42.5,42.75,42.0,42.0
2000-01-20,77000.0,41.13,42.38,42.38,40.94
2000-01-21,120600.0,40.5,41.63,41.13,40.38
2000-01-24,303800.0,40.25,41.31,40.75,40.25
2000-01-25,265700.0,40.0,41.0,40.25,39.69
2000-01-26,313500.0,40.63,43.38,40.0,39.88
2000-01-27,140300.0,40.56,41.63,41.0,40.31
2000-01-28,177400.0,41.06,41.81,40.75,40.69
2000-01-31,106300.0,40.25,41.13,41.13,39.38
2000-02-01,95200.0,40.38,40.63,40.13,39.5
2000-02-02,145500.0,40.25,40.38,40.13,39.25
2000-02-03,97900.0,40.31,40.44,40.06,39.56
2000-02-04,79000.0,40.0,40.63,40.0,39.94
2000-02-07,96800.0,38.19,39.88,39.5,37.75
2000-02-08,75500.0,38.63,39.31,38.44,38.44
2000-02-09,215300.0,37.94,39.63,38.63,37.94
2000-02-10,309100.0,37.88,38.44,38.0,37.06
2000-02-11,245500.0,37.0,38.25,38.0,36.63
2000-02-14,228200.0,38.25,38.38,37.25,36.88
2000-02-15,126000.0,39.81,39.88,38.25,38.13
2000-02-16,105400.0,38.75,40.0,39.56,38.19
2000-02-17,62400.0,38.44,39.63,39.19,38.38
2000-02-18,111400.0,37.63,38.94,38.5,37.31
2000-02-22,116200.0,38.81,38.88,38.0,38.0
2000-02-23,123100.0,38.31,38.69,38.63,37.56
2000-02-24,187500.0,37.69,38.44,38.31,37.69
2000-02-25,75100.0,36.94,37.88,37.63,36.94
2000-02-28,100500.0,36.69,37.63,37.0,36.69
2000-02-29,141700.0,38.0,38.0,36.75,36.0
2000-03-01,83700.0,37.44,38.0,38.0,36.81
2000-03-02,43900.0,37.06,37.81,37.38,37.06
2000-03-03,323100.0,38.44,39.63,37.0,37.0
2000-03-06,187600.0,37.69,38.25,38.19,37.44
2000-03-07,146500.0,36.81,37.56,37.5,36.81
2000-03-08,188300.0,37.63,38.44,36.75,36.75
2000-03-09,117300.0,38.5,38.5,37.63,36.69
2000-03-10,83900.0,38.94,39.63,38.38,38.38
2000-03-13,244800.0,39.44,40.0,38.5,38.5
2000-03-14,232400.0,37.88,39.63,39.44,37.69
2000-03-15,173300.0,39.81,39.88,37.88,37.81
2000-03-16,196800.0,41.94,42.0,39.94,39.94
2000-03-17,125100.0,40.94,41.94,41.94,40.63
2000-03-20,96800.0,41.06,42.69,40.94,40.94
2000-03-21,107500.0,41.69,41.69,41.38,41.0
2000-03-22,128900.0,40.19,41.81,41.56,39.75
2000-03-23,197300.0,41.0,41.94,40.38,40.38
2000-03-24,119900.0,40.06,41.06,41.06,40.06
2000-03-27,136500.0,40.13,41.38,40.06,40.0
2000-03-28,242600.0,39.06,39.75,38.0,37.63
2000-03-29,157200.0,39.88,40.13,39.0,38.94
2000-03-30,110800.0,41.0,41.5,39.5,39.5
2000-03-31,156600.0,43.0,43.38,41.38,41.38
2000-04-03,187400.0,42.75,43.75,43.0,42.38
2000-04-04,157200.0,41.63,43.81,42.81,41.06
2000-04-05,172400.0,41.06,42.94,41.63,40.88
2000-04-06,110900.0,40.5,42.5,41.31,40.38
2000-04-07,106700.0,40.88,41.19,40.88,39.88
2000-04-10,119000.0,42.13,43.19,41.25,41.25
2000-04-11,198000.0,43.0,44.0,42.94,42.88
2000-04-12,179700.0,43.0,44.5,43.0,42.75
2000-04-13,115700.0,42.56,43.38,43.19,42.25
2000-04-14,158800.0,40.5,42.63,42.63,39.75
2000-04-17,171200.0,40.5,40.88,40.44,39.06
2000-04-18,167300.0,39.63,40.88,40.5,39.25
2000-04-19,154400.0,39.31,40.56,39.63,38.81
2000-04-20,160100.0,39.19,39.19,38.88,38.38
2000-04-24,127900.0,39.0,39.44,39.19,38.56
2000-04-25,112700.0,40.75,40.81,39.31,39.25
2000-04-26,97000.0,40.25,41.75,40.69,39.88
2000-04-27,60900.0,39.38,39.81,39.75,39.0
2000-04-28,144000.0,39.44,40.06,39.63,38.81
2000-05-01,85200.0,40.06,40.25,39.25,39.19
2000-05-02,88600.0,40.19,41.0,39.88,39.75
2000-05-03,106600.0,39.5,40.06,40.06,39.13
2000-05-04,126300.0,39.63,40.31,39.5,38.75
2000-05-05,92300.0,39.5,40.69,39.63,39.31
2000-05-08,136900.0,38.88,39.38,39.0,38.63
2000-05-09,126000.0,38.69,39.25,38.88,38.19
2000-05-10,141700.0,39.69,39.94,38.94,38.94
2000-05-11,127500.0,40.19,40.25,39.63,39.13
2000-05-12,127600.0,40.31,40.5,40.19,39.5
2000-05-15,139800.0,41.81,42.38,40.38,40.38
2000-05-16,106200.0,41.13,42.44,41.63,40.69
2000-05-17,72000.0,40.63,41.5,41.0,40.56
2000-05-18,67300.0,40.25,40.94,40.63,40.06
2000-05-19,48600.0,39.81,40.75,40.13,39.75
2000-05-22,66900.0,39.38,40.25,40.0,39.0
2000-05-23,116200.0,37.81,38.75,38.75,37.75
2000-05-24,95900.0,37.88,38.63,37.94,37.5
2000-05-25,102300.0,37.13,38.19,37.75,37.13
2000-05-26,67600.0,36.94,37.44,37.0,36.75
2000-05-30,57600.0,37.75,37.94,37.19,37.19
2000-05-31,70700.0,38.13,38.25,37.75,37.75
2000-06-01,55000.0,37.56,37.75,37.63,37.25
2000-06-02,76400.0,38.44,38.5,38.0,37.81
2000-06-05,121300.0,38.31,38.88,38.5,37.94
2000-06-06,91400.0,37.5,38.94,38.38,37.5
2000-06-07,136500.0,36.31,37.69,37.5,36.19
2000-06-08,122800.0,36.38,36.69,36.31,35.88
2000-06-09,87500.0,36.06,36.88,36.63,35.63
2000-06-12,130200.0,35.25,36.06,36.06,35.19
2000-06-13,118000.0,35.5,35.5,34.5,34.5
2000-06-14,136700.0,36.0,36.75,35.81,35.81
2000-06-15,83200.0,35.5,36.31,36.06,35.0
2000-06-16,96100.0,35.09,35.81,35.25,34.69
2000-06-19,79500.0,34.94,35.44,35.06,34.63
2000-06-20,73000.0,34.38,34.88,34.81,34.13
2000-06-21,93000.0,33.75,34.88,34.5,33.63
2000-06-22,72000.0,33.69,34.44,33.81,33.44
2000-06-23,70600.0,33.56,34.31,33.94,33.19
2000-06-26,81200.0,33.31,34.31,33.63,33.13
2000-06-27,104500.0,34.38,34.69,33.19,33.19
2000-06-28,194300.0,34.53,34.63,34.44,33.44
2000-06-29,244300.0,34.94,35.5,34.5,32.94
2000-06-30,244900.0,33.14,35.06,34.94,33.0
2000-07-03,55000.0,34.5,34.56,33.5,33.5
2000-07-05,102400.0,34.13,35.75,34.25,34.13
2000-07-06,67900.0,33.81,34.19,34.19,33.38
2000-07-07,77800.0,34.19,34.69,34.0,33.31
2000-07-10,84400.0,35.25,35.69,34.19,34.19
2000-07-11,100700.0,36.88,37.06,35.0,35.0
2000-07-12,124800.0,36.5,37.25,36.63,35.94
2000-07-13,72600.0,37.0,38.0,36.25,36.25
2000-07-14,69600.0,35.94,37.63,37.25,35.56
2000-07-17,111000.0,36.31,36.5,36.13,35.56
2000-07-18,64000.0,35.63,36.06,36.06,35.13
2000-07-19,84000.0,35.0,36.0,35.38,35.0
2000-07-20,65900.0,34.88,35.13,34.44,34.38
2000-07-21,62500.0,35.56,35.88,34.75,34.75
2000-07-24,79500.0,34.81,35.94,35.81,34.81
2000-07-25,71300.0,34.19,35.06,35.0,34.13
2000-07-26,164900.0,33.63,34.19,34.19,33.56
2000-07-27,105900.0,33.81,34.5,33.38,33.31
2000-07-28,52800.0,33.38,34.44,34.06,33.31
2000-07-31,107000.0,34.38,35.5,33.38,33.38
2000-08-01,58400.0,35.06,35.5,34.44,34.44
2000-08-02,63900.0,34.75,35.5,35.31,34.38
2000-08-03,92800.0,34.81,35.13,34.63,34.5
2000-08-04,57200.0,34.75,35.0,34.94,33.81
2000-08-07,74700.0,35.25,35.75,34.5,34.5
2000-08-08,75900.0,35.75,36.06,35.0,34.88
2000-08-09,98400.0,36.38,36.88,36.0,36.0
2000-08-10,63800.0,35.19,36.63,36.63,35.19
2000-08-11,90100.0,36.38,36.75,34.88,34.88
2000-08-14,68900.0,35.44,36.44,36.44,35.31
2000-08-15,125500.0,35.19,35.44,35.38,35.06
2000-08-16,140600.0,35.19,35.38,35.31,34.88
2000-08-17,91100.0,34.63,35.0,35.0,34.63
2000-08-18,185300.0,34.63,34.75,34.63,34.31
2000-08-21,131600.0,33.69,34.75,34.63,33.44
2000-08-22,119100.0,33.0,34.44,33.56,33.0
2000-08-23,95700.0,32.69,33.38,33.13,32.56
2000-08-24,95500.0,33.56,34.13,32.69,32.63
2000-08-25,96400.0,33.69,34.13,33.44,33.44
2000-08-28,75400.0,33.31,34.06,33.88,33.06
2000-08-29,58100.0,33.19,33.63,33.56,33.19
2000-08-30,46800.0,33.25,33.63,33.19,33.13
2000-08-31,84000.0,33.63,34.0,33.25,33.25
2000-09-01,71400.0,33.5,33.88,33.88,33.13
2000-09-05,175300.0,34.0,34.13,33.5,33.38
2000-09-06,126300.0,34.0,34.38,34.0,33.88
2000-09-07,98500.0,33.0,34.0,34.0,32.69
2000-09-08,92300.0,32.5,33.38,33.0,32.25
2000-09-11,44800.0,32.56,32.94,32.63,32.13
2000-09-12,47500.0,32.56,32.88,32.44,32.0
2000-09-13,83500.0,32.63,33.0,32.56,32.5
2000-09-14,180800.0,31.75,32.88,32.63,31.63
2000-09-15,114800.0,31.44,31.69,31.63,31.38
2000-09-18,93700.0,31.5,32.19,31.13,31.06
2000-09-19,77600.0,30.56,31.88,31.63,30.56
2000-09-20,84700.0,30.75,31.25,30.56,30.56
2000-09-21,70900.0,30.56,31.25,30.5,30.5
2000-09-22,92200.0,30.69,31.25,30.63,30.31
2000-09-25,51000.0,30.13,30.88,30.75,30.13
2000-09-26,125300.0,29.75,31.06,30.0,29.75
2000-09-27,91500.0,30.44,30.63,29.94,29.94
2000-09-28,100900.0,31.81,31.81,30.44,30.44
2000-09-29,96600.0,31.63,32.25,31.81,31.63
2000-10-02,91600.0,30.69,31.69,31.69,30.25
2000-10-03,162600.0,31.31,32.25,30.75,30.44
2000-10-04,219500.0,31.81,33.13,31.44,31.44
2000-10-05,173900.0,30.88,31.88,31.88,30.81
2000-10-06,129500.0,31.0,32.44,30.94,30.94
2000-10-09,141500.0,30.88,32.13,30.75,30.75
2000-10-10,103500.0,30.31,31.88,31.0,30.19
2000-10-11,116100.0,31.38,31.81,30.44,30.44
2000-10-12,106100.0,30.25,31.38,31.38,29.88
2000-10-13,171400.0,30.38,30.38,30.13,29.81
2000-10-16,177300.0,30.0,31.63,29.63,29.5
2000-10-17,100000.0,28.94,30.44,30.06,28.69
2000-10-18,169300.0,30.56,30.63,28.75,28.56
2000-10-19,119800.0,31.19,31.25,30.63,30.31
2000-10-20,162800.0,29.81,31.19,31.19,29.31
2000-10-23,106600.0,29.5,30.0,29.94,29.38
2000-10-24,168900.0,31.44,31.5,29.69,29.69
2000-10-25,187800.0,31.13,31.69,31.69,30.69
2000-10-26,108600.0,31.56,32.31,31.13,31.13
2000-10-27,115000.0,31.38,31.63,31.63,30.44
2000-10-30,193000.0,33.81,33.88,31.69,31.69
2000-10-31,198000.0,33.5,33.88,33.88,32.81
2000-11-01,149100.0,32.69,33.75,33.44,32.44
2000-11-02,134300.0,32.56,32.75,32.56,31.88
2000-11-03,98600.0,33.38,33.5,32.63,31.81
2000-11-06,69900.0,33.38,33.75,33.63,32.94
2000-11-07,57700.0,33.5,33.75,33.06,33.06
2000-11-08,117800.0,33.31,34.13,33.56,32.81
2000-11-09,115900.0,32.75,33.69,33.19,31.88
2000-11-10,111300.0,31.63,32.81,32.81,31.56
2000-11-13,163800.0,32.5,33.5,32.0,32.0
2000-11-14,100300.0,32.25,32.88,32.69,32.19
2000-11-15,244300.0,32.94,33.75,31.56,31.56
2000-11-16,85800.0,31.69,32.88,32.81,31.44
2000-11-17,108600.0,31.44,32.75,32.0,31.25
2000-11-20,79500.0,31.5,31.69,31.69,30.88
2000-11-21,111800.0,31.25,32.0,31.63,31.19
2000-11-22,81200.0,31.38,31.94,31.5,31.13
2000-11-24,22600.0,31.5,31.5,31.38,31.38
2000-11-27,95000.0,31.38,31.88,31.5,31.0
2000-11-28,192900.0,31.69,32.63,31.44,31.0
2000-11-29,161200.0,32.06,32.19,31.69,31.56
2000-11-30,157900.0,31.31,32.38,32.0,30.81
2000-12-01,191300.0,32.19,32.44,31.56,31.56
2000-12-04,337400.0,33.63,33.88,32.31,32.19
2000-12-05,192500.0,33.69,34.19,33.75,32.81
2000-12-06,139300.0,32.94,33.94,33.5,32.88
2000-12-07,121500.0,32.06,33.25,32.94,31.63
2000-12-08,110000.0,32.19,32.44,31.88,31.88
2000-12-11,129400.0,32.06,32.44,32.44,31.5
2000-12-12,97000.0,31.69,32.81,32.0,31.69
2000-12-13,149700.0,31.19,32.0,31.56,30.69
2000-12-14,48700.0,31.06,31.5,31.38,30.63
2000-12-15,137400.0,30.69,31.13,30.81,30.5
2000-12-18,93400.0,30.94,31.25,30.5,30.19
2000-12-19,103700.0,31.69,32.06,31.06,30.69
2000-12-20,94400.0,31.06,31.63,31.63,30.88
2000-12-21,203200.0,32.31,32.69,30.5,30.5
2000-12-22,169000.0,33.81,34.0,32.44,31.69
2000-12-26,85700.0,33.94,34.06,33.81,32.75
2000-12-27,136600.0,33.75,33.88,33.88,32.5
2000-12-28,251800.0,34.19,34.25,34.0,32.75
2000-12-29,161700.0,33.56,34.38,34.38,33.5
2001-01-02,158100.0,32.75,33.81,33.31,32.69
2001-01-03,261700.0,34.06,34.44,33.0,33.0
2001-01-04,153500.0,34.69,34.88,34.31,33.5
2001-01-05,129400.0,33.75,34.81,34.69,32.88
2001-01-08,139100.0,33.5,34.44,33.75,33.19
2001-01-09,94400.0,32.38,33.38,33.31,32.31
2001-01-10,181100.0,32.56,32.63,32.0,31.5
2001-01-11,129700.0,32.31,32.63,32.63,31.69
2001-01-12,131300.0,31.69,32.38,32.38,31.56
2001-01-16,257100.0,32.75,32.75,31.5,31.31
2001-01-17,120700.0,32.06,33.06,33.0,31.81
2001-01-18,84400.0,31.75,32.38,32.19,31.38
2001-01-19,102000.0,31.75,31.75,31.75,31.75
2001-01-22,139000.0,31.88,32.31,31.38,30.81
2001-01-23,140600.0,32.44,32.69,32.0,32.0
2001-01-24,100400.0,32.0,32.69,32.19,31.88
2001-01-25,134200.0,32.44,32.69,31.75,31.75
2001-01-26,108100.0,31.75,32.25,32.25,31.25
2001-01-29,105100.0,32.08,32.2,31.85,31.65
2001-01-30,174600.0,32.66,32.7,32.18,31.68
2001-01-31,160100.0,32.65,33.25,32.91,32.2
2001-02-01,227500.0,32.91,33.42,32.8,32.0
2001-02-02,134400.0,32.3,33.15,33.15,32.0
2001-02-05,157000.0,32.59,32.9,32.55,32.34
2001-02-06,74400.0,32.7,32.9,32.69,32.35
2001-02-07,101000.0,31.78,32.36,32.32,31.5
2001-02-08,111300.0,31.33,32.21,31.81,31.0
2001-02-09,57600.0,31.06,31.45,31.26,31.02
2001-02-12,91700.0,31.31,31.54,31.12,30.5
2001-02-13,95400.0,31.61,31.99,31.37,31.15
2001-02-14,288500.0,31.19,31.81,31.61,30.65
2001-02-15,148900.0,31.78,31.92,31.1,31.0
2001-02-16,97100.0,31.35,31.66,31.53,31.19
2001-02-20,102100.0,31.21,31.79,31.25,31.15
2001-02-21,217800.0,31.4,31.52,31.21,31.11
2001-02-22,122200.0,31.5,31.86,31.41,31.3
2001-02-23,297300.0,31.56,31.75,31.5,31.4
2001-02-26,177800.0,32.38,32.48,31.7,31.69
2001-02-27,90200.0,32.2,32.49,32.4,31.9
2001-02-28,139200.0,32.1,32.45,32.4,31.9
2001-03-01,144800.0,32.11,32.47,32.09,31.9
2001-03-02,138400.0,33.03,33.2,32.2,32.15
2001-03-05,183700.0,33.55,33.7,33.03,33.03
2001-03-06,100500.0,33.28,33.7,33.7,32.5
2001-03-07,132500.0,34.25,34.25,33.31,33.31
2001-03-08,125300.0,33.85,34.05,34.0,33.0
2001-03-09,127700.0,33.55,34.15,34.0,33.4
2001-03-12,96200.0,32.34,33.55,33.55,32.33
2001-03-13,163400.0,31.71,32.33,32.33,31.25
2001-03-14,449700.0,31.3,31.55,31.55,31.05
2001-03-15,272800.0,31.37,31.6,31.3,30.55
2001-03-16,171800.0,31.35,31.9,31.35,31.3
2001-03-19,108300.0,31.67,32.05,31.55,31.41
2001-03-20,278000.0,31.91,32.61,30.75,30.61
2001-03-21,118600.0,31.05,31.77,31.77,30.9
2001-03-22,151700.0,30.36,30.96,30.95,29.7
2001-03-23,168000.0,30.65,31.0,30.4,29.26
2001-03-26,129600.0,31.29,31.46,30.65,30.3
2001-03-27,107200.0,31.95,32.0,31.2,30.97
2001-03-28,102000.0,31.7,31.85,31.85,30.7
2001-03-29,206100.0,31.38,31.8,31.3,30.65
2001-03-30,133900.0,31.95,32.3,31.5,31.4
2001-04-02,243000.0,31.71,32.62,32.25,31.21
2001-04-03,117500.0,31.03,31.3,31.3,30.6
2001-04-04,149800.0,31.54,32.05,30.85,30.85
2001-04-05,85100.0,32.1,32.14,31.54,31.54
2001-04-06,164200.0,31.25,31.98,31.98,31.05
2001-04-09,129000.0,31.77,32.25,31.3,31.29
2001-04-10,186600.0,33.52,33.75,32.0,32.0
2001-04-11,117200.0,32.71,33.6,33.6,32.35
2001-04-12,106100.0,33.09,33.2,32.55,32.03
2001-04-16,51900.0,33.35,33.65,33.05,32.95
2001-04-17,63400.0,33.16,33.35,33.35,32.4
2001-04-18,141900.0,34.4,34.54,33.05,32.55
2001-04-19,141100.0,34.06,34.1,34.03,33.45
2001-04-20,156900.0,33.4,34.0,33.7,33.1
2001-04-23,80600.0,33.49,33.88,33.4,33.4
2001-04-24,106200.0,33.14,33.9,33.65,32.95
2001-04-25,119700.0,33.6,33.65,33.0,32.5
2001-04-26,97900.0,34.01,34.4,33.5,33.2
2001-04-27,79500.0,34.44,34.44,33.8,33.8
2001-04-30,138400.0,35.05,35.2,34.43,34.4
2001-05-01,146700.0,35.06,35.08,34.9,34.0
2001-05-02,146100.0,34.86,35.0,35.0,33.99
2001-05-03,91700.0,34.45,34.87,34.87,33.56
2001-05-04,103800.0,35.08,35.08,34.35,33.78
2001-05-07,133100.0,34.21,35.01,34.54,34.0
2001-05-08,115000.0,34.22,34.48,34.1,34.08
2001-05-09,142000.0,34.33,34.89,34.0,34.0
2001-05-10,88100.0,34.5,34.64,34.3,34.27
2001-05-11,80000.0,33.94,34.78,34.5,33.65
2001-05-14,90600.0,34.35,34.35,33.8,33.46
2001-05-15,62400.0,34.59,34.74,34.45,34.22
2001-05-16,226000.0,35.89,35.9,34.5,34.15
2001-05-17,182900.0,35.97,36.06,35.71,35.7
2001-05-18,152600.0,35.83,36.12,35.65,35.2
2001-05-21,137600.0,35.75,36.25,35.65,35.0
2001-05-22,87200.0,35.19,35.7,35.7,35.06
2001-05-23,108300.0,35.19,35.45,35.19,35.0
2001-05-24,133100.0,34.51,35.0,35.0,34.16
2001-05-25,59200.0,34.22,34.61,34.5,34.14
2001-05-29,93300.0,34.45,34.9,34.3,34.28
2001-05-30,76100.0,34.06,34.65,34.45,33.91
2001-05-31,77500.0,34.38,34.75,34.06,34.06
2001-06-01,137400.0,34.76,34.88,34.38,34.04
2001-06-04,138200.0,35.14,35.14,34.75,34.53
2001-06-05,246100.0,36.13,36.41,35.05,34.9
2001-06-06,150200.0,36.08,36.51,36.13,36.0
2001-06-07,80600.0,36.22,36.5,36.05,36.01
2001-06-08,100300.0,36.14,36.44,36.4,35.7
2001-06-11,63900.0,35.34,36.0,36.0,35.3
2001-06-12,73100.0,35.18,35.49,35.4,34.91
2001-06-13,59600.0,35.5,35.8,35.25,35.16
2001-06-14,82600.0,35.09,35.4,35.4,34.83
2001-06-15,138000.0,35.0,35.25,35.0,34.83
2001-06-18,66700.0,34.82,35.24,35.0,34.7
2001-06-19,105800.0,34.57,35.0,34.9,34.1
2001-06-20,123700.0,34.8,35.4,34.65,34.0
2001-06-21,82500.0,34.67,34.85,34.75,34.45
2001-06-22,41200.0,34.77,34.99,34.77,34.5
2001-06-25,105100.0,34.25,34.75,34.7,34.0
2001-06-26,114400.0,34.52,34.99,34.26,33.8
2001-06-27,68300.0,35.06,35.3,34.6,34.6
2001-06-28,332000.0,33.72,34.46,34.45,33.56
2001-06-29,344000.0,34.41,34.5,33.72,33.35
2001-07-02,237900.0,33.98,34.35,34.3,33.71
2001-07-03,199400.0,33.1,33.75,33.75,32.8
2001-07-05,229000.0,32.93,33.01,32.85,32.59
2001-07-06,2257800.0,31.0,33.0,32.83,30.2
2001-07-09,487200.0,31.82,31.95,31.1,31.0
2001-07-10,288700.0,31.8,32.0,31.75,31.6
2001-07-11,232400.0,32.33,32.47,31.79,31.7
2001-07-12,207300.0,33.16,33.17,32.5,32.04
2001-07-13,121300.0,32.83,33.33,33.16,32.65
2001-07-16,90300.0,32.47,33.1,32.9,32.43
2001-07-17,83300.0,33.06,33.06,32.67,32.5
2001-07-18,83000.0,33.19,33.48,33.06,32.91
2001-07-19,54300.0,33.13,33.6,33.5,33.12
2001-07-20,108800.0,33.2,33.5,33.0,32.88
2001-07-23,121100.0,33.45,33.6,33.1,33.1
2001-07-24,94900.0,32.39,33.2,33.0,32.2
2001-07-25,87100.0,33.1,33.38,32.3,32.2
2001-07-26,52000.0,33.25,33.4,33.0,32.65
2001-07-27,48800.0,33.17,33.49,33.24,33.09
2001-07-30,113700.0,33.6,33.99,33.1,33.0
2001-07-31,193900.0,33.92,34.95,33.59,33.42
2001-08-01,114600.0,34.14,34.34,34.05,33.85
2001-08-02,126800.0,34.2,34.3,34.3,34.14
2001-08-03,105200.0,34.12,34.74,34.15,34.0
2001-08-06,42700.0,34.12,34.42,34.0,33.9
2001-08-07,127400.0,33.74,33.88,33.87,33.71
2001-08-08,75800.0,33.55,34.15,33.74,33.5
2001-08-09,89000.0,33.55,33.65,33.55,33.25
2001-08-10,83400.0,34.09,34.4,33.55,33.19
2001-08-13,117800.0,33.7,34.0,34.0,33.3
2001-08-14,126500.0,34.34,34.46,33.95,33.91
2001-08-15,202500.0,34.28,34.45,34.4,34.01
2001-08-16,184200.0,34.15,34.28,34.28,33.79
2001-08-17,156400.0,33.23,34.05,34.05,33.14
2001-08-20,61800.0,33.23,33.23,33.23,33.23
2001-08-21,70600.0,33.53,34.4,33.95,33.53
2001-08-22,103900.0,33.19,33.55,33.5,32.85
2001-08-23,221900.0,32.65,33.2,33.1,32.6
2001-08-24,226000.0,32.45,32.55,32.4,32.32
2001-08-27,153900.0,33.1,33.48,32.45,32.41
2001-08-28,97100.0,32.7,33.35,33.15,32.68
2001-08-29,135700.0,32.8,33.3,32.95,32.7
2001-08-30,101900.0,32.71,33.2,33.2,32.58
2001-08-31,86800.0,33.0,33.15,32.75,32.69
2001-09-04,188500.0,32.95,33.75,33.0,32.95
2001-09-05,87800.0,32.74,33.45,33.0,32.6
2001-09-06,54000.0,32.65,33.0,32.65,32.5
2001-09-07,130300.0,31.1,32.6,32.6,31.04
2001-09-10,81000.0,30.31,31.29,30.9,30.3
2001-09-17,230900.0,28.25,30.0,30.0,28.2
2001-09-18,172300.0,28.5,29.3,28.25,28.2
2001-09-19,133000.0,28.44,29.1,29.1,28.3
2001-09-20,171100.0,27.5,28.53,28.53,27.49
2001-09-21,186000.0,27.0,27.35,27.35,26.9
2001-09-24,158400.0,27.9,28.5,28.5,27.3
2001-09-25,62700.0,27.9,27.9,27.9,27.9
2001-09-26,93600.0,27.02,27.99,27.99,27.0
2001-09-27,215100.0,26.55,27.3,27.1,26.15
2001-09-28,230500.0,26.99,27.08,26.6,26.58
2001-10-01,291600.0,25.65,26.99,26.99,24.85
2001-10-02,224200.0,26.03,26.04,25.65,25.48
2001-10-03,289300.0,26.0,26.25,26.25,25.47
2001-10-04,123300.0,25.85,26.05,26.05,25.5
2001-10-05,117900.0,25.83,26.39,26.39,25.35
2001-10-08,129300.0,25.0,25.9,25.9,24.8
2001-10-09,113000.0,24.9,25.15,25.15,24.5
2001-10-10,218400.0,25.9,25.9,25.0,24.9
2001-10-11,315200.0,26.04,26.38,25.8,25.8
2001-10-12,280100.0,26.04,26.1,26.0,25.63
2001-10-15,138700.0,25.94,26.04,25.9,25.5
2001-10-16,183000.0,26.05,26.05,26.0,25.75
2001-10-17,645900.0,25.88,26.13,26.05,25.75
2001-10-18,194400.0,25.65,26.0,25.7,25.34
2001-10-19,98600.0,25.6,25.85,25.6,25.27
2001-10-22,77100.0,25.74,26.0,25.45,25.25
2001-10-23,110800.0,25.89,26.0,25.9,25.74
2001-10-24,74500.0,25.53,25.95,25.95,25.41
2001-10-25,1107700.0,25.99,26.0,25.4,25.0
2001-10-26,98600.0,26.2,26.39,25.99,25.83
2001-10-29,72400.0,25.81,26.41,26.15,25.63
2001-10-30,79000.0,25.55,25.75,25.75,25.23
2001-10-31,87600.0,25.05,25.75,25.75,25.05
2001-11-01,77200.0,25.7,25.75,25.25,24.82
2001-11-02,139100.0,26.37,26.73,25.7,25.7
2001-11-05,74900.0,26.08,26.25,26.24,25.75
2001-11-06,67900.0,26.0,26.0,25.98,25.58
2001-11-07,58800.0,25.91,26.45,26.45,25.85
2001-11-08,84300.0,26.03,26.5,25.7,25.65
2001-11-09,59700.0,25.65,26.0,26.0,25.5
2001-11-12,38300.0,25.33,25.78,25.65,25.25
2001-11-13,90700.0,26.15,26.5,25.5,25.5
2001-11-14,95600.0,26.87,26.93,26.35,26.2
2001-11-15,89500.0,27.25,27.45,26.75,26.71
2001-11-16,61000.0,27.26,27.57,27.35,27.08
2001-11-19,67800.0,27.55,27.97,27.2,27.1
2001-11-20,101000.0,27.25,27.46,27.4,27.0
2001-11-21,57500.0,27.2,27.36,27.36,27.05
2001-11-23,29300.0,27.73,27.74,27.74,27.01
2001-11-26,77600.0,27.81,27.9,27.75,27.38
2001-11-27,55400.0,27.71,27.84,27.75,27.15
2001-11-28,56400.0,27.6,27.8,27.8,27.11
2001-11-29,102600.0,27.73,27.85,27.85,27.45
2001-11-30,197900.0,27.86,28.23,27.75,27.62
2001-12-03,146300.0,28.0,28.21,28.21,27.65
2001-12-04,142600.0,28.26,28.26,27.9,27.75
2001-12-05,119600.0,28.65,28.8,28.2,28.1
2001-12-06,93600.0,28.68,29.11,29.11,28.31
2001-12-07,177800.0,28.6,28.94,28.94,28.21
2001-12-10,59800.0,27.75,28.55,28.55,27.65
2001-12-11,319800.0,29.0,29.0,28.0,28.0
2001-12-12,127000.0,29.41,29.45,29.0,28.85
2001-12-13,152800.0,29.06,29.73,29.35,29.06
2001-12-14,87100.0,29.27,29.31,29.07,29.06
2001-12-17,47400.0,29.55,29.76,29.27,29.2
2001-12-18,80700.0,29.74,29.93,29.65,29.11
2001-12-19,160600.0,29.06,29.65,29.65,28.98
2001-12-20,51900.0,28.82,29.06,29.06,28.7
2001-12-21,183000.0,28.91,29.06,28.8,28.29
2001-12-24,46500.0,29.01,29.2,28.4,28.4
2001-12-26,57500.0,29.06,29.25,29.0,28.8
2001-12-27,122700.0,29.05,29.36,29.0,28.95
2001-12-28,79900.0,29.8,29.9,29.15,29.05
2001-12-31,79500.0,29.32,29.94,29.55,29.21
2002-01-02,77100.0,29.03,29.45,29.32,28.92
2002-01-03,101000.0,29.29,29.5,29.5,29.03
2002-01-04,155900.0,30.05,30.5,30.5,29.33
2002-01-07,108700.0,29.86,30.15,30.05,29.84
2002-01-08,76200.0,29.55,29.8,29.8,29.46
2002-01-09,95900.0,29.88,30.24,29.55,29.55
2002-01-10,108000.0,29.64,30.0,30.0,29.5
2002-01-11,79800.0,29.54,29.69,29.65,29.3
2002-01-14,80400.0,28.68,29.5,29.5,28.54
2002-01-15,69600.0,28.89,29.02,28.75,28.51
2002-01-16,58100.0,28.16,28.92,28.89,28.16
2002-01-17,66700.0,28.69,28.69,28.2,28.11
2002-01-18,65700.0,27.9,28.59,28.59,27.85
2002-01-22,103000.0,27.85,28.26,28.0,27.84
2002-01-23,68600.0,28.3,28.35,28.35,27.69
2002-01-24,92900.0,28.22,28.53,28.25,28.14
2002-01-25,77600.0,28.92,28.93,28.05,28.0
2002-01-28,89400.0,28.86,28.98,28.98,28.6
2002-01-29,120500.0,28.4,28.87,28.87,28.0
2002-01-30,125300.0,28.95,29.05,28.4,28.34
2002-01-31,114900.0,29.03,29.35,28.95,28.85
2002-02-01,142500.0,29.51,29.7,29.7,29.0
2002-02-04,98300.0,28.81,29.95,29.51,28.77
2002-02-05,81800.0,29.11,29.19,28.8,28.8
2002-02-06,94700.0,28.97,29.21,28.97,28.69
2002-02-07,56400.0,29.2,29.6,29.05,28.97
2002-02-08,67100.0,29.57,29.71,29.21,29.0
2002-02-11,74200.0,29.89,30.11,29.5,29.45
2002-02-12,56100.0,29.51,29.95,29.95,29.27
2002-02-13,69600.0,29.5,29.95,29.45,29.4
2002-02-14,58900.0,29.0,29.55,29.5,29.0
2002-02-15,159500.0,29.03,29.43,29.43,28.95
2002-02-19,149800.0,28.57,29.25,29.0,28.41
2002-02-20,96600.0,29.06,29.12,29.12,28.5
2002-02-21,127500.0,28.56,29.57,28.7,28.2
2002-02-22,150800.0,29.01,29.46,28.56,28.56
2002-02-25,72600.0,29.34,29.7,29.1,29.09
2002-02-26,62400.0,29.6,29.93,29.3,29.2
2002-02-27,53400.0,29.7,29.98,29.64,29.45
2002-02-28,65400.0,29.61,29.85,29.6,29.25
2002-03-01,49300.0,29.9,30.0,29.71,29.57
2002-03-04,113800.0,30.89,31.0,30.3,30.1
2002-03-05,242300.0,30.9,31.09,30.75,30.7
2002-03-06,110100.0,31.26,31.45,30.65,30.65
2002-03-07,113100.0,31.65,31.72,31.46,31.25
2002-03-08,196600.0,31.88,32.1,32.1,31.81
2002-03-11,112500.0,32.13,32.29,31.85,31.79
2002-03-12,216600.0,32.31,32.39,32.39,32.13
2002-03-13,334200.0,32.53,32.61,32.35,32.35
2002-03-14,131300.0,33.03,33.25,33.25,32.51
2002-03-15,172500.0,33.0,33.16,33.13,32.5
2002-03-18,333300.0,33.75,33.83,32.8,32.8
2002-03-19,213600.0,34.44,34.66,33.6,33.5
2002-03-20,162400.0,33.65,34.34,34.34,33.55
2002-03-21,329900.0,33.55,33.64,33.64,33.07
2002-03-22,114900.0,33.07,33.39,33.39,32.95
2002-03-25,145300.0,32.82,33.1,33.0,32.71
2002-03-26,156000.0,33.35,33.64,32.81,32.71
2002-03-27,225500.0,33.7,33.75,33.75,33.3
2002-03-28,144800.0,33.69,33.78,33.77,33.65
2002-04-01,102000.0,33.33,33.65,33.65,32.9
2002-04-02,151500.0,33.41,33.64,33.33,33.14
2002-04-03,305200.0,33.75,34.0,33.41,33.36
2002-04-04,217200.0,34.02,34.15,33.75,33.55
2002-04-05,153900.0,34.63,34.98,34.01,34.0
2002-04-08,74200.0,34.43,34.65,34.65,34.19
2002-04-09,65200.0,34.69,34.84,34.33,34.12
2002-04-10,112500.0,35.45,35.45,34.79,34.65
2002-04-11,190900.0,35.5,35.75,35.5,35.2
2002-04-12,94800.0,35.59,35.7,35.7,35.0
2002-04-15,148800.0,35.32,35.56,35.42,34.95
2002-04-16,152400.0,36.13,36.14,35.1,35.0
2002-04-17,197700.0,35.72,36.3,36.0,35.47
2002-04-18,119000.0,35.5,35.95,35.35,35.35
2002-04-19,234500.0,35.99,36.45,35.5,35.4
2002-04-22,161100.0,34.95,36.01,35.99,34.88
2002-04-23,221700.0,34.84,35.2,34.95,34.84
2002-04-24,122700.0,34.04,35.69,34.95,33.85
2002-04-25,135700.0,34.31,34.4,34.05,33.9
2002-04-26,106500.0,34.23,34.5,34.35,33.9
2002-04-29,78100.0,34.13,34.25,34.15,33.93
2002-04-30,233200.0,34.52,34.77,34.13,34.0
2002-05-01,203900.0,34.11,34.6,34.55,33.95
2002-05-02,249100.0,35.2,35.46,34.2,34.15
2002-05-03,111600.0,35.6,35.68,35.2,35.0
2002-05-06,170100.0,35.04,36.3,35.8,34.9
2002-05-07,201100.0,35.0,35.44,35.05,34.56
2002-05-08,106200.0,34.9,35.47,35.2,34.9
2002-05-09,114600.0,34.81,35.45,34.9,34.8
2002-05-10,65100.0,34.54,35.0,35.0,34.4
2002-05-13,79100.0,34.87,34.95,34.54,34.33
2002-05-14,229800.0,35.49,35.62,35.05,34.9
2002-05-15,104200.0,35.57,36.06,35.5,35.37
2002-05-16,56700.0,34.87,35.62,35.6,34.79
2002-05-17,186400.0,34.8,35.21,35.0,34.4
2002-05-20,158600.0,34.71,35.2,34.8,34.6
2002-05-21,84600.0,34.55,35.25,34.96,34.49
2002-05-22,71200.0,34.49,34.7,34.65,34.32
2002-05-23,120000.0,34.99,35.25,34.48,34.45
2002-05-24,85900.0,34.53,35.34,35.02,34.53
2002-05-28,128900.0,34.1,34.65,34.65,34.0
2002-05-29,161800.0,33.9,34.31,34.1,33.8
2002-05-30,143800.0,33.79,34.14,33.8,33.5
2002-05-31,120800.0,34.25,34.42,34.0,33.9
2002-06-03,155000.0,33.55,34.25,34.25,33.4
2002-06-04,158600.0,33.69,33.89,33.55,33.3
2002-06-05,102800.0,33.88,34.0,33.7,33.55
2002-06-06,90300.0,33.25,33.88,33.88,33.08
2002-06-07,111100.0,33.13,33.25,33.25,32.86
2002-06-10,70200.0,33.81,33.84,33.23,33.14
2002-06-11,75500.0,32.97,34.01,33.71,32.7
2002-06-12,92400.0,33.41,33.55,33.0,32.73
2002-06-13,84700.0,32.4,33.41,33.41,32.4
2002-06-14,103100.0,32.32,32.74,32.4,31.5
2002-06-17,88500.0,32.9,33.0,32.5,32.3
2002-06-18,112200.0,32.79,32.95,32.81,32.54
2002-06-19,130300.0,32.59,33.58,32.75,32.53
2002-06-20,95400.0,32.9,33.62,32.7,32.69
2002-06-21,198400.0,33.37,34.2,34.2,33.13
2002-06-24,106500.0,33.62,33.73,33.37,33.05
2002-06-25,103900.0,33.69,34.07,33.65,33.5
2002-06-26,148800.0,33.67,33.9,33.55,32.88
2002-06-27,124800.0,33.46,33.83,33.72,33.25
2002-06-28,274600.0,34.02,34.48,33.48,33.48
2002-07-01,89000.0,33.69,34.35,34.05,33.5
2002-07-02,78100.0,32.82,33.82,33.55,32.75
2002-07-03,196000.0,32.26,33.2,32.82,31.9
2002-07-05,197700.0,32.68,33.0,32.26,32.26
2002-07-08,174300.0,32.24,32.89,32.23,32.23
2002-07-09,72000.0,31.86,32.6,32.25,31.75
2002-07-10,93800.0,31.43,32.11,31.9,31.38
2002-07-11,155900.0,31.4,31.55,31.55,30.9
2002-07-12,85000.0,31.06,31.85,31.6,31.05
2002-07-15,126800.0,30.89,31.04,31.04,29.81
2002-07-16,73300.0,30.11,30.8,30.8,30.05
2002-07-17,112900.0,30.94,31.06,30.3,30.3
2002-07-18,185400.0,31.26,32.45,31.15,30.98
2002-07-19,132300.0,29.87,31.22,31.22,29.68
2002-07-22,310600.0,29.3,30.6,30.5,29.26
2002-07-23,201600.0,28.45,29.73,29.55,28.21
2002-07-24,177300.0,29.84,29.84,28.44,28.0
2002-07-25,159100.0,29.9,30.7,29.85,28.99
2002-07-26,109200.0,30.09,30.24,29.81,29.62
2002-07-29,233000.0,32.95,33.0,30.25,30.21
2002-07-30,182500.0,31.82,32.76,32.75,31.1
2002-07-31,147500.0,31.87,32.15,31.7,31.13
2002-08-01,171100.0,31.82,32.5,31.9,31.6
2002-08-02,205300.0,30.63,31.92,31.92,30.42
2002-08-05,111700.0,29.93,31.01,30.65,29.93
2002-08-06,154800.0,31.01,31.61,30.35,30.35
2002-08-07,55600.0,31.32,31.35,31.35,30.35
2002-08-08,75800.0,31.97,32.04,31.25,30.97
2002-08-09,87200.0,31.77,32.0,31.98,31.39
2002-08-12,87100.0,31.45,31.65,31.57,30.7
2002-08-13,134100.0,31.11,31.45,31.45,30.85
2002-08-14,181200.0,31.05,31.11,31.11,29.6
2002-08-15,98600.0,31.33,31.53,31.15,30.88
2002-08-16,122400.0,30.85,31.09,30.85,30.08
2002-08-19,91800.0,31.7,31.8,30.85,30.85
2002-08-20,111000.0,31.46,31.82,31.7,31.15
2002-08-21,126800.0,31.96,32.14,31.56,31.11
2002-08-22,117600.0,32.27,32.4,32.0,31.84
2002-08-23,86700.0,31.51,32.27,32.27,31.51
2002-08-26,122000.0,32.25,32.25,31.53,31.53
2002-08-27,112400.0,32.06,32.58,32.4,31.92
2002-08-28,100000.0,31.35,32.04,32.04,31.17
2002-08-29,93500.0,31.29,31.77,31.35,31.11
2002-08-30,248100.0,31.02,31.63,31.29,31.02
2002-09-03,120000.0,30.59,31.02,31.02,30.25
2002-09-04,103900.0,31.0,31.0,30.58,30.33
2002-09-05,88000.0,29.94,30.81,30.7,29.94
2002-09-06,87300.0,30.71,30.84,30.11,30.02
2002-09-09,141800.0,31.0,31.11,30.71,30.04
2002-09-10,115800.0,30.98,31.05,30.9,30.4
2002-09-11,42500.0,30.87,31.0,31.0,30.8
2002-09-12,46600.0,30.32,30.8,30.8,30.28
2002-09-13,55000.0,30.17,30.32,30.2,29.71
2002-09-16,57200.0,29.98,30.25,30.06,29.89
2002-09-17,90000.0,29.45,30.34,30.34,29.45
2002-09-18,113500.0,29.07,29.47,29.32,29.0
2002-09-19,141000.0,28.35,29.06,28.92,28.35
2002-09-20,280800.0,29.99,30.05,28.6,28.59
2002-09-23,191100.0,29.26,30.6,29.9,29.23
2002-09-24,247200.0,28.7,29.04,28.85,28.24
2002-09-25,208000.0,30.1,30.37,28.9,28.9
2002-09-26,153400.0,30.47,30.8,30.11,29.89
2002-09-27,171600.0,28.97,30.55,29.96,28.97
2002-09-30,227700.0,28.68,28.85,28.85,28.09
2002-10-01,116100.0,29.88,29.88,28.68,28.25
2002-10-02,109200.0,28.96,29.83,29.7,28.95
2002-10-03,133500.0,28.24,29.7,28.96,28.15
2002-10-04,178100.0,27.37,28.45,28.15,27.2
2002-10-07,436100.0,24.8,26.97,26.97,24.62
2002-10-08,341900.0,26.0,26.3,24.8,24.7
2002-10-09,177900.0,24.44,25.8,25.8,24.44
2002-10-10,257200.0,26.08,26.23,24.3,23.94
2002-10-11,191200.0,27.11,27.54,26.6,26.5
2002-10-14,92300.0,27.25,27.51,27.11,26.81
2002-10-15,126100.0,28.88,28.88,27.5,27.5
2002-10-16,105200.0,27.69,28.85,28.63,27.62
2002-10-17,101400.0,28.56,28.61,27.94,27.94
2002-10-18,161200.0,28.04,28.45,27.93,27.38
2002-10-21,345800.0,28.0,28.14,28.0,27.7
2002-10-22,137000.0,27.64,28.05,28.01,27.43
2002-10-23,159100.0,28.25,28.25,27.65,27.56
2002-10-24,153200.0,27.17,28.25,28.25,27.16
2002-10-25,193100.0,27.3,27.71,27.25,27.0
2002-10-28,144600.0,27.05,27.5,27.5,26.9
2002-10-29,216100.0,26.7,27.05,27.05,26.16
2002-10-30,193700.0,26.38,26.9,26.7,26.3
2002-10-31,210600.0,26.14,26.5,26.45,26.03
2002-11-01,205700.0,26.14,26.26,26.15,25.87
2002-11-04,236100.0,26.08,26.6,26.24,26.08
2002-11-05,214100.0,25.61,26.15,26.08,25.45
2002-11-06,270900.0,25.7,25.9,25.65,25.5
2002-11-07,451700.0,25.0,25.53,25.45,25.0
2002-11-08,233800.0,24.45,25.0,25.0,24.04
2002-11-11,217500.0,23.95,24.45,24.45,23.75
2002-11-12,163500.0,24.59,25.1,23.95,23.8
2002-11-13,193700.0,24.51,25.0,24.34,23.84
2002-11-14,194300.0,25.2,25.54,24.6,24.6
2002-11-15,165200.0,25.3,25.49,25.21,25.0
2002-11-18,180500.0,25.29,25.85,25.55,25.2
2002-11-19,150900.0,25.17,25.6,25.0,25.0
2002-11-20,217700.0,25.05,25.26,25.1,24.9
2002-11-21,132200.0,26.44,26.64,25.13,25.1
2002-11-22,115500.0,26.08,26.75,26.34,25.86
2002-11-25,90900.0,26.28,26.5,25.98,25.72
2002-11-26,129100.0,25.87,26.3,26.15,25.56
2002-11-27,122700.0,26.85,26.92,26.0,26.0
2002-11-29,49200.0,26.95,27.21,26.91,26.71
2002-12-02,209200.0,25.32,27.15,27.15,25.31
2002-12-03,173500.0,25.42,25.72,25.25,24.81
2002-12-04,110600.0,25.53,25.78,25.35,24.85
2002-12-05,88200.0,24.88,25.54,25.54,24.87
2002-12-06,92300.0,24.94,25.0,24.7,24.53
2002-12-09,139300.0,24.02,24.95,24.95,24.01
2002-12-10,107300.0,24.83,24.88,24.05,24.05
2002-12-11,96300.0,25.04,25.16,24.84,24.7
2002-12-12,94100.0,25.13,25.47,25.04,24.8
2002-12-13,84500.0,24.67,25.15,25.1,24.66
2002-12-16,83900.0,24.82,25.0,24.67,24.67
2002-12-17,57600.0,24.7,25.12,24.9,24.66
2002-12-18,73300.0,24.65,24.8,24.6,24.5
2002-12-19,101400.0,24.84,24.85,24.5,24.47
2002-12-20,126200.0,24.96,25.22,25.0,24.69
2002-12-23,86200.0,24.45,25.07,25.07,24.3
2002-12-24,41200.0,24.56,24.81,24.4,24.4
2002-12-26,102600.0,24.98,25.02,24.56,24.5
2002-12-27,122800.0,24.95,25.1,25.0,24.7
2002-12-30,141900.0,24.43,24.96,24.96,24.18
2002-12-31,277100.0,23.88,24.6,24.44,23.86
2003-01-02,196100.0,25.0,25.0,24.13,24.0
2003-01-03,91000.0,24.87,24.99,24.99,24.7
2003-01-06,209700.0,25.1,25.37,25.22,24.9
2003-01-07,120000.0,24.63,25.1,25.0,24.24
2003-01-08,141400.0,23.61,24.56,24.55,23.54
2003-01-09,95600.0,24.07,24.07,23.62,23.62
2003-01-10,158500.0,24.46,24.5,24.07,23.5
2003-01-13,149500.0,24.13,24.66,24.45,24.05
2003-01-14,236800.0,24.81,24.81,24.05,23.85
2003-01-15,138900.0,24.41,24.81,24.81,24.4
2003-01-16,72300.0,24.78,24.95,24.4,24.4
2003-01-17,128200.0,23.9,24.63,24.63,23.83
2003-01-21,107800.0,23.43,24.0,23.95,23.22
2003-01-22,198400.0,22.66,23.4,23.18,22.62
2003-01-23,116200.0,22.79,22.93,22.71,22.35
2003-01-24,117900.0,22.07,22.7,22.7,21.89
2003-01-27,336900.0,21.11,21.84,21.49,21.03
2003-01-28,181200.0,21.35,21.6,21.15,20.98
2003-01-29,159300.0,21.35,21.6,21.15,20.98
2003-01-30,320900.0,20.69,21.3,21.3,20.47
2003-01-31,237800.0,20.47,20.71,20.69,20.2
2003-02-03,191300.0,20.69,20.9,20.47,20.4
2003-02-04,176600.0,20.99,20.99,20.6,20.22
2003-02-05,220300.0,21.16,21.81,21.28,21.15
2003-02-06,164100.0,20.63,21.15,21.04,20.54
2003-02-07,125400.0,20.51,20.85,20.8,20.5
2003-02-10,178100.0,20.75,21.04,20.65,20.59
2003-02-11,144800.0,20.24,21.05,20.75,20.03
2003-02-12,105200.0,20.25,20.5,20.25,20.15
2003-02-13,105300.0,20.15,20.4,20.26,20.01
2003-02-14,150000.0,19.82,20.2,20.2,19.6
2003-02-18,205600.0,20.47,20.65,19.95,19.95
2003-02-19,102800.0,19.88,20.58,20.58,19.69
2003-02-20,125900.0,19.56,20.05,20.05,19.45
2003-02-21,180200.0,19.97,20.18,19.7,19.35
2003-02-24,159800.0,19.76,20.1,20.1,19.69
2003-02-25,150700.0,20.13,20.22,19.75,19.42
2003-02-26,213600.0,20.35,20.79,20.24,20.19
2003-02-27,99700.0,20.57,20.77,20.5,20.24
2003-02-28,135100.0,20.64,21.16,20.82,20.51
2003-03-03,220700.0,20.74,21.1,20.7,20.5
2003-03-04,213200.0,20.56,20.83,20.83,20.35
2003-03-05,181100.0,20.39,20.7,20.5,20.19
2003-03-06,285200.0,19.37,20.45,20.39,19.37
2003-03-07,160800.0,19.35,19.53,19.25,19.05
2003-03-10,184500.0,18.75,19.17,19.02,18.75
2003-03-11,326900.0,18.93,19.38,18.93,18.72
2003-03-12,110300.0,19.04,19.13,18.93,18.8
2003-03-13,96400.0,19.54,19.56,19.2,19.05
2003-03-14,115800.0,19.59,19.76,19.7,19.42
2003-03-17,181600.0,20.66,20.66,19.59,19.5
2003-03-18,220800.0,20.49,20.8,20.76,19.95
2003-03-19,96600.0,20.5,20.6,20.6,20.3
2003-03-20,136400.0,20.38,20.5,20.5,19.97
2003-03-21,177700.0,20.91,20.93,20.58,20.29
2003-03-24,106600.0,20.11,20.47,20.31,20.02
2003-03-25,196300.0,20.47,20.6,20.05,20.05
2003-03-26,103400.0,20.01,20.35,20.35,19.9
2003-03-27,148400.0,20.03,20.2,19.95,19.77
2003-03-28,79300.0,19.75,20.16,19.95,19.71
2003-03-31,124200.0,19.43,19.8,19.65,19.25
2003-04-01,113700.0,20.0,20.0,19.43,19.4
2003-04-02,251800.0,20.83,21.0,20.0,20.0
2003-04-03,253300.0,20.8,21.0,21.0,20.39
2003-04-04,134500.0,20.91,21.05,21.0,20.68
2003-04-07,259700.0,21.39,21.96,21.21,21.21
2003-04-08,237700.0,21.61,21.83,21.4,21.07
2003-04-09,186700.0,21.17,21.81,21.61,21.03
2003-04-10,135700.0,21.56,21.59,21.25,21.25
2003-04-11,257200.0,21.81,21.91,21.6,21.5
2003-04-14,339100.0,21.65,22.04,21.81,21.57
2003-04-15,136900.0,22.05,22.05,21.66,21.35
2003-04-16,208900.0,21.76,22.28,22.0,21.7
2003-04-17,142700.0,21.95,22.28,22.0,21.94
2003-04-21,249900.0,22.43,22.45,22.0,21.9
2003-04-22,330500.0,23.71,23.71,22.35,22.27
2003-04-23,198400.0,23.64,24.01,23.71,23.59
2003-04-24,199900.0,24.1,24.18,23.59,23.53
2003-04-25,186000.0,23.79,24.04,23.95,23.71
2003-04-28,107200.0,24.0,24.0,23.79,23.69
2003-04-29,235500.0,23.69,24.1,24.0,23.61
2003-04-30,215200.0,23.85,23.97,23.7,23.36
2003-05-01,191200.0,23.45,23.77,23.77,23.12
2003-05-02,154900.0,24.0,24.0,23.7,23.57
2003-05-05,146700.0,23.36,24.02,24.0,23.23
2003-05-06,120400.0,23.82,24.09,23.41,23.41
2003-05-07,114900.0,24.05,24.35,23.5,23.5
2003-05-08,95600.0,23.51,24.01,23.95,23.49
2003-05-09,82400.0,24.2,24.32,23.59,23.57
2003-05-12,153900.0,24.61,24.61,24.2,23.98
2003-05-13,119000.0,24.45,24.65,24.59,24.08
2003-05-14,123400.0,24.41,24.65,24.48,24.4
2003-05-15,144200.0,24.85,24.87,24.41,24.38
2003-05-16,217500.0,25.0,25.01,24.88,24.85
2003-05-19,233000.0,24.43,25.14,25.01,24.43
2003-05-20,160400.0,24.0,24.542,24.44,23.65
2003-05-21,204400.0,23.65,24.0,24.0,23.33
2003-05-22,197300.0,23.84,24.05,23.65,23.27
2003-05-23,75600.0,24.02,24.04,23.9,23.75
2003-05-27,155100.0,24.6,24.6,23.96,23.84
2003-05-28,83300.0,24.5,24.73,24.65,24.39
2003-05-29,134200.0,24.39,24.68,24.5,24.25
2003-05-30,83900.0,24.87,24.87,24.45,24.35
2003-06-02,115400.0,25.24,25.45,25.0,24.902
2003-06-03,90300.0,25.03,25.15,25.15,24.89
2003-06-04,181200.0,25.43,25.49,25.04,24.9
2003-06-05,169300.0,25.53,25.74,25.44,25.25
2003-06-06,183000.0,25.24,25.8,25.52,24.95
2003-06-09,100300.0,24.75,25.15,25.15,24.57
2003-06-10,74700.0,25.05,25.21,24.77,24.76
2003-06-11,71000.0,25.3,25.3,25.0,24.88
2003-06-12,64400.0,25.33,25.4,25.25,25.06
2003-06-13,82500.0,24.94,25.43,25.43,24.65
2003-06-16,91700.0,25.51,25.51,25.0,24.87
2003-06-17,108000.0,25.3,25.66,25.45,25.15
2003-06-18,225700.0,25.51,25.51,25.3,24.85
2003-06-19,151100.0,25.1,25.99,25.45,25.02
2003-06-20,278600.0,26.1,26.15,25.45,25.42
2003-06-23,143500.0,25.42,26.11,26.1,25.0
2003-06-24,93300.0,25.47,25.79,25.42,25.23
2003-06-25,92200.0,25.41,25.63,25.47,25.26
2003-06-26,108500.0,25.61,25.77,25.45,25.08
2003-06-27,106600.0,25.26,25.62,25.62,25.13
2003-06-30,522500.0,25.75,25.75,25.27,24.84
2003-07-01,349700.0,25.9,25.9,25.66,25.35
2003-07-02,303900.0,26.94,26.97,25.95,25.81
2003-07-03,101700.0,26.58,26.9,26.88,26.57
2003-07-07,126900.0,27.09,27.43,26.8,26.75
2003-07-08,105200.0,26.88,27.21,27.09,26.8
2003-07-09,159700.0,27.17,27.17,26.9,26.49
2003-07-10,104200.0,26.38,27.1,27.1,26.05
2003-07-11,72700.0,26.88,26.93,26.38,26.34
2003-07-14,100600.0,26.63,27.13,27.13,26.51
2003-07-15,84100.0,26.8,26.85,26.73,26.37
2003-07-16,62200.0,26.62,26.92,26.9,26.36
2003-07-17,93800.0,26.16,26.62,26.62,26.06
2003-07-18,494200.0,25.74,26.25,26.17,24.76
2003-07-21,161200.0,25.35,25.93,25.74,25.23
2003-07-22,157200.0,26.38,26.39,25.37,25.15
2003-07-23,170700.0,25.73,26.45,26.45,25.33
2003-07-24,161000.0,25.87,26.6,25.93,25.62
2003-07-25,106700.0,25.97,26.05,26.0,25.5
2003-07-28,176200.0,26.26,26.36,26.1,25.94
2003-07-29,110900.0,26.32,26.45,26.26,25.95
2003-07-30,115100.0,26.67,26.68,26.45,25.94
2003-07-31,129700.0,26.75,27.08,26.6,26.32
2003-08-01,137400.0,26.57,26.7,26.65,26.18
2003-08-04,120100.0,26.83,26.95,26.7,26.36
2003-08-05,181800.0,26.14,26.95,26.95,26.12
2003-08-06,239900.0,26.13,26.23,25.9,25.52
2003-08-07,110200.0,26.09,26.21,26.14,25.8
2003-08-08,103200.0,26.57,26.65,26.09,26.09
2003-08-11,131000.0,26.37,26.76,26.58,26.07
2003-08-12,260500.0,26.91,26.92,26.27,25.95
2003-08-13,226400.0,27.27,27.3,26.95,26.8
2003-08-14,147200.0,28.13,28.17,27.27,27.09
2003-08-15,66600.0,27.95,28.5,28.2,27.82
2003-08-18,152100.0,28.6,28.64,28.0,28.0
2003-08-19,108500.0,28.82,28.85,28.6,28.379
2003-08-20,155000.0,28.7,28.95,28.8,28.4
2003-08-21,107900.0,28.96,29.08,28.65,28.55
2003-08-22,141500.0,28.81,29.08,28.8,28.5
2003-08-25,69800.0,28.43,28.75,28.75,28.25
2003-08-26,95600.0,28.79,28.86,28.35,28.05
2003-08-27,68900.0,28.98,29.1,28.8,28.74
2003-08-28,74100.0,29.24,29.3,28.98,28.51
2003-08-29,102100.0,29.49,29.59,29.2,29.02
2003-09-02,173700.0,30.24,30.26,29.35,29.25
2003-09-03,185600.0,29.5,30.41,30.24,29.36
2003-09-04,374000.0,29.36,29.41,28.91,28.66
2003-09-05,284500.0,29.25,29.65,29.34,29.15
2003-09-08,111600.0,29.74,29.98,29.25,29.22
2003-09-09,218500.0,29.66,30.05,29.95,29.65
2003-09-10,380400.0,28.84,29.85,29.66,28.82
2003-09-11,303400.0,30.01,30.08,28.7,28.7
2003-09-12,347400.0,30.46,30.78,30.02,29.58
2003-09-15,547600.0,31.13,31.19,30.5,30.49
2003-09-16,282700.0,31.35,31.8,31.13,31.1
2003-09-17,162500.0,31.4,31.65,31.2,31.15
2003-09-18,136300.0,31.76,31.87,31.35,31.26
2003-09-19,235800.0,31.9,32.13,31.75,31.46
2003-09-22,160100.0,31.35,31.8,31.8,31.27
2003-09-23,147600.0,31.33,31.62,31.1,31.04
2003-09-24,158500.0,30.74,31.23,31.23,30.7
2003-09-25,135700.0,30.02,30.99,30.6,30.02
2003-09-26,157400.0,29.87,30.302,30.0,29.62
2003-09-29,174400.0,30.3,30.6,29.88,29.88
2003-09-30,301100.0,29.72,30.5,30.28,29.72
2003-10-01,236100.0,29.9,30.1,29.82,29.82
2003-10-02,181400.0,29.99,30.1,29.94,29.76
2003-10-03,373500.0,29.96,30.1,30.1,29.81
2003-10-06,217500.0,30.09,30.1,29.96,29.83
2003-10-07,294200.0,30.69,30.7,30.0,29.92
2003-10-08,228400.0,31.21,31.37,30.99,30.86
2003-10-09,180000.0,31.28,31.87,31.46,31.19
2003-10-10,123000.0,30.98,31.56,31.29,30.7
2003-10-13,151200.0,31.3,31.92,31.05,31.05
2003-10-14,215000.0,32.0,32.12,31.35,31.23
2003-10-15,107300.0,31.93,32.42,32.2,31.89
2003-10-16,147000.0,32.06,32.4,31.7,31.7
2003-10-17,131400.0,31.67,32.45,32.3,31.58
2003-10-20,139400.0,31.39,31.97,31.77,31.335
2003-10-21,338700.0,31.3,31.45,31.3,31.11
2003-10-22,235500.0,31.0,31.39,31.29,30.98
2003-10-23,210500.0,30.65,31.0,31.0,30.63
2003-10-24,144900.0,30.3,30.55,30.55,30.13
2003-10-27,228300.0,30.23,30.69,30.31,30.05
2003-10-28,263600.0,30.26,30.27,30.24,30.16
2003-10-29,157800.0,30.89,31.04,30.35,30.31
2003-10-30,256600.0,31.66,31.91,30.95,30.95
2003-10-31,127600.0,31.26,31.95,31.8,31.26
2003-11-03,146500.0,31.98,31.99,31.46,31.38
2003-11-04,155300.0,31.95,32.35,31.99,31.6
2003-11-05,111400.0,31.25,31.81,31.81,31.14
2003-11-06,103900.0,32.02,32.02,31.25,31.17
2003-11-07,174200.0,31.89,32.25,32.12,31.72
2003-11-10,189700.0,30.89,32.05,31.88,30.85
2003-11-11,126300.0,30.81,31.05,30.89,30.57
2003-11-12,241700.0,31.0,31.33,30.95,30.92
2003-11-13,149400.0,30.9,31.21,31.0,30.61
2003-11-14,129700.0,30.57,31.33,31.0,30.57
2003-11-17,175200.0,30.68,30.7,30.57,30.0
2003-11-18,328400.0,31.13,31.44,30.7,30.46
2003-11-19,191900.0,31.26,31.62,31.0,30.84
2003-11-20,128100.0,31.0,31.32,31.2,30.94
2003-11-21,171500.0,31.46,31.65,30.98,30.98
2003-11-24,155200.0,32.0,32.23,31.71,31.71
2003-11-25,112400.0,32.55,32.56,32.1,32.0
2003-11-26,79700.0,32.54,32.6,32.6,32.12
2003-11-28,45500.0,32.25,32.6,32.39,32.25
2003-12-01,185600.0,33.04,33.21,32.35,32.35
2003-12-02,144100.0,33.11,33.24,33.1,32.92
2003-12-03,185900.0,32.83,33.72,33.0,32.81
2003-12-04,211200.0,33.18,33.23,32.7,32.63
2003-12-05,120800.0,32.71,33.18,33.18,32.64
2003-12-08,268200.0,33.69,33.71,32.75,32.25
2003-12-09,211300.0,33.4,33.92,33.635,33.0
2003-12-10,140300.0,32.79,33.31,33.31,32.7
2003-12-11,164500.0,33.93,33.93,32.86,32.8
2003-12-12,213700.0,33.67,33.94,33.94,33.55
2003-12-15,291000.0,33.52,33.94,33.7,33.45
2003-12-16,237900.0,33.69,33.91,33.57,33.5
2003-12-17,83500.0,33.85,33.85,33.59,33.22
2003-12-18,224900.0,34.56,34.96,33.65,33.65
2003-12-19,208100.0,34.95,35.05,34.56,34.46
2003-12-22,128300.0,35.25,35.25,34.85,34.75
2003-12-23,101200.0,35.17,35.35,35.33,34.89
2003-12-24,91700.0,34.5,35.2,35.05,34.5
2003-12-26,37800.0,34.69,34.87,34.65,34.65
2003-12-29,258100.0,35.84,35.86,34.75,34.75
2003-12-30,177800.0,35.95,36.17,35.74,35.66
2003-12-31,203300.0,34.77,35.99,35.9,34.77
2004-01-02,244500.0,35.48,35.9,35.0,34.95
2004-01-05,373400.0,36.3,36.64,35.73,35.73
2004-01-06,207700.0,35.96,36.58,36.31,35.96
2004-01-07,167400.0,36.31,36.31,36.05,35.91
2004-01-08,115400.0,36.3,36.5,36.38,36.1
2004-01-09,139900.0,35.46,36.34,35.9,35.46
2004-01-12,205000.0,36.35,36.35,35.6,35.48
2004-01-13,172400.0,36.27,36.56,36.25,36.02
2004-01-14,151000.0,36.8,36.9,36.52,36.52
2004-01-15,126200.0,36.63,36.9,36.9,36.44
2004-01-16,146600.0,36.01,36.83,36.83,35.94
2004-01-20,241400.0,36.87,36.9,36.2,35.95
2004-01-21,176400.0,36.93,37.38,36.77,36.53
2004-01-22,290300.0,37.37,37.65,36.99,36.45
2004-01-23,262300.0,36.7,37.48,37.0,36.7
2004-01-26,351400.0,38.6,38.84,37.25,37.25
2004-01-27,263400.0,38.55,38.89,38.6,38.15
2004-01-28,390100.0,37.77,39.48,38.5,37.77
2004-01-29,238100.0,37.26,38.25,37.9,37.17
2004-01-30,185200.0,37.3,37.46,37.2,36.95
2004-02-02,370900.0,37.11,38.15,37.2683,37.11
2004-02-03,375100.0,37.3,37.6,37.31,37.06
2004-02-04,317500.0,36.0,37.15,37.15,35.97
2004-02-05,442800.0,36.87,37.31,35.7,35.59
2004-02-06,430100.0,38.04,38.26,36.9,36.87
2004-02-09,460200.0,38.85,39.31,38.2,38.04
2004-02-10,331200.0,39.25,39.4,39.15,38.96
2004-02-11,419100.0,40.0,40.4,39.23,39.15
2004-02-12,294000.0,39.98,40.35,40.0,39.77
2004-02-13,218600.0,39.58,40.14,40.08,39.32
2004-02-17,507900.0,40.9,40.98,39.78,39.78
2004-02-18,348700.0,40.07,40.95,40.9,40.07
2004-02-19,306500.0,39.93,40.79,40.2,39.8
2004-02-20,270700.0,40.01,40.25,39.93,39.86
2004-02-23,228100.0,40.33,40.56,40.11,39.95
2004-02-24,411700.0,41.13,41.45,40.35,40.17
2004-02-25,627800.0,42.25,42.56,41.0,40.99
2004-02-26,343200.0,41.96,42.7,42.0,41.64
2004-02-27,311100.0,42.4,42.8,42.0,42.0
2004-03-01,312700.0,43.55,43.67,42.9,42.7
2004-03-02,277800.0,43.01,43.67,43.5,42.86
2004-03-03,282000.0,43.19,43.65,42.81,42.63
2004-03-04,317600.0,43.15,43.58,42.94,42.86
2004-03-05,763000.0,42.64,42.82,41.5,41.5
2004-03-08,361400.0,42.24,42.6,42.6,42.19
2004-03-09,280000.0,41.85,42.19,42.15,41.7
2004-03-10,334600.0,40.07,41.75,41.75,40.07
2004-03-11,317600.0,40.18,41.04,40.07,40.01
2004-03-12,251700.0,41.38,41.63,40.95,40.7
2004-03-15,314400.0,40.16,41.31,41.3,39.96
2004-03-16,397500.0,40.02,40.57,40.3,39.76
2004-03-17,255000.0,40.78,41.08,40.15,40.06
2004-03-18,472200.0,40.5,40.69,40.68,39.59
2004-03-19,415600.0,39.94,40.82,40.5,39.75
2004-03-22,517400.0,39.55,39.94,39.94,39.0
2004-03-23,335200.0,39.41,39.92,39.55,39.16
2004-03-24,286500.0,38.64,39.44,39.3,38.51
2004-03-25,423800.0,38.98,39.19,38.65,38.53
2004-03-26,368300.0,39.9,40.2,38.88,38.63
2004-03-29,279200.0,40.2,40.8,40.4,39.98
2004-03-30,237200.0,40.67,40.85,40.25,40.08
2004-03-31,186400.0,40.75,41.1,40.92,40.48
2004-04-01,324800.0,40.61,41.35,40.7,40.26
2004-04-02,308300.0,40.68,41.25,41.0,40.47
2004-04-05,212600.0,40.47,40.9,40.7,40.29
2004-04-06,261600.0,40.35,40.4,40.3,39.79
2004-04-07,254100.0,39.72,40.2,40.2,39.66
2004-04-08,174400.0,39.82,40.11,39.85,39.55
2004-04-12,200200.0,39.83,40.27,39.72,39.51
2004-04-13,370500.0,38.69,40.0,39.87,38.63
2004-04-14,243600.0,38.64,39.09,38.35,38.21
2004-04-15,230900.0,38.84,39.01,38.84,38.48
2004-04-16,195900.0,39.22,39.44,38.8,38.73
2004-04-19,473800.0,39.5,39.86,39.42,39.3
2004-04-20,312100.0,38.77,40.1,39.75,38.77
2004-04-21,321400.0,38.75,39.05,38.87,38.41
2004-04-22,417900.0,41.25,41.44,38.9,38.9
2004-04-23,281500.0,40.46,41.4,41.4,39.78
2004-04-26,238900.0,40.03,40.84,40.4,39.77
2004-04-27,229800.0,40.5,40.83,40.09,40.09
2004-04-28,334900.0,39.45,40.35,40.35,39.3
2004-04-29,321000.0,38.1,39.49,39.35,37.78
2004-04-30,296000.0,37.88,38.64,38.2,37.66
2004-05-03,265700.0,38.25,38.43,38.08,37.47
2004-05-04,380400.0,38.25,38.54,38.0,37.76
2004-05-05,260200.0,37.52,38.04,37.95,37.26
2004-05-06,267800.0,36.92,37.15,37.0,36.13
2004-05-07,287000.0,35.19,37.06,36.93,35.16
2004-05-10,424100.0,34.77,35.34,35.19,34.55
2004-05-11,325600.0,35.9,35.9,35.21,35.2
2004-05-12,332400.0,35.58,35.9,35.9,34.63
2004-05-13,238200.0,35.9,36.08,35.59,35.55
2004-05-14,358800.0,36.23,36.54,36.1,35.5
2004-05-17,217400.0,35.46,36.05,36.05,35.2
2004-05-18,274400.0,35.93,36.2,35.66,35.6
2004-05-19,285100.0,35.55,36.75,36.05,35.42
2004-05-20,514600.0,36.06,36.3,35.8,35.64
2004-05-21,207000.0,36.12,36.65,36.26,35.95
2004-05-24,195400.0,36.78,37.16,36.6,36.28
2004-05-25,282700.0,37.65,37.78,36.68,36.3
2004-05-26,218200.0,37.67,37.8,37.8,37.31
2004-05-27,194900.0,37.82,37.86,37.66,37.32
2004-05-28,154300.0,37.75,38.14,37.72,37.61
2004-06-01,205500.0,38.12,38.12,37.75,37.49
2004-06-02,243400.0,38.1,38.43,38.1,37.92
2004-06-03,365300.0,37.65,38.4,37.95,37.54
2004-06-04,175700.0,38.24,38.55,37.8,37.73
2004-06-07,339800.0,39.87,40.06,38.3,38.3
2004-06-08,172600.0,39.73,39.83,39.72,39.32
2004-06-09,206400.0,39.11,39.75,39.68,39.11
2004-06-10,218900.0,39.33,39.77,39.27,39.1
2004-06-14,288200.0,39.06,39.58,39.33,38.72
2004-06-15,268200.0,39.86,40.49,39.31,39.31
2004-06-16,197500.0,39.5,40.0,40.0,39.27
2004-06-17,236700.0,39.75,39.8,39.5,39.25
2004-06-18,246000.0,40.11,40.4,39.76,39.5
2004-06-21,237700.0,40.35,40.64,40.2,39.87
2004-06-22,200000.0,40.89,40.89,40.45,40.22
2004-06-23,437900.0,40.65,40.9,40.85,40.25
2004-06-24,195600.0,40.9,41.0,40.65,40.63
2004-06-25,434000.0,40.8,41.5,40.9,40.32
2004-06-28,318400.0,41.06,41.77,40.9,40.85
2004-06-29,462000.0,41.83,42.09,41.41,40.82
2004-06-30,412800.0,41.64,41.83,41.83,41.17
2004-07-01,281300.0,41.81,42.04,41.74,41.5
2004-07-02,152400.0,41.89,42.02,41.81,41.57
2004-07-06,216700.0,41.36,41.94,41.94,41.21
2004-07-07,276200.0,41.82,41.88,41.25,41.25
2004-07-08,323700.0,41.4,41.96,41.85,41.27
2004-07-09,213900.0,41.5,41.75,41.6,41.11
2004-07-12,254500.0,41.63,41.95,41.76,41.45
2004-07-13,154400.0,41.78,41.95,41.78,41.58
2004-07-14,194500.0,41.51,42.22,41.73,41.4
2004-07-15,439200.0,40.9,41.75,41.51,40.73
2004-07-16,405800.0,41.2,41.5,40.9,40.8
2004-07-19,312900.0,41.3,41.5,41.2,40.84
2004-07-20,415500.0,42.5,42.5,41.55,41.35
2004-07-21,394300.0,39.86,42.44,42.25,39.86
2004-07-22,278700.0,40.19,40.65,39.87,39.57
2004-07-23,303200.0,39.85,40.47,40.19,39.85
2004-07-26,191300.0,39.88,40.55,40.05,39.72
2004-07-27,192100.0,40.6,40.6,39.78,39.78
2004-07-28,244100.0,40.62,40.77,40.5,39.71
2004-07-29,275200.0,39.99,40.62,40.6,39.75
2004-07-30,181300.0,40.09,40.3,40.0,39.87
2004-08-02,361100.0,39.88,40.09,40.09,39.24
2004-08-03,250300.0,39.83,40.11,39.88,39.6
2004-08-04,249300.0,40.27,40.75,39.65,39.65
2004-08-05,273800.0,38.87,40.17,40.17,38.8
2004-08-06,226300.0,37.61,38.62,38.62,37.54
2004-08-09,116800.0,37.88,38.15,37.8,37.73
2004-08-10,296800.0,38.68,38.86,37.98,37.82
2004-08-11,212700.0,38.54,38.8,38.53,37.96
2004-08-12,209900.0,38.25,38.46,38.3,38.2
2004-08-13,181900.0,37.78,38.55,38.35,37.66
2004-08-16,189600.0,38.85,39.08,37.98,37.98
2004-08-17,181600.0,38.95,39.39,38.9,38.81
2004-08-18,173000.0,39.89,39.9,38.9,38.75
2004-08-19,112200.0,39.46,39.8,39.54,39.13
2004-08-20,203200.0,39.88,39.93,39.21,39.21
2004-08-23,140500.0,39.46,39.7,39.7,39.25
2004-08-24,228300.0,40.32,40.42,39.61,39.55
2004-08-25,206800.0,40.25,40.49,40.32,39.53
2004-08-26,978000.0,43.8,44.08,40.28,40.28
2004-08-27,445200.0,44.16,45.0,43.205,43.205
2004-08-30,335400.0,43.41,44.16,44.16,43.29
2004-08-31,571100.0,42.9,43.6,43.6,42.67
2004-09-01,375300.0,43.05,43.5,42.65,42.65
2004-09-02,345800.0,43.45,43.75,43.05,42.9
2004-09-03,201300.0,43.0,43.56,43.5,42.86
2004-09-07,546600.0,43.55,43.91,43.25,43.25
2004-09-08,349000.0,43.62,44.05,43.55,43.34
2004-09-09,210400.0,43.77,43.95,43.72,43.52
2004-09-10,271000.0,43.2,43.79,43.79,43.03
2004-09-13,245100.0,43.12,43.49,43.4,43.07
2004-09-14,342100.0,42.82,43.1,43.1,42.45
2004-09-15,279600.0,43.05,43.35,42.75,42.66
2004-09-16,157800.0,43.7,43.72,43.25,43.23
2004-09-17,218200.0,43.27,43.95,43.95,43.22
2004-09-20,130600.0,43.5,43.79,43.17,43.06
2004-09-21,140300.0,43.65,43.95,43.65,43.58
2004-09-22,186100.0,43.56,43.99,43.59,43.35
2004-09-23,670300.0,45.0,45.14,43.5,43.5
2004-09-24,452300.0,45.41,45.54,45.01,44.91
2004-09-27,422000.0,45.26,45.28,45.16,45.04
2004-09-28,426900.0,45.55,45.66,45.25,45.25
2004-09-29,197400.0,45.65,45.9,45.55,45.4
2004-09-30,372600.0,46.81,47.2,45.66,45.54
2004-10-01,346500.0,47.54,47.55,46.99,46.52
2004-10-04,527400.0,47.27,48.02,47.54,46.99
2004-10-05,582100.0,48.05,48.2,47.5,47.05
2004-10-06,467000.0,47.67,48.15,48.15,47.27
2004-10-07,405900.0,46.08,47.79,47.52,45.95
2004-10-08,338300.0,46.21,46.42,46.08,45.88
2004-10-11,320000.0,46.18,46.65,46.46,45.85
2004-10-12,282700.0,45.96,46.16,46.0,45.55
2004-10-13,449200.0,45.42,46.2,46.2,44.55
2004-10-14,363700.0,45.6,45.67,45.45,45.0
2004-10-15,280700.0,45.51,46.1,45.6,45.3
2004-10-18,407800.0,45.51,45.51,45.51,45.51
2004-10-19,603000.0,44.0,45.1,44.9,43.72
2004-10-20,487600.0,45.52,45.6,44.02,43.98
2004-10-21,282500.0,45.95,46.27,45.12,45.03
2004-10-22,326900.0,45.52,46.58,46.01,45.47
2004-10-25,307200.0,45.41,45.95,45.4,45.27
2004-10-26,554400.0,46.23,46.36,45.91,45.72
2004-10-27,458600.0,46.62,47.4,46.23,46.01
2004-10-28,463500.0,47.25,47.49,46.63,46.5
2004-10-29,589300.0,47.09,47.78,47.25,46.91
2004-11-01,612000.0,48.4,48.63,46.72,46.5
2004-11-02,313800.0,48.07,48.98,47.95,47.89
2004-11-03,263600.0,49.11,49.38,48.9,48.85
2004-11-04,298200.0,50.29,50.29,49.15,48.7
2004-11-05,318000.0,50.4,50.71,50.5,49.88
2004-11-08,505000.0,48.29,48.69,48.3,47.51
2004-11-09,380400.0,49.13,49.3,48.54,48.33
2004-11-10,426800.0,50.0,50.26,49.21,49.2
2004-11-11,352900.0,49.9,50.0,49.5,49.02
2004-11-12,394600.0,50.74,50.82,49.65,49.4
2004-11-15,617100.0,49.17,50.43,49.76,48.67
2004-11-16,333900.0,48.52,49.46,49.17,48.36
2004-11-17,506100.0,48.75,49.49,48.77,48.55
2004-11-18,249200.0,48.7,48.85,48.7,48.4
2004-11-19,285400.0,48.07,48.75,48.7,47.71
2004-11-22,350600.0,49.25,49.32,48.1,48.09
2004-11-23,257200.0,49.1,49.3,49.25,48.42
2004-11-24,259300.0,49.93,50.0,49.2,49.02
2004-11-26,105800.0,49.9,50.12,49.94,49.83
2004-11-29,401600.0,50.34,50.65,49.8,49.67
2004-11-30,377600.0,50.72,51.06,50.35,50.35
2004-12-01,382500.0,51.9,52.31,50.82,50.82
2004-12-02,325600.0,50.75,52.89,52.88,50.52
2004-12-03,323100.0,50.96,51.0,50.7,50.11
2004-12-06,219200.0,50.7,50.97,50.56,49.8
2004-12-07,222200.0,49.01,50.71,50.71,49.01
2004-12-08,290000.0,49.42,49.74,49.01,49.01
2004-12-09,388500.0,49.07,49.33,49.32,48.69
2004-12-10,165500.0,49.55,49.8,49.0,48.97
2004-12-13,221200.0,49.91,49.96,49.56,49.2
2004-12-14,195900.0,49.65,50.16,49.8,49.08
2004-12-15,293300.0,50.25,50.35,49.65,49.52
2004-12-16,198000.0,50.63,50.63,50.2,50.08
2004-12-17,161200.0,50.2,50.49,50.43,49.77
2004-12-20,140500.0,50.08,50.71,50.2,49.7
2004-12-21,163500.0,50.23,50.57,50.0,49.93
2004-12-22,168200.0,50.65,50.66,50.23,50.05
2004-12-23,78500.0,50.4,50.72,50.6,50.11
2004-12-27,124600.0,50.27,50.53,50.5,49.6
2004-12-28,221500.0,51.03,51.21,50.27,50.17
2004-12-29,145500.0,50.94,51.36,50.9,50.66
2004-12-30,209100.0,50.55,51.24,50.95,50.39
2004-12-31,178800.0,50.58,50.77,50.45,50.42
2005-01-03,288400.0,50.01,50.88,50.4,49.94
2005-01-04,224300.0,48.61,50.16,50.16,48.51
2005-01-05,285800.0,47.76,49.11,48.26,47.48
2005-01-06,249500.0,47.55,47.95,47.71,47.31
2005-01-07,219800.0,47.21,47.7,47.48,46.84
2005-01-10,312400.0,46.83,47.62,47.05,46.73
2005-01-11,448100.0,47.68,47.94,46.6,45.8
2005-01-12,263600.0,47.68,47.68,47.68,47.68
2005-01-13,216000.0,46.94,47.65,47.47,46.84
2005-01-14,279500.0,47.41,47.61,46.93,46.92
2005-01-18,297600.0,47.3,47.48,47.16,46.9
2005-01-19,240000.0,46.81,47.43,47.2,46.65
2005-01-20,505000.0,45.57,46.88,46.1,45.48
2005-01-21,314200.0,45.68,46.0,45.47,45.3
2005-01-24,221500.0,45.48,45.91,45.78,45.36
2005-01-25,196700.0,45.4,45.91,45.48,45.03
2005-01-26,177100.0,45.95,46.0,45.58,45.38
2005-01-27,151200.0,45.95,46.25,45.9,45.7
2005-01-28,157300.0,45.39,45.92,45.8,45.14
2005-01-31,182800.0,46.02,46.29,45.9,45.55
2005-02-01,166200.0,46.66,46.71,45.95,45.91
2005-02-02,323200.0,47.92,47.95,46.6,46.6
2005-02-03,239900.0,47.62,47.7,47.7,46.9
2005-02-04,629900.0,50.25,50.25,47.75,47.75
2005-02-07,381300.0,49.23,50.28,50.25,48.73
2005-02-08,336600.0,48.55,49.38,49.38,47.77
2005-02-09,225600.0,47.07,48.5,48.3,46.97
2005-02-10,335300.0,47.43,47.46,47.05,46.74
2005-02-11,218000.0,48.19,48.39,47.68,47.26
2005-02-14,274000.0,47.18,48.09,48.09,47.15
2005-02-15,554900.0,46.79,47.18,47.18,46.21
2005-02-16,589700.0,47.81,48.07,46.75,46.5
2005-02-17,205800.0,47.11,48.33,47.9,47.07
2005-02-18,309900.0,47.46,47.7,47.33,47.17
2005-02-22,257600.0,46.27,47.45,47.06,46.22
2005-02-23,424400.0,46.6,46.84,46.3,46.24
2005-02-24,419700.0,46.49,46.66,46.61,45.9
2005-02-25,231600.0,47.37,47.39,46.69,46.09
2005-02-28,230800.0,46.15,47.26,47.07,46.04
2005-03-01,227000.0,47.15,47.25,46.4,46.4
2005-03-02,316000.0,46.97,47.65,47.16,46.68
2005-03-03,534600.0,46.25,47.07,47.07,46.15
2005-03-04,349700.0,48.37,48.72,46.5,46.46
2005-03-07,260900.0,48.37,48.37,48.37,48.37
2005-03-08,180600.0,47.26,48.03,48.03,47.18
2005-03-09,297200.0,46.6,47.32,47.27,46.54
2005-03-10,238100.0,46.2,46.61,46.45,45.73
2005-03-11,306800.0,46.2,46.4,46.21,45.92
2005-03-14,246900.0,46.49,46.53,46.2,46.05
2005-03-15,431600.0,46.51,46.81,46.49,46.2
2005-03-16,662800.0,47.1,47.57,46.7,46.66
2005-03-17,287800.0,47.5,47.63,47.5,46.98
2005-03-18,373300.0,47.2,47.5,47.5,47.0
2005-03-21,263700.0,47.1,47.45,47.4,46.74
2005-03-22,262900.0,46.88,47.3,47.1,46.7
2005-03-23,387100.0,46.37,47.01,46.85,46.29
2005-03-24,141000.0,46.55,46.84,46.3,46.3
2005-03-28,356200.0,46.66,46.99,46.55,46.4
2005-03-29,516300.0,46.5,47.15,46.66,46.36
2005-03-30,491400.0,46.45,46.81,46.45,46.4
2005-03-31,738400.0,47.07,47.31,46.56,46.42
2005-04-01,582200.0,47.12,47.7,47.07,46.63
2005-04-04,420000.0,47.41,47.53,47.1,46.74
2005-04-05,262100.0,47.32,47.68,47.5,47.0
2005-04-06,324900.0,47.48,48.1,47.32,47.32
2005-04-07,341200.0,47.94,48.16,47.48,47.48
2005-04-08,299300.0,47.5,48.0,47.94,47.31
2005-04-11,283200.0,47.25,47.64,47.55,47.08
2005-04-12,339800.0,47.73,47.95,47.25,46.76
2005-04-13,304400.0,47.0,47.66,47.6,46.83
2005-04-14,326200.0,45.87,46.96,46.9,45.75
2005-04-15,385400.0,44.68,46.22,45.88,44.59
2005-04-18,285000.0,44.78,45.23,44.68,44.37
2005-04-19,698900.0,46.35,46.65,44.75,44.43
2005-04-20,465800.0,45.44,46.62,46.35,45.32
2005-04-21,486700.0,46.97,47.04,45.94,45.69
2005-04-22,341600.0,46.37,46.97,46.97,45.8
2005-04-25,410500.0,46.22,47.08,46.4,45.8
2005-04-26,444200.0,46.19,47.7,46.23,46.06
2005-04-27,396500.0,46.16,47.21,46.22,45.65
2005-04-28,469700.0,45.66,46.41,46.16,45.6
2005-04-29,393400.0,47.23,47.39,45.75,45.27
2005-05-02,309200.0,47.01,47.1,47.1,46.11
2005-05-03,389200.0,46.68,47.78,46.8,46.5
2005-05-04,388200.0,47.61,47.75,47.08,46.52
2005-05-05,220600.0,47.89,47.98,47.69,47.07
2005-05-06,406800.0,48.6018,49.0,48.14,48.14
2005-05-09,507900.0,49.18,49.18,48.87,48.77
2005-05-10,396500.0,49.13,49.34,49.2,48.9
2005-05-11,876500.0,51.07,51.46,49.2,49.2
2005-05-12,501200.0,48.76,50.9,50.9,48.67
2005-05-13,258900.0,47.78,48.86,48.75,47.09
2005-05-16,274800.0,49.14,49.16,47.7,47.7
2005-05-17,423000.0,49.45,49.56,48.98,48.41
2005-05-18,329200.0,50.26,50.5,49.85,49.76
2005-05-19,192600.0,50.55,50.6,50.2,49.78
2005-05-20,185600.0,50.46,50.52,50.43,50.05
2005-05-23,150700.0,50.75,51.0,50.56,50.42
2005-05-24,256600.0,50.75,50.75,50.75,50.75
2005-05-25,417900.0,50.21,50.72,50.67,49.61
2005-05-26,255000.0,51.0,51.02,50.21,50.21
2005-05-27,171800.0,51.49,51.6,50.92,50.88
2005-05-31,250200.0,51.69,51.96,51.5,51.32
2005-06-01,252600.0,51.69,51.69,51.69,51.69
2005-06-02,151400.0,51.61,51.9,51.79,51.45
2005-06-03,180700.0,51.57,52.06,51.36,51.27
2005-06-06,136900.0,52.12,52.17,51.5,51.33
2005-06-07,151900.0,51.92,52.83,52.22,51.84
2005-06-08,174500.0,51.44,52.07,52.0,51.39
2005-06-09,271300.0,51.75,51.8,51.34,51.0
2005-06-10,210300.0,51.32,52.2,51.75,50.96
2005-06-13,191600.0,52.15,52.52,51.17,51.17
2005-06-14,399600.0,53.24,54.18,52.03,51.99
2005-06-15,382000.0,54.33,54.78,53.49,53.44
2005-06-16,222700.0,54.7,55.0,54.38,54.32
2005-06-17,400500.0,54.43,55.47,54.85,53.8
2005-06-20,187300.0,54.29,54.7,54.28,54.06
2005-06-21,207500.0,54.27,54.8,54.3,54.1
2005-06-22,178100.0,54.0,54.83,54.77,53.41
2005-06-23,165600.0,52.63,53.95,53.51,52.48
2005-06-24,282100.0,51.52,52.83,52.51,51.37
2005-06-27,350700.0,52.55,53.46,51.37,51.05
2005-06-28,226200.0,53.95,54.01,52.95,52.95
2005-06-29,285500.0,53.56,54.1,53.95,53.28
2005-06-30,249100.0,52.33,53.8,53.56,52.33
2005-07-01,224000.0,52.54,52.74,52.44,51.74
2005-07-05,186600.0,53.37,53.62,52.54,52.11
2005-07-06,158000.0,52.95,53.5,53.24,52.7
2005-07-07,252100.0,53.39,53.64,52.6,52.36
2005-07-08,193300.0,54.19,54.41,53.44,53.3
2005-07-11,208900.0,55.37,55.37,54.3,54.3
2005-07-12,208200.0,55.16,55.83,55.32,54.61
2005-07-13,188500.0,54.81,55.35,55.25,54.3
2005-07-14,186600.0,54.73,55.27,55.0,54.33
2005-07-15,136200.0,54.44,54.49,54.43,53.68
2005-07-18,285400.0,54.35,54.93,54.5,53.8
2005-07-19,662400.0,56.55,57.83,54.65,54.6
2005-07-20,388500.0,58.11,58.26,56.35,55.55
2005-07-21,375500.0,56.63,58.4,58.11,56.47
2005-07-22,289100.0,57.0,57.13,56.63,55.89
2005-07-25,189500.0,56.42,56.92,56.9,56.15
2005-07-26,414000.0,56.91,57.15,56.6,56.58
2005-07-27,297200.0,57.0,57.2,56.98,56.16
2005-07-28,625900.0,57.7,57.82,57.0,56.99
2005-07-29,179900.0,57.8,58.64,57.82,57.54
2005-08-01,180100.0,57.91,58.62,57.82,57.65
2005-08-02,232200.0,58.64,59.07,58.06,58.04
2005-08-03,284100.0,58.05,58.69,58.5,58.01
2005-08-04,308700.0,57.42,58.63,58.05,57.32
2005-08-05,300200.0,56.66,57.43,57.38,56.25
2005-08-08,236600.0,56.45,57.04,56.62,56.38
2005-08-09,394000.0,56.37,57.04,56.7,55.75
2005-08-10,288300.0,56.21,57.28,56.47,55.88
2005-08-11,426800.0,55.9,56.45,56.3,55.58
2005-08-12,388700.0,55.25,55.79,55.79,54.88
2005-08-15,406000.0,54.86,55.1,55.1,54.23
2005-08-16,430600.0,54.8,55.15,54.84,54.19
2005-08-17,276900.0,54.3,55.02,54.8,54.2
2005-08-18,374000.0,53.89,54.1,54.05,53.56
2005-08-19,174700.0,53.85,54.27,53.94,53.36
2005-08-22,243300.0,53.91,54.69,53.95,53.38
2005-08-23,280600.0,52.98,54.1,54.1,52.3
2005-08-24,305300.0,52.8,53.79,52.85,52.16
2005-08-25,223000.0,53.54,53.66,52.78,52.56
2005-08-26,191500.0,52.72,53.54,53.54,52.5
2005-08-29,173600.0,52.69,52.81,52.6,51.71
2005-08-30,159800.0,52.47,52.78,52.65,51.78
2005-08-31,215200.0,54.0,54.0,52.57,52.29
2005-09-01,204000.0,53.55,54.5,53.9,53.39
2005-09-02,159100.0,53.48,54.09,53.45,53.24
2005-09-06,203000.0,54.44,54.89,53.68,53.68
2005-09-07,206300.0,54.45,54.49,54.44,53.46
2005-09-08,190600.0,53.82,54.31,54.05,53.26
2005-09-09,140600.0,54.03,54.37,53.7,53.65
2005-09-12,150400.0,54.31,54.7,53.85,53.56
2005-09-13,249700.0,53.43,54.29,54.16,52.7
2005-09-14,352600.0,52.47,53.37,53.33,52.12
2005-09-15,231600.0,52.75,53.53,52.4,52.19
2005-09-16,1041500.0,55.69,56.85,53.45,53.35
2005-09-19,396500.0,54.43,58.0,58.0,54.33
2005-09-20,436800.0,54.3,55.5,54.5,54.24
2005-09-21,288400.0,53.83,54.39,54.1,53.57
2005-09-22,333100.0,53.19,54.29,54.0,52.7
2005-09-23,314900.0,53.3,54.07,52.95,52.64
2005-09-26,299500.0,53.15,54.1,53.6,52.61
2005-09-27,498900.0,52.1,53.2,53.2,51.93
2005-09-28,325800.0,51.72,52.31,52.09,51.39
2005-09-29,264300.0,52.8,53.06,51.78,51.2
2005-09-30,246400.0,52.12,52.73,52.65,51.81
2005-10-03,200100.0,52.47,52.88,52.27,51.93
2005-10-04,284300.0,51.22,52.85,52.62,51.0
2005-10-05,391500.0,49.74,51.1,51.1,49.61
2005-10-06,359700.0,49.02,50.32,49.74,48.38
2005-10-07,223300.0,49.02,49.54,49.27,48.55
2005-10-10,355600.0,48.37,49.42,48.8,48.23
2005-10-11,1326900.0,46.09,47.54,45.26,44.67
2005-10-12,689400.0,46.08,46.88,46.15,45.8
2005-10-13,529600.0,46.05,46.2,46.08,45.18
2005-10-14,381000.0,46.81,47.26,46.55,46.03
2005-10-17,297300.0,47.1,47.5,47.0,46.55
2005-10-18,484000.0,46.36,48.38,47.5,46.2
2005-10-19,388000.0,47.0,47.04,46.11,45.21
2005-10-20,453100.0,45.57,47.16,46.85,45.2
2005-10-21,339100.0,45.61,46.14,45.72,44.8995
2005-10-24,316600.0,45.91,46.1,45.46,45.4
2005-10-25,492400.0,45.68,46.45,45.76,45.35
2005-10-26,463900.0,45.56,46.39,45.65,45.46
2005-10-27,616000.0,44.68,45.85,45.63,44.37
2005-10-28,583900.0,44.67,45.07,44.93,44.16
2005-10-31,909000.0,44.73,45.23,44.67,44.59
2005-11-01,431700.0,44.56,44.99,44.8,44.3
2005-11-02,430900.0,45.67,45.89,44.41,44.4
2005-11-03,305600.0,45.02,45.85,45.85,44.7
2005-11-04,430100.0,44.87,45.69,45.23,44.48
2005-11-07,305200.0,44.9,45.36,44.92,44.74
2005-11-08,370700.0,44.18,44.79,44.7,44.01
2005-11-09,351300.0,44.33,44.84,44.23,43.73
2005-11-10,413700.0,45.04,45.32,44.33,43.45
2005-11-11,351600.0,45.02,45.37,45.04,44.69
2005-11-14,791500.0,45.92,47.72,46.5,45.56
2005-11-15,510100.0,45.89,46.8,45.82,45.18
2005-11-16,387700.0,46.1,46.53,46.14,45.7
2005-11-17,358200.0,46.48,46.64,46.35,45.96
2005-11-18,292300.0,46.94,47.29,46.73,46.55
2005-11-21,400300.0,47.9,47.9,47.19,46.94
2005-11-22,608600.0,48.5,48.59,47.7,47.65
2005-11-23,432200.0,47.95,48.44,48.4,47.77
2005-11-25,87900.0,48.12,48.21,48.03,47.86
2005-11-28,436900.0,48.11,48.32,48.22,47.52
2005-11-29,590500.0,47.87,48.74,48.27,47.66
2005-11-30,319800.0,48.34,48.8,47.9,47.9
2005-12-01,497400.0,49.37,49.46,48.5,48.34
2005-12-02,423800.0,49.64,49.99,49.2,48.87
2005-12-05,396400.0,49.43,49.75,49.64,49.01
2005-12-06,730700.0,49.25,49.68,49.68,48.66
2005-12-07,698700.0,48.17,49.23,49.0,47.94
2005-12-08,456600.0,48.0,48.4,48.1,47.5
2005-12-09,339100.0,48.1,48.24,47.93,47.51
2005-12-12,413100.0,48.04,48.45,48.2,47.75
2005-12-13,353400.0,47.71,48.18,47.96,47.6
2005-12-14,355300.0,47.53,48.03,47.83,47.23
2005-12-15,598100.0,46.9,47.64,47.53,46.57
2005-12-16,863300.0,48.33,48.34,47.02,47.01
2005-12-19,503200.0,48.99,49.01,48.1,47.9
2005-12-20,572900.0,49.48,49.9,49.6,49.28
2005-12-21,1144400.0,52.1,52.19,49.9,49.84
2005-12-22,408900.0,51.92,52.38,52.3,51.47
2005-12-23,231800.0,52.02,52.46,52.4,51.66
2005-12-27,185400.0,51.21,52.34,52.25,51.19
2005-12-28,239600.0,51.96,52.04,51.31,51.21
2005-12-29,176000.0,51.65,52.26,51.85,51.62
2005-12-30,208300.0,50.98,51.4,51.4,50.91
2006-01-03,557100.0,51.66,51.83,51.5,50.5
2006-01-04,377800.0,52.29,52.49,51.7,51.5
2006-01-05,233200.0,52.35,52.73,52.4,51.98
2006-01-06,246300.0,52.6,53.2,53.2,52.03
2006-01-09,476800.0,53.5,53.8,52.65,52.65
2006-01-10,402500.0,54.1,54.26,53.5,53.07
2006-01-11,257900.0,53.55,54.14,54.05,53.06
2006-01-12,222900.0,53.35,53.59,53.58,52.94
2006-01-13,195000.0,52.64,53.33,53.33,52.21
2006-01-17,423300.0,51.5,52.4,52.39,51.27
2006-01-18,273100.0,51.17,51.66,51.31,50.91
2006-01-19,244000.0,51.9,52.34,51.85,51.4
2006-01-20,405400.0,51.4,52.15,52.15,50.92
2006-01-23,308900.0,51.2,51.68,51.4,50.92
2006-01-24,212000.0,52.18,52.31,51.35,51.35
2006-01-25,307100.0,51.27,52.25,52.1,51.06
2006-01-26,339400.0,51.7,52.05,51.27,51.21
2006-01-27,212300.0,51.95,52.21,51.73,51.5
2006-01-30,222200.0,51.51,51.85,51.8,51.15
2006-01-31,284900.0,51.23,51.59,51.31,50.94
2006-02-01,229700.0,50.93,51.25,51.03,50.51
2006-02-02,249800.0,50.78,51.19,50.73,50.2
2006-02-03,288000.0,50.64,51.15,50.63,49.77
2006-02-06,1082200.0,53.0,53.81,53.4,52.22
2006-02-07,873900.0,51.88,53.41,53.24,50.96
2006-02-08,790200.0,51.6,52.58,51.78,51.17
2006-02-09,572700.0,50.35,51.78,51.2,50.02
2006-02-10,614600.0,36.78,37.21,35.25,34.69
2006-02-13,567000.0,36.1,37.6,36.81,36.01
2006-02-14,526000.0,36.72,37.08,36.1,35.8
2006-02-15,487900.0,36.6,36.75,36.62,36.09
2006-02-16,479200.0,37.32,37.53,36.6,36.6
2006-02-17,544000.0,36.6,37.4,37.36,36.45
2006-02-21,528300.0,36.15,36.6,36.6,35.84
2006-02-22,273300.0,36.97,37.28,36.3,36.26
2006-02-23,290100.0,37.22,37.52,36.85,36.57
2006-02-24,349400.0,37.25,37.25,37.06,36.79
2006-02-27,303600.0,37.4,37.5,36.32,36.32
2006-02-28,361900.0,36.44,37.33,37.2,36.11
2006-03-01,418200.0,37.28,37.34,36.75,36.58
2006-03-02,321800.0,37.2,37.5,37.28,36.92
2006-03-03,405400.0,36.91,37.45,37.2,36.89
2006-03-06,767500.0,38.3,38.39,36.25,36.25
2006-03-07,496500.0,37.92,39.09,38.27,37.88
2006-03-08,402400.0,37.77,38.05,37.88,37.04
2006-03-09,279700.0,37.91,38.5,38.02,37.75
2006-03-10,263000.0,37.84,38.2,37.83,37.63
2006-03-13,316200.0,38.0,38.56,38.17,37.78
2006-03-14,599100.0,38.58,38.75,38.0,37.77
2006-03-15,341100.0,39.04,39.07,38.62,38.37
2006-03-16,284900.0,39.49,40.32,39.04,39.04
2006-03-17,585000.0,39.77,39.82,39.49,39.06
2006-03-20,345200.0,39.93,40.2,39.77,39.11
2006-03-21,229500.0,38.66,39.98,39.93,38.66
2006-03-22,257300.0,39.1,39.4,38.5,38.5
2006-03-23,212000.0,39.28,39.3,39.06,38.72
2006-03-24,146100.0,39.47,41.21,41.21,38.95
2006-03-27,132100.0,39.42,39.6,39.4,39.06
2006-03-28,199100.0,39.58,40.11,39.41,39.09
2006-03-29,298600.0,41.14,41.14,39.78,39.77
2006-03-30,446600.0,41.34,41.66,41.14,40.78
2006-03-31,1126500.0,42.84,42.91,41.5,41.34
2006-04-03,495200.0,41.65,43.17,43.04,41.57
2006-04-04,614300.0,42.03,42.99,41.93,41.5
2006-04-05,657400.0,41.61,42.23,41.95,41.31
2006-04-06,532400.0,41.1,41.41,41.02,40.55
2006-04-07,581600.0,39.7,41.15,41.15,39.54
2006-04-10,546900.0,38.97,39.91,39.71,38.86
2006-04-11,701400.0,38.56,39.34,38.97,38.4
2006-04-12,325900.0,38.9,39.04,38.4,38.33
2006-04-13,293900.0,38.41,39.06,38.8,38.35
2006-04-17,365400.0,38.1,38.63,38.34,37.88
2006-04-18,501700.0,38.8,38.95,38.3,37.97
2006-04-19,449500.0,39.8,39.91,38.85,38.26
2006-04-20,499700.0,39.74,39.87,39.87,38.8
2006-04-21,506700.0,39.25,40.44,40.44,39.03
2006-04-24,276700.0,39.08,39.29,39.05,38.63
2006-04-25,750000.0,40.68,41.35,40.9,39.91
2006-04-26,736700.0,40.2,41.0,40.55,40.12
2006-04-27,482400.0,39.85,40.6,39.95,39.74
2006-04-28,597100.0,38.94,40.28,39.6,38.94
2006-05-01,547400.0,38.81,39.74,39.74,38.52
2006-05-02,390700.0,39.02,39.35,38.81,38.56
2006-05-03,248500.0,39.07,39.39,39.05,38.75
2006-05-04,246200.0,39.55,39.75,39.09,39.09
2006-05-05,248300.0,39.96,40.41,39.8,39.76
2006-05-08,208900.0,39.8,40.13,39.86,39.67
2006-05-09,231500.0,39.38,39.85,39.6,39.22
2006-05-10,291700.0,38.92,39.36,38.85,38.5
2006-05-11,255000.0,37.7,39.13,38.85,37.59
2006-05-12,322400.0,37.04,37.84,37.6,36.93
2006-05-15,520500.0,37.97,38.14,36.62,36.6
2006-05-16,359600.0,37.42,38.19,38.07,37.42
2006-05-17,358300.0,37.27,37.47,37.03,36.99
2006-05-18,666000.0,37.4,37.75,37.26,37.25
2006-05-19,531700.0,37.45,38.19,37.71,37.25
2006-05-22,569800.0,37.68,38.16,37.3,37.25
2006-05-23,532600.0,37.5,38.19,37.08,37.08
2006-05-24,825400.0,37.8,38.07,37.5,37.36
2006-05-25,316900.0,38.27,38.5,38.0,37.88
2006-05-26,229300.0,38.3,38.83,38.6,38.24
2006-05-30,373500.0,37.39,38.17,37.8,37.3
2006-05-31,440700.0,37.67,37.94,37.55,37.21
2006-06-01,241600.0,38.65,38.65,37.77,37.74
2006-06-02,473800.0,39.39,39.46,39.35,38.84
2006-06-05,473100.0,38.51,40.18,39.56,38.45
2006-06-06,367900.0,37.92,38.65,38.5,37.63
2006-06-07,349000.0,37.52,38.493,37.89,37.4
2006-06-08,477100.0,37.92,38.27,37.4,37.16
2006-06-09,477300.0,38.2,38.49,38.15,37.76
2006-06-12,526600.0,38.0,38.95,37.89,37.76
2006-06-13,746000.0,38.1,38.43,37.75,37.62
2006-06-14,931000.0,37.66,38.09,38.0,37.17
2006-06-15,356800.0,38.64,38.84,37.66,37.66
2006-06-16,825200.0,38.64,38.96,38.55,37.88
2006-06-19,353600.0,37.97,38.71,38.64,37.92
2006-06-20,336400.0,37.84,38.23,37.96,37.75
2006-06-21,253900.0,37.94,38.61,37.76,37.76
2006-06-22,408100.0,37.32,37.81,37.6,37.16
2006-06-23,263800.0,37.37,37.7,36.57,36.57
2006-06-26,239800.0,38.11,38.17,37.87,37.47
2006-06-27,310500.0,37.28,38.47,38.23,37.14
2006-06-28,259500.0,37.32,37.57,37.43,37.14
2006-06-29,356100.0,38.55,38.69,37.57,37.46
2006-06-30,524500.0,37.75,38.95,38.8,37.59
2006-07-03,129500.0,38.06,38.06,37.69,37.57
2006-07-05,350800.0,37.23,37.82,37.82,36.87
2006-07-06,357300.0,37.38,37.97,37.97,37.04
2006-07-07,273300.0,36.67,37.69,37.27,36.57
2006-07-10,453100.0,36.39,36.85,36.63,36.08
2006-07-11,325200.0,36.99,37.06,36.24,36.04
2006-07-12,303600.0,36.12,36.93,36.8,36.03
2006-07-13,281800.0,34.85,35.93,35.72,34.8
2006-07-14,318200.0,34.43,34.95,34.7,34.4
2006-07-17,322300.0,34.11,35.0,34.33,34.07
2006-07-18,321100.0,34.52,34.61,34.35,33.96
2006-07-19,393600.0,35.53,35.72,34.52,34.52
2006-07-20,282100.0,34.55,35.65,35.5,34.51
2006-07-21,343300.0,34.46,34.75,34.36,33.9
2006-07-24,200900.0,35.19,35.3,34.54,34.54
2006-07-25,330700.0,35.15,35.4,35.06,34.83
2006-07-26,304500.0,35.0,35.47,35.15,34.74
2006-07-27,282900.0,34.98,35.26,35.1,34.69
2006-07-28,217400.0,35.39,35.67,35.2,35.05
2006-07-31,502700.0,34.61,34.95,34.69,33.92
2006-08-01,678900.0,33.99,34.29,34.2,33.65
2006-08-02,345600.0,34.93,35.16,34.15,34.08
2006-08-03,307300.0,35.49,35.64,34.7,34.65
2006-08-04,236400.0,35.7,36.36,36.0,35.23
2006-08-07,163500.0,35.55,35.75,35.55,35.23
2006-08-08,281600.0,35.28,36.5,35.81,35.26
2006-08-09,233100.0,35.39,36.34,35.59,35.26
2006-08-10,204800.0,35.51,36.05,35.15,35.01
2006-08-11,181500.0,35.71,35.84,35.15,35.09
2006-08-14,279000.0,36.02,36.74,35.96,35.88
2006-08-15,231700.0,37.22,37.36,36.7,36.64
2006-08-16,318100.0,37.84,37.92,37.47,37.27
2006-08-17,123700.0,37.91,38.3,37.71,37.65
2006-08-18,119200.0,38.07,38.16,38.09,37.54
2006-08-21,137700.0,37.93,38.2,37.82,37.76
2006-08-22,146300.0,37.97,38.24,37.93,37.76
2006-08-23,243000.0,37.33,38.36,38.24,37.29
2006-08-24,187500.0,37.27,37.65,37.43,37.0
2006-08-25,118000.0,37.3,37.67,37.23,37.08
2006-08-28,123500.0,37.98,38.08,37.37,37.32
2006-08-29,196000.0,37.51,38.08,38.08,37.45
2006-08-30,256400.0,38.04,38.23,37.63,37.5801
2006-08-31,166200.0,38.31,38.5,38.1,38.1
2006-09-01,155200.0,38.35,38.73,38.56,38.21
2006-09-05,236600.0,38.32,38.45,38.1,37.95
2006-09-06,142700.0,38.15,38.45,38.12,38.12
2006-09-07,143500.0,38.15,38.65,38.2,38.02
2006-09-08,133400.0,38.47,38.53,38.21,37.76
2006-09-11,122500.0,38.1,38.42,38.22,37.6
2006-09-12,399100.0,38.81,38.98,38.2,36.99
2006-09-13,200800.0,38.92,39.16,38.8,38.6
2006-09-14,140500.0,38.62,38.91,38.9,38.51
2006-09-15,433100.0,38.53,38.89,38.81,38.03
2006-09-18,349300.0,38.05,38.45,38.45,37.77
2006-09-19,224200.0,38.13,38.2,38.05,37.19
2006-09-20,194500.0,38.39,38.86,38.5,38.15
2006-09-21,241000.0,37.66,38.65,38.5,37.37
2006-09-22,248500.0,36.95,37.56,37.5,36.56
2006-09-25,264200.0,37.34,37.49,36.92,36.5
2006-09-26,233100.0,37.11,37.53,37.19,36.61
2006-09-27,432200.0,38.01,38.01,36.86,36.82
2006-09-28,321200.0,37.37,38.25,38.0,37.36
2006-09-29,330300.0,37.1,37.85,37.38,37.07
2006-10-02,227800.0,36.87,37.54,37.12,36.67
2006-10-03,290100.0,37.02,37.43,36.72,36.68
2006-10-04,433500.0,37.91,37.96,36.85,36.67
2006-10-05,300700.0,38.49,38.55,37.84,37.66
2006-10-06,406500.0,38.08,38.44,38.29,37.63
2006-10-09,311000.0,37.93,38.08,38.01,37.22
2006-10-10,221900.0,38.39,38.51,37.87,37.84
2006-10-11,292400.0,38.29,38.7,38.25,37.87
2006-10-12,261600.0,38.95,39.0,38.53,38.36
2006-10-13,136300.0,39.31,39.34,39.04,38.9
2006-10-16,161800.0,39.43,39.52,39.23,39.06
2006-10-17,183200.0,39.05,39.34,39.2,38.9
2006-10-18,186000.0,39.61,39.76,39.24,39.13
2006-10-19,148600.0,39.84,39.99,39.55,39.36
2006-10-20,89200.0,39.63,39.99,39.99,39.46
2006-10-23,135700.0,39.52,39.8,39.43,39.12
2006-10-24,194400.0,39.55,39.77,39.4,39.32
2006-10-25,167600.0,39.71,40.0,39.65,39.1
2006-10-26,294700.0,40.82,40.88,39.75,39.65
2006-10-27,236900.0,40.0,41.0,40.7,39.86
2006-10-30,164000.0,40.73,40.73,39.75,39.56
2006-10-31,172900.0,40.6,40.959,40.73,39.9
2006-11-01,331200.0,39.25,40.74,40.69,39.13
2006-11-02,232000.0,38.55,39.07,38.92,38.25
2006-11-03,207700.0,38.13,38.85,38.65,37.89
2006-11-06,211900.0,38.88,39.15,38.38,38.1
2006-11-07,225100.0,38.51,39.58,39.02,38.43
2006-11-08,148300.0,38.95,39.15,38.48,38.11
2006-11-09,165200.0,38.66,39.19,39.0,38.51
2006-11-10,141000.0,39.42,39.51,38.75,38.62
2006-11-13,221600.0,39.9,40.0,39.49,39.4
2006-11-14,280200.0,40.9,40.94,39.89,39.79
2006-11-15,276400.0,40.86,41.43,40.89,40.69
2006-11-16,173200.0,41.16,41.18,41.01,40.85
2006-11-17,199300.0,41.3,41.36,41.15,40.63
2006-11-20,301700.0,41.29,42.17,42.17,41.083
2006-11-21,140700.0,41.93,41.96,41.2701,41.15
2006-11-22,147200.0,41.77,42.0,41.91,41.59
2006-11-24,50700.0,41.8,41.9,41.46,41.17
2006-11-27,284300.0,40.84,41.6,41.6,40.78
2006-11-28,207000.0,41.3,41.49,40.9,40.53
2006-11-29,117800.0,41.76,41.99,41.5,41.09
2006-11-30,199800.0,41.69,41.97,41.73,41.36
2006-12-01,242600.0,41.53,41.76,41.67,40.76
2006-12-04,235500.0,42.52,42.76,41.68,41.68
2006-12-05,219800.0,42.48,43.07,42.66,42.42
2006-12-06,174400.0,42.44,42.77,42.26,42.0
2006-12-07,155700.0,42.47,43.0,42.49,42.4
2006-12-08,122100.0,42.17,42.31,42.1,41.6
2006-12-11,212300.0,42.7,42.84,42.5,42.43
2006-12-12,278900.0,43.01,43.21,42.75,42.2
2006-12-13,227900.0,42.97,43.44,43.1,42.71
2006-12-14,207400.0,43.38,43.65,43.07,43.0
2006-12-15,394400.0,43.66,43.73,43.45,43.25
2006-12-18,248600.0,42.9,43.6,43.59,42.68
2006-12-19,180700.0,43.18,43.23,42.75,42.68
2006-12-20,195800.0,43.48,43.59,43.26,43.1
2006-12-21,194000.0,43.75,43.9,43.5,43.5
2006-12-22,199900.0,43.41,43.78,43.65,43.41
2006-12-26,176000.0,44.29,44.33,43.3,43.12
2006-12-27,162900.0,44.54,44.8,44.59,44.25
2006-12-28,283100.0,44.81,44.94,44.5,44.19
2006-12-29,232000.0,43.82,44.7,44.6,43.71
2007-01-03,318400.0,44.35,45.04,44.07,43.71
2007-01-04,252700.0,44.64,44.83,44.25,44.0
2007-01-05,324900.0,44.36,44.54,44.09,43.86
2007-01-08,260500.0,44.21,44.59,44.24,43.99
2007-01-09,237100.0,45.13,45.38,44.35,44.22
2007-01-10,281100.0,45.61,45.66,44.9,44.75
2007-01-11,372800.0,47.14,47.24,45.8,45.75
2007-01-12,394200.0,47.84,48.33,47.24,47.24
2007-01-16,347100.0,47.73,48.53,48.04,47.64
2007-01-17,215100.0,47.64,48.01,47.5,47.33
2007-01-18,266300.0,47.0,47.77,47.65,46.91
2007-01-19,247200.0,47.59,47.78,46.45,46.31
2007-01-22,212300.0,47.09,47.65,47.6,46.87
2007-01-23,264300.0,47.16,47.78,46.98,46.95
2007-01-24,282700.0,47.72,47.76,47.4,47.12
2007-01-25,252300.0,47.11,47.73,47.72,46.88
2007-01-26,320700.0,47.11,47.3,47.14,46.47
2007-01-29,363600.0,47.18,47.46,47.32,46.18
2007-01-30,316500.0,47.3,47.3,47.17,46.77
2007-01-31,278900.0,47.21,47.51,47.2,47.0
2007-02-01,256500.0,47.4,47.52,47.13,46.97
2007-02-02,274000.0,47.16,47.39,47.39,46.96
2007-02-05,677400.0,48.1,48.65,48.35,47.73
2007-02-06,530100.0,47.7,48.0,47.71,47.05
2007-02-07,578600.0,47.98,48.07,47.75,47.62
2007-02-08,425800.0,47.75,48.01,48.01,47.64
2007-02-09,484800.0,47.15,47.75,47.71,46.55
2007-02-12,432200.0,46.47,47.12,47.12,46.24
2007-02-13,363700.0,46.84,46.84,46.49,46.17
2007-02-14,489000.0,46.95,47.32,46.9,46.51
2007-02-15,277200.0,46.84,47.07,46.89,46.5
2007-02-16,295400.0,46.76,46.87,46.83,46.15
2007-02-20,233300.0,47.1,47.2,46.78,46.19
2007-02-21,216500.0,46.97,47.19,46.95,46.65
2007-02-22,314000.0,46.67,47.01,46.98,46.45
2007-02-23,358500.0,46.36,46.55,46.55,46.16
2007-02-26,350500.0,46.15,46.63,46.41,45.63
2007-02-27,626100.0,44.85,45.52,44.78,44.08
2007-02-28,405000.0,45.2,45.84,44.95,44.34
2007-03-01,421300.0,45.18,45.85,44.7,44.4
2007-03-02,405900.0,44.61,45.56,45.2982,44.44
2007-03-05,517400.0,43.35,44.45,44.05,43.32
2007-03-06,422300.0,44.73,45.14,43.75,43.5
2007-03-07,415400.0,44.34,45.02,44.61,44.18
2007-03-08,437500.0,44.83,45.25,44.49,44.49
2007-03-09,216400.0,44.88,45.33,45.08,44.51
2007-03-12,202800.0,45.27,45.4,44.89,44.76
2007-03-13,284300.0,44.05,44.95,44.77,43.94
2007-03-14,208400.0,44.39,44.58,43.99,43.41
2007-03-15,209200.0,44.88,44.93,44.3,44.1
2007-03-16,512500.0,44.99,45.23,44.87,44.61
2007-03-19,326300.0,45.84,45.95,45.24,45.12
2007-03-20,194200.0,46.03,46.07,45.65,45.32
2007-03-21,500500.0,47.04,47.25,46.13,45.71
2007-03-22,357600.0,47.05,47.36,47.36,46.73
2007-03-23,239200.0,47.27,47.49,47.07,46.95
2007-03-26,241900.0,46.78,47.27,47.27,46.45
2007-03-27,235800.0,45.88,46.76,46.59,45.63
2007-03-28,498000.0,45.72,45.94,45.52,45.02
2007-03-29,202500.0,45.83,45.97,45.97,45.31
2007-03-30,295100.0,45.78,45.89,45.88,45.29
2007-04-02,341400.0,46.05,46.2,46.0,45.61
2007-04-03,347200.0,46.29,46.47,46.0,45.95
2007-04-04,250300.0,46.05,46.29,46.2,45.93
2007-04-05,264300.0,45.09,45.9,45.9,45.09
2007-04-09,243800.0,45.13,45.32,45.01,44.91
2007-04-10,215000.0,45.55,45.64,45.05,45.05
2007-04-11,250400.0,45.05,45.7,45.6,44.85
2007-04-12,188300.0,45.16,45.27,44.95,44.68
2007-04-13,590200.0,45.18,45.5,45.3,44.95
2007-04-16,409600.0,45.23,45.81,45.3,45.11
2007-04-17,265700.0,45.37,45.59,45.3,45.01
2007-04-18,233700.0,44.94,45.35,45.2,44.83
2007-04-19,213600.0,44.64,45.07,44.43,44.4
2007-04-20,243800.0,44.94,45.54,45.54,44.76
2007-04-23,192100.0,44.95,45.16,44.8,44.72
2007-04-24,238700.0,44.76,45.31,44.95,44.36
2007-04-25,221400.0,45.27,45.38,45.01,44.47
2007-04-26,526900.0,43.83,44.47,44.47,42.75
2007-04-27,708100.0,44.68,45.47,43.5,43.5
2007-04-30,512800.0,43.39,45.25,44.85,43.39
2007-05-01,504300.0,43.81,44.26,44.26,43.02
2007-05-02,374600.0,44.67,45.43,43.9,43.83
2007-05-03,291000.0,44.85,45.22,44.8,44.71
2007-05-04,283700.0,45.1,45.24,45.05,44.76
2007-05-07,463900.0,44.86,45.2916,45.21,44.61
2007-05-08,208200.0,44.78,44.89,44.38,44.26
2007-05-09,271400.0,45.44,45.68,44.56,44.45
2007-05-10,287900.0,44.53,45.7,45.2,44.51
2007-05-11,190200.0,45.21,45.23,44.7,44.52
2007-05-14,429500.0,44.4,45.38,45.32,44.32
2007-05-15,372900.0,43.88,45.18,44.53,43.83
2007-05-16,274000.0,43.76,44.24,44.06,43.44
2007-05-17,298400.0,43.06,43.72,43.72,42.92
2007-05-18,398100.0,43.31,43.73,43.13,42.62
2007-05-21,337600.0,43.91,44.5,43.22,43.13
2007-05-22,273900.0,44.37,44.59,43.91,43.73
2007-05-23,284000.0,43.81,44.83,44.42,43.79
2007-05-24,391800.0,43.12,44.18,43.77,42.96
2007-05-25,371500.0,42.5,43.25,42.77,42.32
2007-05-29,357300.0,43.01,43.36,42.67,42.66
2007-05-30,358900.0,43.94,43.96,42.76,42.76
2007-05-31,238800.0,43.78,44.23,44.12,43.52
2007-06-01,492500.0,44.03,44.23,43.99,43.56
2007-06-04,439900.0,45.11,45.28,44.0,43.8
2007-06-05,492400.0,43.26,45.39,44.97,43.24
2007-06-06,375400.0,42.37,42.86,42.85,42.23
2007-06-07,488200.0,41.27,42.13,42.0,41.27
2007-06-08,386700.0,41.82,42.07,41.1,41.06
2007-06-11,405400.0,42.2,42.46,41.57,41.35
2007-06-12,349000.0,41.24,42.25,41.96,41.03
2007-06-13,399900.0,42.19,42.29,40.95,40.72
2007-06-14,388100.0,42.18,43.05,42.15,41.92
2007-06-15,851400.0,44.45,45.31,45.0,44.0
2007-06-18,260600.0,43.41,44.5,44.46,43.36
2007-06-19,306900.0,43.2,43.4,43.16,42.67
2007-06-20,348800.0,42.62,43.68,43.35,42.62
2007-06-21,376900.0,42.86,43.09,42.5,42.03
2007-06-22,383200.0,42.51,42.78,42.67,42.19
2007-06-25,307700.0,41.6,42.51,42.41,41.39
2007-06-26,625900.0,42.75,43.99,43.3,42.46
2007-06-27,607900.0,43.75,43.87,42.32,41.09
2007-06-28,340000.0,43.69,44.42,43.87,43.66
2007-06-29,386400.0,43.05,44.51,43.93,42.96
2007-07-02,588300.0,43.97,43.97,43.55,42.56
2007-07-03,109600.0,44.23,44.45,44.1,44.03
2007-07-05,256100.0,44.5,44.64,44.4,44.19
2007-07-06,238700.0,44.53,44.72,44.4,43.73
2007-07-09,174900.0,44.19,44.53,44.53,43.73
2007-07-10,320000.0,42.8,43.86,43.66,42.78
2007-07-11,363500.0,43.17,43.26,42.78,42.36
2007-07-12,350500.0,44.33,44.34,43.49,43.19
2007-07-13,560100.0,44.9,44.98,44.45,44.09
2007-07-16,269500.0,44.22,45.12,44.66,44.09
2007-07-17,198100.0,44.47,44.87,44.54,44.27
2007-07-18,243000.0,44.2,44.45,44.18,43.27
2007-07-19,327800.0,44.65,44.93,44.53,44.2
2007-07-20,498000.0,42.98,44.6,44.55,42.44
2007-07-23,279700.0,43.11,43.76,43.1,43.02
2007-07-24,476300.0,41.58,42.67,42.64,41.32
2007-07-25,473500.0,41.55,42.75,41.85,40.48
2007-07-26,1063100.0,42.13,42.5,42.5,38.99
2007-07-27,1001700.0,42.5,43.97,42.77,42.2499
2007-07-30,761500.0,43.59,44.02,42.65,41.87
2007-07-31,776000.0,43.69,44.66,44.05,43.61
2007-08-01,1310100.0,45.11,45.24,43.9,43.5
2007-08-02,1072300.0,46.07,46.19,45.17,44.7701
2007-08-03,1216600.0,45.22,46.23,45.95,45.15
2007-08-06,833100.0,46.05,46.05,45.39,44.67
2007-08-07,918800.0,46.03,46.27,45.66,45.01
2007-08-08,1053100.0,46.14,46.27,46.25,44.54
2007-08-09,1110300.0,42.49,45.21,42.86,41.95
2007-08-10,733500.0,44.85,46.99,42.4,40.05
2007-08-13,346400.0,44.75,45.6,45.4,44.28
2007-08-14,357100.0,43.13,45.0,44.75,43.13
2007-08-15,469000.0,41.7,45.1,43.25,41.55
2007-08-16,885200.0,44.77,44.93,41.69,41.18
2007-08-17,782300.0,45.79,47.0,44.77,44.77
2007-08-20,546800.0,45.92,46.31,45.81,44.95
2007-08-21,303400.0,46.17,46.3,45.25,45.13
2007-08-22,318300.0,46.57,47.0,46.51,45.99
2007-08-23,453000.0,45.81,46.9,46.56,45.56
2007-08-24,293200.0,45.99,46.14,45.65,45.11
2007-08-27,330300.0,44.89,46.05,45.8,44.89
2007-08-28,340300.0,42.88,44.75,44.55,42.88
2007-08-29,380200.0,44.71,44.71,42.62,42.62
2007-08-30,385800.0,45.14,45.39,44.32,44.01
2007-08-31,344200.0,45.04,45.83,45.46,44.5113
2007-09-04,279700.0,44.95,45.36,45.08,44.55
2007-09-05,484200.0,44.26,44.72,44.6,43.66
2007-09-06,350100.0,43.69,44.54,44.46,43.38
2007-09-07,406000.0,42.11,43.34,43.07,42.01
2007-09-10,406400.0,41.35,42.43,42.22,40.54
2007-09-11,529000.0,41.5,41.98,41.45,40.88
2007-09-12,490900.0,42.0,42.2,41.35,41.35
2007-09-13,512600.0,42.32,42.98,42.18,42.01
2007-09-14,441000.0,41.81,42.16,41.79,41.48
2007-09-17,653100.0,41.21,41.88,41.7,41.1
2007-09-18,734600.0,43.37,44.0,41.21,41.0
2007-09-19,508700.0,44.22,45.28,44.1,43.77
2007-09-20,226000.0,43.34,44.25,44.25,43.07
2007-09-21,1328800.0,44.86,45.1,43.85,43.52
2007-09-24,538100.0,44.78,45.45,45.03,44.35
2007-09-25,291300.0,44.91,45.0,44.67,43.74
2007-09-26,331300.0,45.53,45.64,45.22,44.88
2007-09-27,526200.0,45.62,45.82,45.6,44.69
2007-09-28,379600.0,45.03,45.73,45.73,44.64
2007-10-01,420900.0,45.0,45.26,44.98,44.36
2007-10-02,225400.0,45.1,45.12,44.87,44.66
2007-10-03,227700.0,45.0,45.0,44.91,44.16
2007-10-04,238100.0,45.43,45.64,45.26,45.07
2007-10-05,396500.0,46.09,46.42,45.95,45.63
2007-10-08,420500.0,46.24,49.98,45.85,45.4
2007-10-09,529000.0,45.98,46.9,46.74,45.98
2007-10-10,490200.0,45.4,46.05,45.98,45.0
2007-10-11,391600.0,44.88,45.92,45.59,44.38
2007-10-12,219200.0,44.75,45.26,45.02,44.41
2007-10-15,302900.0,44.27,44.985,44.58,43.9401
2007-10-16,267300.0,43.54,44.73,44.42,43.1901
2007-10-17,270400.0,43.76,44.05,44.05,42.5
2007-10-18,347700.0,43.86,44.22,43.53,43.01
2007-10-19,381300.0,42.35,43.88,43.82,42.35
2007-10-22,308700.0,43.02,43.24,42.32,41.5
2007-10-23,335000.0,43.57,43.74,43.31,42.5
2007-10-24,417600.0,43.61,43.94,43.31,42.89
2007-10-25,592700.0,45.08,45.72,44.23,43.863
2007-10-26,549400.0,45.61,46.0,46.0,45.17
2007-10-29,523100.0,46.1,46.77,45.9,45.57
2007-10-30,688700.0,46.84,47.1,46.0,46.0
2007-10-31,634400.0,47.66,47.71,47.09,46.26
2007-11-01,619900.0,45.32,47.04,47.04,45.32
2007-11-02,496300.0,45.33,45.92,45.86,44.54
2007-11-05,365900.0,45.3,45.61,44.49,44.49
2007-11-06,403200.0,46.27,46.34,45.67,45.0
2007-11-07,398300.0,44.02,46.0,46.0,44.02
2007-11-08,569800.0,44.93,45.02,44.4,43.49
2007-11-09,491300.0,44.5,45.02,44.07,43.82
2007-11-12,573200.0,44.14,45.22,44.38,44.01
2007-11-13,480100.0,44.85,45.09,44.35,44.2
2007-11-14,484500.0,44.15,45.18,45.18,44.01
2007-11-15,421000.0,44.41,44.66,43.68,43.64
2007-11-16,653900.0,43.44,44.65,44.65,42.83
2007-11-19,484000.0,42.6,43.44,43.21,42.18
2007-11-20,574300.0,42.32,43.53,42.71,41.41
2007-11-21,415300.0,42.05,42.65,42.07,41.14
2007-11-23,189000.0,43.7,43.83,42.71,42.28
2007-11-26,593700.0,41.65,43.76,43.6,41.65
2007-11-27,522400.0,42.6,42.64,41.82,41.75
2007-11-28,525600.0,45.15,45.15,43.01,42.6
2007-11-29,498500.0,45.33,45.479,44.72,44.65
2007-11-30,779300.0,45.91,46.0,45.7,45.39
2007-12-03,389900.0,45.58,46.09,46.09,45.19
2007-12-04,484400.0,44.84,45.5,44.82,44.78
2007-12-05,404400.0,45.25,45.71,45.43,44.68
2007-12-06,510000.0,47.14,47.14,45.28,45.06
2007-12-07,407400.0,47.2,47.5,47.34,46.42
2007-12-10,310000.0,48.15,48.15,47.42,47.08
2007-12-11,559200.0,45.83,48.38,48.09,45.8
2007-12-12,543900.0,46.65,48.5,46.8,46.14
2007-12-13,253000.0,46.33,46.5,46.05,45.22
2007-12-14,352000.0,44.22,46.28,45.6,44.22
2007-12-17,341800.0,43.74,44.42,43.91,43.3
2007-12-18,370800.0,45.16,45.34,44.28,43.41
2007-12-19,603600.0,45.76,46.11,44.67,44.67
2007-12-20,397900.0,46.24,46.45,45.82,45.12
2007-12-21,633900.0,46.85,47.0,46.5,46.48
2007-12-24,202200.0,48.17,48.17,46.67,46.46
2007-12-26,227800.0,47.45,48.0,48.0,46.91
2007-12-27,325900.0,45.15,47.38,46.95,45.12
2007-12-28,249300.0,44.62,45.81,45.55,44.5
2007-12-31,293100.0,44.44,45.19,44.47,44.0
2008-01-02,480800.0,44.1,44.9,44.3,43.49
2008-01-03,372300.0,43.29,44.7,44.09,43.24
2008-01-04,502100.0,42.65,43.61,42.79,42.31
2008-01-07,492100.0,43.91,44.62,42.76,42.62
2008-01-08,665900.0,41.63,45.15,44.33,41.59
2008-01-09,818500.0,40.75,41.51,41.51,39.08
2008-01-10,824700.0,41.59,42.53,40.41,40.13
2008-01-11,460500.0,41.19,42.15,41.13,40.73
2008-01-14,432700.0,41.6,42.05,41.39,40.6
2008-01-15,689200.0,40.08,41.25,41.1,40.0
2008-01-16,599300.0,40.75,41.57,39.95,39.95
2008-01-17,657900.0,38.72,40.63,40.5,38.72
2008-01-18,745900.0,38.56,39.9,38.8,37.86
2008-01-22,604800.0,39.22,39.81,37.03,37.0
2008-01-23,852100.0,41.97,42.09,38.3,38.27
2008-01-24,712200.0,40.11,42.16,41.96,39.55
2008-01-25,585000.0,40.02,41.94,40.59,39.59
2008-01-28,610000.0,41.88,41.88,39.95,38.88
2008-01-29,633800.0,42.6,42.93,42.51,41.6
2008-01-30,806900.0,41.53,44.15,42.22,41.53
2008-01-31,739600.0,42.93,43.49,41.0,41.0
2008-02-01,510400.0,43.88,44.11,42.74,42.36
2008-02-04,877600.0,41.92,47.0,43.61,41.54
2008-02-05,1093200.0,39.33,41.6,41.6,39.33
2008-02-06,913800.0,39.1,40.13,39.62,38.65
2008-02-07,771200.0,39.83,39.92,39.27,38.58
2008-02-08,748700.0,38.89,40.24,40.16,38.5
2008-02-11,761900.0,39.92,40.55,39.0,39.0
2008-02-12,515100.0,40.41,41.07,40.12,39.91
2008-02-13,511400.0,41.19,41.95,41.02,40.57
2008-02-14,445000.0,40.55,41.34,41.15,40.39
2008-02-15,448200.0,40.89,40.98,40.4,39.94
2008-02-19,719600.0,41.38,42.0,41.34,41.19
2008-02-20,914700.0,42.97,42.99,41.76,41.65
2008-02-21,683600.0,41.63,43.89,43.31,41.59
2008-02-22,642100.0,41.86,42.01,41.75,41.05
2008-02-25,725100.0,43.58,43.58,42.33,41.69
2008-02-26,864000.0,43.81,44.42,43.68,43.32
2008-02-27,540900.0,43.69,44.77,43.38,43.3601
2008-02-28,431200.0,42.39,43.48,43.37,42.13
2008-02-29,581500.0,41.27,42.34,42.02,41.25
2008-03-03,822100.0,41.72,41.89,41.13,40.49
2008-03-04,871200.0,41.17,41.77,41.37,40.53
2008-03-05,600700.0,41.29,41.99,41.26,40.66
2008-03-06,607700.0,39.56,41.24,41.14,39.56
2008-03-07,874600.0,39.73,40.52,39.53,39.25
2008-03-10,582700.0,38.77,39.94,39.94,38.77
2008-03-11,787100.0,40.86,40.86,39.75,39.07
2008-03-12,754400.0,40.29,41.48,41.12,40.17
2008-03-13,663900.0,40.89,41.48,40.14,39.15
2008-03-14,908700.0,40.52,41.38,41.32,39.35
2008-03-17,983700.0,40.43,40.94,39.57,39.5
2008-03-18,678800.0,41.62,41.62,41.23,40.07
2008-03-19,991100.0,41.66,42.4,42.22,41.55
2008-03-20,1045100.0,42.61,42.92,42.3,41.82
2008-03-24,541100.0,43.76,44.44,42.78,42.78
2008-03-25,388200.0,43.62,43.74,43.43,42.9
2008-03-26,390900.0,42.74,43.65,43.65,42.5
2008-03-27,392700.0,41.85,43.08,42.84,41.85
2008-03-28,314700.0,41.12,42.08,41.86,41.02
2008-03-31,551900.0,41.27,42.07,41.37,41.0
2008-04-01,512100.0,42.82,42.82,41.75,41.4
2008-04-02,382600.0,42.73,43.22,42.88,42.28
2008-04-03,468200.0,43.39,43.49,42.52,42.19
2008-04-04,570100.0,42.38,43.31,43.31,42.25
2008-04-07,268200.0,42.39,42.92,42.55,41.91
2008-04-08,310600.0,42.37,42.61,42.02,41.87
2008-04-09,402200.0,40.45,42.68,42.37,40.41
2008-04-10,365100.0,40.99,41.22,40.37,40.3
2008-04-11,425200.0,40.62,41.14,40.54,40.28
2008-04-14,250200.0,40.18,40.92,40.58,40.18
2008-04-15,372600.0,41.13,41.13,40.2,40.2
2008-04-16,405500.0,43.14,43.14,41.37,41.29
2008-04-17,789100.0,44.06,44.13,43.05,42.51
2008-04-18,1500300.0,45.14,47.17,45.07,44.52
2008-04-21,530100.0,44.6,44.89,44.89,43.78
2008-04-22,497100.0,43.98,44.55,44.43,43.44
2008-04-23,375600.0,44.21,44.99,44.09,43.6
2008-04-24,583300.0,45.52,46.24,46.24,43.6
2008-04-25,522800.0,46.37,46.48,45.74,45.38
2008-04-28,581000.0,47.06,47.09,46.72,46.11
2008-04-29,486500.0,45.55,46.99,46.78,45.3
2008-04-30,627900.0,44.81,46.3,45.84,44.67
2008-05-01,480300.0,45.6,45.82,44.84,44.71
2008-05-02,524500.0,45.12,46.21,45.71,45.03
2008-05-05,318700.0,45.15,45.43,44.8,44.72
2008-05-06,446600.0,45.05,45.3,44.96,44.38
2008-05-07,374400.0,43.85,45.51,45.28,43.81
2008-05-08,335500.0,44.29,44.86,43.81,43.74
2008-05-09,216700.0,44.32,44.55,43.92,43.74
2008-05-12,287800.0,45.9,45.9,44.29,43.99
2008-05-13,278000.0,45.84,46.41,46.09,45.44
2008-05-14,306400.0,45.58,46.42,45.8,45.33
2008-05-15,244800.0,46.18,46.2,45.7,45.11
2008-05-16,411200.0,46.58,46.9,46.21,45.94
2008-05-19,438200.0,46.1,46.78,46.71,45.87
2008-05-20,377400.0,46.5,46.65,46.03,45.91
2008-05-21,389100.0,45.57,46.9799,46.71,45.5
2008-05-22,279900.0,46.14,46.49,45.55,45.414
2008-05-23,360200.0,45.62,46.31,45.94,45.43
2008-05-27,289200.0,46.14,46.46,45.3,45.12
2008-05-28,443400.0,46.52,46.6,46.23,45.62
2008-05-29,486900.0,48.03,48.12,46.49,46.49
2008-05-30,653000.0,48.34,48.7,48.16,47.55
2008-06-02,342300.0,47.93,48.35,48.3,47.55
2008-06-03,416900.0,48.41,48.42,48.24,47.7
2008-06-04,601900.0,48.68,48.97,48.33,48.15
2008-06-05,488100.0,49.88,49.88,48.7,48.33
2008-06-06,449900.0,47.96,49.82,49.55,47.83
2008-06-09,615900.0,47.93,48.63,47.87,47.2101
2008-06-10,616900.0,48.42,48.47,47.4,47.11
2008-06-11,458700.0,47.63,48.63,48.42,47.52
2008-06-12,504900.0,48.57,49.13,47.95,47.92
2008-06-13,380400.0,49.73,49.73,49.04,48.34
2008-06-16,501200.0,50.33,50.39,49.86,49.18
2008-06-17,382500.0,48.94,50.5,50.31,48.93
2008-06-18,369000.0,48.71,49.65,48.51,48.27
2008-06-19,403300.0,49.41,49.41,48.61,48.23
2008-06-20,628500.0,48.09,49.24,48.18,48.01
2008-06-23,351500.0,47.35,48.61,48.41,47.31
2008-06-24,452800.0,47.33,48.16,46.99,46.49
2008-06-25,360300.0,47.8,48.7,47.55,47.19
2008-06-26,462300.0,46.11,47.59,47.5,46.03
2008-06-27,1105700.0,45.42,46.45,45.95,45.12
2008-06-30,533100.0,45.12,46.16,44.58,44.58
2008-07-01,569400.0,45.95,46.02,44.55,44.1
2008-07-02,482500.0,44.16,46.16,45.8,44.16
2008-07-03,321700.0,43.65,44.87,44.3,43.64
2008-07-07,872600.0,42.11,44.15,43.6,41.86
2008-07-08,726700.0,45.52,45.53,41.79,41.79
2008-07-09,682900.0,42.16,45.78,45.48,42.02
2008-07-10,634600.0,43.35,44.15,42.31,42.0
2008-07-11,565400.0,44.38,45.24,42.87,42.46
2008-07-14,654600.0,43.26,45.43,44.67,43.01
2008-07-15,670800.0,42.56,44.38,42.67,42.46
2008-07-16,671400.0,46.12,46.12,42.62,42.0
2008-07-17,654700.0,47.02,47.16,46.35,44.8
2008-07-18,524000.0,47.05,47.39,47.22,46.01
2008-07-21,498000.0,46.71,47.49,47.37,46.07
2008-07-22,630700.0,48.29,48.29,46.48,45.78
2008-07-23,800300.0,48.23,49.28,48.15,47.02
2008-07-24,772200.0,44.35,48.58,48.4,44.17
2008-07-25,788700.0,45.17,45.91,45.02,44.26
2008-07-28,575800.0,44.02,45.99,45.1,43.93
2008-07-29,885400.0,46.3,46.3,44.15,44.15
2008-07-30,619400.0,47.01,47.32,46.5,45.37
2008-07-31,607000.0,46.57,47.2,46.51,45.56
2008-08-01,495700.0,46.93,47.47,46.19,45.33
2008-08-04,544100.0,46.25,46.93,46.93,45.49
2008-08-05,568900.0,47.74,47.81,46.98,46.58
2008-08-06,365400.0,47.47,47.87,47.74,47.14
2008-08-07,468700.0,45.56,47.1,47.1,45.2
2008-08-08,550900.0,47.55,47.92,45.5,45.5
2008-08-11,574400.0,48.69,49.29,47.56,47.38
2008-08-12,536300.0,47.36,48.89,48.54,46.94
2008-08-13,367800.0,47.14,47.61,46.51,46.48
2008-08-14,325200.0,47.8,48.19,47.05,46.75
2008-08-15,383500.0,47.54,49.15,48.2,47.0001
2008-08-18,413400.0,46.1,47.84,47.84,45.87
2008-08-19,548100.0,45.57,45.97,45.6,44.64
2008-08-20,515300.0,45.27,46.19,45.57,44.34
2008-08-21,423100.0,45.07,45.57,44.65,44.53
2008-08-22,508200.0,46.08,46.15,45.62,44.96
2008-08-25,378400.0,44.53,46.06,45.9,44.43
2008-08-26,476200.0,44.6,45.33,44.53,44.07
2008-08-27,482500.0,45.98,46.13,44.35,44.35
2008-08-28,636100.0,47.65,47.89,46.28,46.28
2008-08-29,439900.0,46.69,47.63,47.61,46.42
2008-09-02,531200.0,47.22,48.35,47.08,46.39
2008-09-03,638600.0,48.59,48.59,47.29,46.9
2008-09-04,672500.0,46.43,48.35,48.35,46.43
2008-09-05,449900.0,46.96,47.24,46.01,45.31
2008-09-08,919500.0,49.32,49.65,48.24,47.71
2008-09-09,1155200.0,46.46,48.18,46.75,46.19
2008-09-10,713400.0,47.13,47.5,46.03,45.62
2008-09-11,520700.0,47.67,47.92,46.41,45.82
2008-09-12,737000.0,47.9,47.97,47.19,47.19
2008-09-15,766600.0,45.45,47.94,46.4,45.45
2008-09-16,1414000.0,46.88,46.88,44.79,44.3
2008-09-17,962100.0,43.98,46.51,45.74,43.98
2008-09-18,1528600.0,51.68,51.68,44.63,44.63
2008-09-19,1914200.0,50.08,54.79,52.86,47.5
2008-09-22,667100.0,45.99,49.4,48.88,45.99
2008-09-23,561500.0,46.2,47.61,46.46,45.91
2008-09-24,346900.0,46.19,47.03,46.73,45.92
2008-09-25,569000.0,48.6,49.0,47.32,46.72
2008-09-26,548000.0,50.01,50.01,47.84,47.49
2008-09-29,816200.0,45.68,49.39,48.32,45.68
2008-09-30,964500.0,46.39,46.52,46.5,45.36
2008-10-01,562700.0,46.52,47.1,46.01,45.49
2008-10-02,561500.0,44.9,46.67,46.2,44.77
2008-10-03,577700.0,43.27,46.74,45.55,43.27
2008-10-06,1005400.0,42.16,42.87,42.81,38.99
2008-10-07,1063800.0,41.0,44.09,42.45,40.92
2008-10-08,1314000.0,41.26,43.44,39.39,38.82
2008-10-09,1197600.0,38.62,43.37,41.76,38.62
2008-10-10,1972900.0,44.7,44.99,37.45,36.12
2008-10-13,1413900.0,45.01,46.64,46.64,43.7
2008-10-14,1044900.0,42.43,46.38,46.07,39.57
2008-10-15,1887500.0,37.89,41.67,41.35,36.29
2008-10-16,1307500.0,40.65,41.1,38.18,36.5
2008-10-17,1064700.0,38.05,41.09,38.69,37.72
2008-10-20,859100.0,38.87,38.88,38.4,37.13
2008-10-21,537900.0,37.44,38.85,38.55,37.15
2008-10-22,960900.0,33.82,37.23,37.0,33.6
2008-10-23,1122200.0,32.84,35.5,33.5,31.11
2008-10-24,1003600.0,29.37,30.54,29.58,28.65
2008-10-27,1039600.0,25.25,29.87,28.84,25.25
2008-10-28,1631000.0,30.26,30.73,26.37,25.87
2008-10-29,1127100.0,30.42,31.45,30.2,29.17
2008-10-30,799600.0,31.87,31.94,30.45,29.86
2008-10-31,855200.0,33.21,33.55,31.77,30.8
2008-11-03,576300.0,32.53,33.59,33.21,32.41
2008-11-04,769200.0,33.78,34.08,32.74,32.32
2008-11-05,1145700.0,30.71,33.47,33.37,30.55
2008-11-06,777900.0,30.26,31.22,30.56,29.57
2008-11-07,941900.0,31.79,31.79,30.63,29.57
2008-11-10,1060100.0,28.68,32.4,32.4,28.46
2008-11-11,1251700.0,28.1,29.07,28.25,27.56
2008-11-12,1206100.0,27.47,28.45,28.24,27.0
2008-11-13,1934500.0,30.42,30.42,27.68,25.19
2008-11-14,1325700.0,26.27,30.94,30.0,26.25
2008-11-17,1376100.0,25.94,26.99,25.44,25.28
2008-11-18,1500500.0,25.07,25.9,25.3,24.04
2008-11-19,1357600.0,23.42,25.58,24.45,23.17
2008-11-20,1721100.0,21.13,23.99,23.52,20.57
2008-11-21,2120100.0,22.92,24.01,21.87,20.2901
2008-11-24,1837900.0,27.25,27.54,23.68,22.72
2008-11-25,1381300.0,26.97,28.47,27.32,24.73
2008-11-26,1339700.0,27.44,27.55,26.19,25.72
2008-11-28,582000.0,26.68,27.39,26.8,26.32
2008-12-01,1558900.0,20.78,26.38,25.7,20.63
2008-12-02,2019300.0,24.27,24.72,21.07,20.97
2008-12-03,1497900.0,24.48,24.73,23.02,22.47
2008-12-04,1266000.0,23.27,25.76,24.66,22.95
2008-12-05,1471300.0,25.85,27.0,22.87,22.87
2008-12-08,2016500.0,28.97,29.1,26.93,26.36
2008-12-09,1316200.0,26.63,29.43,28.84,26.43
2008-12-10,1223200.0,28.48,28.78,26.87,26.83
2008-12-11,1953500.0,24.39,28.37,28.2,24.06
2008-12-12,1799500.0,26.19,26.41,24.3,23.34
2008-12-15,1308100.0,25.0,26.55,26.23,24.25
2008-12-16,1982900.0,28.98,29.18,25.34,25.34
2008-12-17,1532400.0,26.09,27.09,24.49,23.59
2008-12-18,1361600.0,24.9,26.8,26.8,24.62
2008-12-19,1151400.0,26.12,26.31,25.92,25.12
2008-12-22,911300.0,24.65,25.58,25.26,23.32
2008-12-23,643100.0,24.58,25.46,24.91,24.27
2008-12-24,229100.0,24.52,24.9,24.9,24.12
2008-12-26,271800.0,25.14,25.23,24.91,24.46
2008-12-29,574100.0,24.11,25.21,25.01,23.78
2008-12-30,757600.0,25.45,25.5,24.48,24.48
2008-12-31,968800.0,26.01,26.37,25.32,24.58
2009-01-02,507000.0,25.48,26.43,25.74,25.2
2009-01-05,824500.0,24.86,25.62,25.42,24.54
2009-01-06,960100.0,25.77,25.85,24.91,24.29
2009-01-07,857800.0,24.36,25.48,25.48,24.111
2009-01-08,524300.0,25.17,25.58,24.43,24.1
2009-01-09,604100.0,23.66,25.42,25.3,23.59
2009-01-12,731200.0,22.76,23.95,23.6,22.43
2009-01-13,997700.0,24.31,24.54,22.74,22.46
2009-01-14,1383300.0,23.44,23.88,23.58,23.2
2009-01-15,1188000.0,25.16,25.45,23.39,23.03
2009-01-16,1052400.0,26.51,26.7,25.52,24.83
2009-01-20,1311100.0,24.13,26.25,26.02,23.83
2009-01-21,1657900.0,26.34,26.44,24.41,23.575
2009-01-22,939400.0,25.3,26.55,25.87,24.85
2009-01-23,564900.0,26.03,26.05,24.58,23.93
2009-01-26,573500.0,25.61,27.0,26.1,25.08
2009-01-27,495400.0,26.44,26.59,25.66,25.47
2009-01-28,1021100.0,28.5,28.72,27.23,26.6
2009-01-29,942800.0,26.42,28.18,28.17,26.32
2009-01-30,1100900.0,25.19,26.99,26.59,24.91
2009-02-02,736000.0,26.36,26.49,24.47,24.35
2009-02-03,752400.0,26.82,27.25,26.44,25.75
2009-02-04,524600.0,26.13,27.54,26.76,26.0
2009-02-05,624300.0,26.09,26.94,25.8,25.11
2009-02-06,728400.0,28.04,28.34,26.06,25.94
2009-02-09,456800.0,28.33,28.41,28.4,27.46
2009-02-10,904500.0,26.0,28.27,27.78,25.9
2009-02-11,701800.0,26.17,26.63,26.12,25.51
2009-02-12,912200.0,26.21,26.5,25.73,24.82
2009-02-13,1160200.0,24.85,26.52,26.16,24.66
2009-02-17,1403900.0,24.3,24.79,24.0,23.7
2009-02-18,1018800.0,23.85,24.54,24.49,23.43
2009-02-19,1016200.0,23.1,24.35,24.32,23.0
2009-02-20,1080900.0,24.22,24.32,22.15,22.15
2009-02-23,1018000.0,22.68,24.47,24.42,22.46
2009-02-24,1095700.0,24.27,24.42,23.17,22.28
2009-02-25,916900.0,23.45,24.39,23.88,22.66
2009-02-26,952400.0,22.99,24.21,24.19,22.78
2009-02-27,733800.0,22.77,23.62,22.75,22.41
2009-03-02,1100800.0,21.31,22.43,22.2,21.11
2009-03-03,1106900.0,20.29,21.5,21.15,19.76
2009-03-04,795700.0,20.41,21.08,20.52,19.85
2009-03-05,1040300.0,19.1,20.24,19.81,18.91
2009-03-06,1621300.0,18.6,19.573,19.32,18.0
2009-03-09,947300.0,18.91,18.92,18.37,18.17
2009-03-10,1424900.0,20.84,20.92,19.44,19.11
2009-03-11,973100.0,20.89,21.49,20.68,20.2
2009-03-12,863600.0,22.03,22.13,20.74,20.37
2009-03-13,563300.0,21.59,22.2,22.19,20.87
2009-03-16,1006800.0,19.5,21.9,21.85,19.5
2009-03-17,1042300.0,20.88,20.93,19.54,19.35
2009-03-18,982500.0,22.28,22.31,20.74,20.31
2009-03-19,885600.0,21.36,22.85,22.54,21.21
2009-03-20,1021400.0,20.44,22.04,21.34,20.42
2009-03-23,1453600.0,23.35,23.4,21.14,20.8
2009-03-24,1224800.0,21.93,23.43,22.73,21.84
2009-03-25,1020000.0,22.35,23.02,22.26,20.74
2009-03-26,1214500.0,23.28,23.36,22.65,21.64
2009-03-27,870000.0,21.77,22.57,22.57,21.72
2009-03-30,963000.0,21.25,21.64,21.07,20.6
2009-03-31,1386500.0,23.19,23.59,21.5,21.31
2009-04-01,1059900.0,22.64,23.12,22.79,22.07
2009-04-02,1282000.0,23.67,23.89,22.85,22.7
2009-04-03,1294300.0,24.75,24.8,23.54,22.87
2009-04-06,945100.0,24.37,24.66,24.31,23.49
2009-04-07,1074500.0,22.57,24.26,23.91,22.52
2009-04-08,848000.0,22.84,23.36,22.84,22.14
2009-04-09,1101500.0,25.77,25.79,23.93,23.54
2009-04-13,727800.0,25.87,26.28,25.26,24.57
2009-04-14,1213600.0,24.02,25.65,25.42,24.0
2009-04-15,1125100.0,25.65,25.76,23.81,23.52
2009-04-16,964900.0,26.94,27.64,25.7,24.91
2009-04-17,1139200.0,27.38,28.02,26.99,25.95
2009-04-20,1161500.0,24.77,26.9,26.83,24.71
2009-04-21,1456000.0,27.27,27.3,24.52,23.91
2009-04-22,1247100.0,26.6,27.88,26.99,26.22
2009-04-23,896400.0,27.47,27.63,27.25,25.79
2009-04-24,1010900.0,29.19,29.6,27.78,27.23
2009-04-27,1038600.0,27.58,28.66,27.81,26.69
2009-04-28,1347200.0,29.01,30.08,27.62,27.6
2009-04-29,1300900.0,29.51,29.98,29.3,28.68
2009-04-30,797900.0,29.41,30.88,29.99,29.17
2009-05-01,632600.0,28.75,29.69,29.33,28.52
2009-05-04,1124700.0,31.35,31.41,29.47,29.1
2009-05-05,742100.0,30.04,31.17,31.17,29.47
2009-05-06,1229100.0,29.11,30.84,30.84,28.09
2009-05-07,1451600.0,26.98,29.56,29.32,26.57
2009-05-08,1280600.0,29.1,29.36,27.61,27.0
2009-05-11,1047800.0,28.06,29.13,28.81,27.9
2009-05-12,925800.0,27.57,28.39,28.26,26.56
2009-05-13,967100.0,25.77,27.22,26.7,25.73
2009-05-14,1194800.0,27.31,27.55,25.85,25.47
2009-05-15,933200.0,25.81,27.26,27.25,25.38
2009-05-18,1384900.0,27.55,27.59,26.3,25.84
2009-05-19,1013400.0,26.61,27.71,27.41,26.59
2009-05-20,772300.0,26.5,27.6,27.15,26.42
2009-05-21,778100.0,26.77,26.9,25.91,25.72
2009-05-22,622800.0,26.36,27.14,26.82,26.25
2009-05-26,1042800.0,27.49,27.9,26.08,25.81
2009-05-27,1306700.0,25.23,27.14,26.89,25.07
2009-05-28,749900.0,25.89,26.19,25.69,24.92
2009-05-29,622600.0,26.18,26.19,26.04,25.37
2009-06-01,819800.0,26.96,27.94,26.77,26.28
2009-06-02,611900.0,26.66,27.08,27.03,26.44
2009-06-03,571700.0,26.55,27.03,26.44,26.24
2009-06-04,530700.0,27.06,27.45,26.43,26.37
2009-06-05,729000.0,27.72,28.06,27.43,27.18
2009-06-08,593900.0,27.58,28.02,27.43,26.91
2009-06-09,493400.0,27.78,28.08,27.83,27.42
2009-06-10,728800.0,27.44,28.18,28.18,26.85
2009-06-11,651800.0,26.9,27.67,27.63,26.83
2009-06-12,643800.0,27.3,27.44,26.52,26.5
2009-06-15,864600.0,25.88,26.98,26.98,25.74
2009-06-16,569500.0,25.11,26.34,26.34,24.61
2009-06-17,644300.0,25.19,25.53,24.85,24.5
2009-06-18,510900.0,24.84,25.57,25.02,24.66
2009-06-19,607600.0,25.08,25.53,25.27,24.8
2009-06-22,684300.0,23.83,24.96,24.68,23.77
2009-06-23,370400.0,23.82,24.2,24.11,23.6
2009-06-24,553200.0,24.0,24.61,24.01,23.71
2009-06-25,514900.0,24.42,24.49,23.44,23.44
2009-06-26,638800.0,24.36,24.53,24.42,24.07
2009-06-29,405800.0,24.07,24.53,24.49,23.7
2009-06-30,339000.0,24.29,24.47,24.18,23.86
2009-07-01,311000.0,24.24,24.67,24.48,24.09
2009-07-02,565900.0,23.44,24.0,23.94,23.02
2009-07-06,473200.0,23.72,23.8,23.13,22.74
2009-07-07,467500.0,22.82,23.74,23.74,22.76
2009-07-08,860700.0,22.29,23.09,22.94,21.78
2009-07-09,818100.0,22.79,22.95,22.49,22.12
2009-07-10,597200.0,22.86,23.04,22.61,22.295
2009-07-13,551000.0,23.71,23.77,23.12,22.66
2009-07-14,321400.0,23.66,23.86,23.77,23.21
2009-07-15,753500.0,25.42,25.76,24.56,24.45
2009-07-16,393900.0,25.64,25.81,25.39,24.97
2009-07-17,483500.0,25.33,25.8,25.61,25.17
2009-07-20,470400.0,26.48,26.53,25.55,25.55
2009-07-21,318800.0,26.58,26.8,26.56,25.87
2009-07-22,378100.0,26.87,27.03,26.25,26.2
2009-07-23,700200.0,28.04,28.4,26.96,26.69
2009-07-24,474000.0,27.69,27.91,27.66,27.39
2009-07-27,436500.0,27.99,28.3,27.69,27.34
2009-07-28,701300.0,28.43,28.43,27.69,26.63
2009-07-29,504800.0,28.46,28.62,28.21,28.0
2009-07-30,762800.0,28.46,28.46,28.46,28.46
2009-07-31,522100.0,29.57,30.02,29.73,29.36
2009-08-03,418500.0,30.13,30.13,29.91,29.48
2009-08-04,653100.0,31.16,31.6221,29.7,29.59
2009-08-05,525200.0,31.93,32.11,31.15,30.69
2009-08-06,550000.0,31.45,32.62,32.1,31.1305
2009-08-07,663900.0,33.1,33.72,32.15,31.92
2009-08-10,1438700.0,29.68,32.15,32.15,29.46
2009-08-11,521100.0,29.48,30.02,29.5,29.1504
2009-08-12,497900.0,29.41,30.13,29.35,29.21
2009-08-13,454700.0,29.34,29.97,29.97,28.93
2009-08-14,413100.0,29.05,29.35,29.35,28.31
2009-08-17,678300.0,27.31,28.25,28.25,27.23
2009-08-18,562200.0,28.19,28.4,27.41,27.19
2009-08-19,306900.0,28.31,28.46,27.42,27.38
2009-08-20,418800.0,28.87,29.03,28.2,27.9901
2009-08-21,536500.0,29.71,30.2,29.19,29.1
2009-08-24,515200.0,29.41,29.99,29.88,29.31
2009-08-25,469200.0,29.75,30.18,29.68,29.56
2009-08-26,400700.0,29.75,30.07,29.6,29.36
2009-08-27,467800.0,29.98,29.99,29.62,29.05
2009-08-28,366100.0,29.51,30.22,30.12,29.17
2009-08-31,593300.0,29.1,29.4,29.18,28.6
2009-09-01,1079700.0,27.51,28.95,28.94,27.4
2009-09-02,645600.0,27.6,28.22,27.5,27.3
2009-09-03,430700.0,27.68,28.0,27.84,27.17
2009-09-04,554400.0,28.21,28.42,27.78,27.19
2009-09-08,446100.0,28.42,28.7,28.65,28.23
2009-09-09,350900.0,28.79,29.0,28.48,28.22
2009-09-10,281400.0,28.89,28.93,28.79,28.13
2009-09-11,399700.0,28.38,29.22,28.97,28.02
2009-09-14,518700.0,28.78,28.82,27.96,27.24
2009-09-15,556200.0,28.99,29.25,28.61,28.3203
2009-09-16,514700.0,29.61,29.82,29.02,28.86
2009-09-17,409200.0,29.12,30.17,29.67,29.0
2009-09-18,565100.0,28.82,29.4,29.28,28.47
2009-09-21,400100.0,28.48,28.76,28.66,28.27
2009-09-22,324600.0,29.01,29.08,28.7,28.65
2009-09-23,334800.0,28.27,29.26,29.2,28.25
2009-09-24,413100.0,27.69,28.59,28.35,27.26
2009-09-25,315800.0,27.89,28.13,27.51,27.26
2009-09-28,378200.0,28.85,28.93,28.0,27.93
2009-09-29,337900.0,28.67,29.07,28.83,28.33
2009-09-30,391600.0,28.45,29.01,28.77,28.06
2009-10-01,456200.0,27.07,28.34,28.34,27.02
2009-10-02,278200.0,26.97,27.42,26.74,26.5
2009-10-05,325400.0,27.43,27.55,27.13,26.87
2009-10-06,446200.0,27.87,28.35,27.67,27.48
2009-10-07,198600.0,27.64,28.06,27.87,27.4126
2009-10-08,415600.0,28.28,28.65,28.05,27.8
2009-10-09,185300.0,28.57,28.61,28.12,27.94
2009-10-12,164800.0,28.41,28.88,28.64,28.35
2009-10-13,288600.0,28.02,28.54,28.33,27.75
2009-10-14,394600.0,28.38,28.61,28.61,28.04
2009-10-15,225400.0,28.32,28.5,28.03,28.03
2009-10-16,252800.0,27.94,28.47,28.1,27.63
2009-10-19,227400.0,28.56,28.71,28.11,27.82
2009-10-20,421900.0,28.51,28.67,28.54,28.21
2009-10-21,565100.0,28.16,29.304,28.26,28.12
2009-10-22,362900.0,28.89,29.11,28.22,27.99
2009-10-23,280600.0,28.47,29.14,28.95,28.28
2009-10-26,388800.0,28.31,29.35,28.57,28.16
2009-10-27,769200.0,29.47,29.94,28.54,27.51
2009-10-28,646500.0,28.15,29.62,29.36,28.11
2009-10-29,630900.0,28.95,29.07,28.4,27.79
2009-10-30,710600.0,27.91,29.06,28.82,27.5
2009-11-02,479800.0,28.06,28.43,28.19,27.25
2009-11-03,511000.0,28.51,28.54,27.85,27.53
2009-11-04,616300.0,28.33,29.28,28.88,28.21
2009-11-05,582300.0,29.22,29.24,28.7,28.5
2009-11-06,525100.0,28.67,29.16,28.89,28.4
2009-11-09,554100.0,29.74,29.83,28.83,28.83
2009-11-10,405700.0,29.34,29.73,29.71,28.77
2009-11-11,476900.0,29.93,30.08,29.73,29.55
2009-11-12,458200.0,29.28,29.99,29.82,29.24
2009-11-13,454000.0,29.51,29.56,29.56,28.98
2009-11-16,530500.0,30.17,30.65,29.87,29.62
2009-11-17,495500.0,29.44,30.13,29.9,29.43
2009-11-18,742600.0,29.57,29.66,29.37,29.03
2009-11-19,458700.0,28.91,29.4,29.25,28.76
2009-11-20,430500.0,29.21,29.39,28.69,28.56
2009-11-23,491700.0,29.74,30.09,29.69,29.52
2009-11-24,508100.0,29.51,29.725,29.72,29.1301
2009-11-25,233300.0,29.31,29.68,29.58,29.2
2009-11-27,214700.0,28.54,29.3,28.49,28.23
2009-11-30,447000.0,29.44,29.53,28.43,28.12
2009-12-01,534700.0,29.53,29.98,29.77,29.28
2009-12-02,458900.0,30.45,30.55,29.53,29.39
2009-12-03,445700.0,30.25,31.01,30.69,30.17
2009-12-04,513800.0,31.64,31.73,31.05,30.9
2009-12-07,571600.0,31.8,32.01,31.78,31.54
2009-12-08,315500.0,31.55,32.14,31.5,31.34
2009-12-09,374300.0,32.08,32.3,31.4,31.23
2009-12-10,337500.0,31.49,32.49,32.39,31.26
2009-12-11,389800.0,31.49,31.49,31.49,31.49
2009-12-14,454000.0,32.17,32.18,31.64,31.1701
2009-12-15,482600.0,31.84,32.52,31.89,31.7
2009-12-16,571100.0,31.59,32.44,32.18,31.38
2009-12-17,540700.0,31.06,31.39,31.19,30.63
2009-12-18,671700.0,31.36,31.38,31.23,30.66
2009-12-21,229100.0,31.36,31.62,31.41,31.24
2009-12-22,239700.0,31.55,31.63,31.54,31.33
2009-12-23,246600.0,31.94,32.13,31.73,31.53
2009-12-24,93000.0,32.31,32.33,31.99,31.99
2009-12-28,279200.0,32.68,32.8,32.44,32.4
2009-12-29,304900.0,32.67,33.04,32.89,32.61
2009-12-30,282300.0,32.41,32.71,32.47,32.0
2009-12-31,279400.0,31.88,32.82,32.45,31.79
2010-01-04,314000.0,32.14,32.63,32.23,31.86
2010-01-05,314800.0,32.27,32.37,32.01,31.73
2010-01-06,321900.0,32.68,32.88,32.33,32.28
2010-01-07,223300.0,32.77,32.96,32.5,32.2
2010-01-08,229900.0,32.68,32.78,32.75,32.31
2010-01-11,270300.0,32.45,32.83,32.81,32.39
2010-01-12,240600.0,32.17,32.43,32.35,31.88
2010-01-13,278500.0,32.76,32.85,32.19,32.12
2010-01-14,189800.0,32.27,32.95,32.52,32.23
2010-01-15,305300.0,32.1,32.41,32.39,31.93
2010-01-19,468500.0,32.94,33.29,32.09,31.92
2010-01-20,305000.0,32.32,32.86,32.71,31.98
2010-01-21,430700.0,31.25,32.49,32.34,31.0
2010-01-22,359700.0,30.92,31.63,31.21,30.81
2010-01-25,245200.0,31.21,31.42,31.22,30.54
2010-01-26,260600.0,31.23,31.97,31.02,30.96
2010-01-27,360700.0,31.67,31.72,31.02,30.58
2010-01-28,273000.0,31.22,31.82,31.68,30.95
2010-01-29,239100.0,30.7,31.87,31.26,30.62
2010-02-01,209700.0,31.42,31.53,30.91,30.75
2010-02-02,363500.0,31.94,31.99,31.36,31.15
2010-02-03,254400.0,31.55,32.0,31.85,31.4
2010-02-04,377100.0,30.61,31.33,31.29,30.57
2010-02-05,356400.0,30.64,30.85,30.61,29.641
2010-02-08,373100.0,30.31,30.85,30.77,30.29
2010-02-09,307500.0,30.52,31.85,30.84,30.22
2010-02-10,317700.0,30.85,31.204,30.55,29.87
2010-02-11,301200.0,31.35,31.38,30.93,30.47
2010-02-12,312300.0,31.66,31.71,30.93,30.78
2010-02-16,291500.0,32.26,32.33,31.96,31.72
2010-02-17,212400.0,32.54,32.85,32.42,32.35
2010-02-18,199700.0,33.13,33.18,32.62,32.44
2010-02-19,282700.0,33.03,33.31,33.14,32.93
2010-02-22,223700.0,32.87,33.13,33.1,32.76
2010-02-23,333800.0,32.38,32.9,32.84,32.31
2010-02-24,297200.0,32.65,32.73,32.58,32.36
2010-02-25,306600.0,32.87,32.92,32.23,32.15
2010-02-26,278800.0,33.02,33.27,32.95,32.54
2010-03-01,402100.0,33.59,33.64,33.33,33.03
2010-03-02,497400.0,33.59,33.59,33.59,33.59
2010-03-03,273300.0,33.38,33.56,33.41,33.0515
2010-03-04,205800.0,33.31,33.71,33.6,33.17
2010-03-05,264500.0,34.1,34.14,33.5,33.36
2010-03-08,228100.0,34.26,34.48,34.14,34.04
2010-03-09,246500.0,34.3,34.85,34.21,34.08
2010-03-10,242400.0,34.58,34.67,34.24,34.01
2010-03-11,280100.0,35.07,35.07,34.39,34.08
2010-03-12,266500.0,34.87,35.25,35.25,34.61
2010-03-15,340500.0,34.19,34.94,34.94,33.87
2010-03-16,370400.0,34.97,35.07,34.23,34.021
2010-03-17,421100.0,35.93,36.22,35.15,35.0
2010-03-18,329900.0,35.57,36.3,36.01,35.52
2010-03-19,366500.0,35.35,36.11,35.64,35.08
2010-03-22,186500.0,35.92,36.02,35.16,35.02
2010-03-23,243400.0,35.99,36.16,36.03,35.5052
2010-03-24,158700.0,35.78,36.24,35.86,35.69
2010-03-25,234400.0,35.86,36.67,36.11,35.81
2010-03-26,258900.0,35.68,36.17,36.08,35.55
2010-03-29,160000.0,35.78,35.78,35.75,35.41
2010-03-30,142900.0,36.05,36.25,35.78,35.62
2010-03-31,363100.0,35.04,36.1,35.8,35.01
2010-04-01,324200.0,35.55,35.58,35.22,34.965
2010-04-05,269500.0,36.75,36.75,35.83,35.66
2010-04-06,427800.0,37.67,37.675,36.58,36.36
2010-04-07,379600.0,36.84,37.73,37.46,36.62
2010-04-08,388600.0,36.12,36.77,36.64,36.09
2010-04-09,384400.0,37.18,37.23,36.26,36.15
2010-04-12,296000.0,37.12,37.44,37.35,36.95
2010-04-13,327600.0,37.99,38.12,37.14,36.89
2010-04-14,215100.0,38.08,38.56,38.17,37.87
2010-04-15,363700.0,37.58,38.13,37.89,37.54
2010-04-16,306900.0,37.07,37.88,37.47,37.02
2010-04-19,427300.0,37.46,37.69,36.8,36.8
2010-04-20,311200.0,37.69,37.97,37.58,37.31
2010-04-21,235900.0,38.79,38.86,37.61,37.61
2010-04-22,370000.0,40.18,40.2,38.28,38.16
2010-04-23,338600.0,40.78,40.86,40.2,39.96
2010-04-26,325900.0,41.07,41.76,40.55,40.4
2010-04-27,852800.0,38.78,40.98,40.58,38.5
2010-04-28,529100.0,38.04,38.71,37.91,37.06
2010-04-29,415200.0,39.43,39.5,38.28,37.91
2010-04-30,380400.0,37.46,39.576,39.32,37.44
2010-05-03,338100.0,38.94,39.02,37.59,37.59
2010-05-04,384000.0,38.14,38.42,38.25,37.73
2010-05-05,413000.0,37.08,38.04,37.77,37.01
2010-05-06,741100.0,35.44,37.16,36.66,33.01
2010-05-07,569400.0,34.6,36.03,35.42,33.97
2010-05-10,433700.0,36.75,36.77,36.35,35.73
2010-05-11,327300.0,36.97,37.29,36.32,35.9
2010-05-12,285200.0,37.87,37.93,37.04,36.65
2010-05-13,260400.0,37.08,37.87,37.87,36.85
2010-05-14,446600.0,36.38,36.69,36.68,35.97
2010-05-17,346800.0,36.71,37.28,36.74,35.41
2010-05-18,241600.0,35.79,37.439,37.32,35.61
2010-05-19,344700.0,35.48,36.19,35.69,34.641
2010-05-20,592000.0,34.26,35.48,34.3,34.25
2010-05-21,512700.0,35.04,35.3,33.69,33.47
2010-05-24,215500.0,34.15,35.12,34.67,34.12
2010-05-25,450000.0,34.19,34.25,33.14,33.0
2010-05-26,402600.0,33.9,35.0999,34.53,33.76
2010-05-27,491000.0,35.53,35.59,34.68,34.11
2010-05-28,335400.0,34.84,35.52,35.43,34.56
2010-06-01,367400.0,33.76,34.88,34.43,33.75
2010-06-02,458600.0,34.77,34.79,33.8,33.5
2010-06-03,317900.0,34.78,35.14,35.08,34.36
2010-06-04,567000.0,33.35,34.53,34.33,33.23
2010-06-07,552000.0,33.89,34.56,33.34,33.23
2010-06-08,535600.0,34.71,34.88,33.93,33.8
2010-06-09,461500.0,34.7,35.82,34.92,34.48
2010-06-10,561800.0,36.76,36.78,35.49,35.33
2010-06-11,227000.0,37.46,37.49,36.27,35.95
2010-06-14,509600.0,38.36,38.5,37.77,37.52
2010-06-15,531800.0,38.85,39.0,38.63,38.17
2010-06-16,459000.0,38.7,38.85,38.42,38.26
2010-06-17,323700.0,39.38,39.44,38.85,38.52
2010-06-18,748500.0,39.63,40.33,39.55,39.18
2010-06-21,328400.0,38.78,40.56,40.12,38.56
2010-06-22,390900.0,37.77,39.42,38.59,37.7
2010-06-23,248800.0,38.0,38.47,37.63,37.24
2010-06-24,243800.0,37.07,37.96,37.77,37.02
2010-06-25,419300.0,38.03,38.41,37.31,37.0
2010-06-28,287000.0,37.95,38.29,37.88,37.53
2010-06-29,445200.0,36.44,37.29,37.25,36.14
2010-06-30,480400.0,35.73,36.98,36.45,35.71
2010-07-01,677100.0,34.77,35.54,35.49,34.02
2010-07-02,345600.0,34.38,35.2,35.0,34.13
2010-07-06,538500.0,33.47,35.18,34.65,33.145
2010-07-07,601100.0,34.78,34.78,33.65,33.52
2010-07-08,316600.0,35.02,35.44,35.2,34.37
2010-07-09,222200.0,35.59,35.62,34.94,34.79
2010-07-12,288000.0,35.68,35.84,35.45,34.82
2010-07-13,270000.0,36.73,36.9,36.14,35.94
2010-07-14,184200.0,36.33,36.74,36.6,36.01
2010-07-15,176300.0,36.06,36.43,36.43,35.43
2010-07-16,372500.0,34.72,35.88,35.84,34.5
2010-07-19,177900.0,35.09,35.18,34.73,34.0
2010-07-20,239200.0,35.96,36.03,34.56,34.21
2010-07-21,386300.0,34.63,36.37,36.17,34.5
2010-07-22,616500.0,35.61,35.83,35.13,34.94
2010-07-23,385900.0,36.64,36.68,35.46,35.01
2010-07-26,339700.0,37.81,37.98,36.79,36.68
2010-07-27,278100.0,37.84,38.44,37.82,37.1
2010-07-28,197200.0,37.46,38.28,37.87,37.22
2010-07-29,227900.0,37.29,38.09,37.82,36.68
2010-07-30,238800.0,37.06,37.53,36.6,36.08
2010-08-02,288800.0,37.94,38.08,37.74,37.44
2010-08-03,233400.0,37.3,37.85,37.82,37.26
2010-08-04,136000.0,37.69,37.78,37.48,37.32
2010-08-05,185500.0,37.2,37.85,37.44,37.01
2010-08-06,204900.0,37.35,37.5,36.8,36.64
2010-08-09,202500.0,37.42,37.69,37.69,37.06
2010-08-10,231800.0,36.73,37.13,36.95,36.25
2010-08-11,414200.0,35.14,36.1,35.96,34.9
2010-08-12,303500.0,35.12,35.27,34.66,34.39
2010-08-13,179300.0,34.98,35.29,35.06,34.8
2010-08-16,214600.0,35.06,35.6,34.81,34.558
2010-08-17,336000.0,35.71,35.8699,35.48,35.215
2010-08-18,256900.0,35.29,35.73,35.72,35.14
2010-08-19,332000.0,34.3,35.1,35.1,33.98
2010-08-20,227400.0,34.06,34.36,34.13,33.66
2010-08-23,180600.0,33.66,34.51,34.23,33.635
2010-08-24,254900.0,33.22,33.72,33.26,32.58
2010-08-25,410800.0,33.52,33.75,32.9,32.75
2010-08-26,274600.0,33.23,33.97,33.75,33.01
2010-08-27,400400.0,33.88,33.91,33.57,33.0
2010-08-30,242000.0,33.5,34.12,33.8,33.5
2010-08-31,431600.0,33.5,33.79,33.35,33.26
2010-09-01,579700.0,33.36,33.48,33.39,33.1
2010-09-02,456000.0,33.23,33.44,33.03,33.03
2010-09-03,380000.0,33.3,33.77,33.5,33.13
2010-09-07,392400.0,32.98,33.29,33.14,32.89
2010-09-08,293200.0,33.18,33.47,33.13,33.11
2010-09-09,165700.0,33.01,33.67,33.67,32.88
2010-09-10,212900.0,33.08,33.4,33.18,33.0217
2010-09-13,355900.0,33.98,34.05,33.42,33.42
2010-09-14,244800.0,34.08,34.31,33.92,33.79
2010-09-15,216000.0,34.05,34.2299,34.0,33.55
2010-09-16,224900.0,33.5,34.1,34.03,33.36
2010-09-17,290200.0,33.97,34.06,33.68,33.37
2010-09-20,37180.0,34.4,34.56,34.03,33.7
2010-09-21,25021.0,33.96,34.53,34.48,33.85
2010-09-22,150300.0,33.45,34.21,33.92,33.281
2010-09-23,242500.0,32.75,33.59,33.27,32.7
2010-09-24,303200.0,34.06,34.11,33.26,33.12
2010-09-27,380900.0,33.62,34.09,33.69,33.05
2010-09-28,328800.0,34.23,34.3,33.81,33.18
2010-09-29,235400.0,33.87,34.32,34.1,33.72
2010-09-30,313600.0,34.0,34.67,34.21,33.68
2010-10-01,143600.0,34.05,34.4,34.4,33.61
2010-10-04,179300.0,33.94,34.13,34.02,33.6
2010-10-05,339100.0,34.95,35.04,34.17,33.97
2010-10-06,212900.0,34.44,34.97,34.95,34.23
2010-10-07,269000.0,34.93,35.24,34.72,34.58
2010-10-08,203100.0,35.06,35.21,35.02,34.72
2010-10-11,105000.0,34.97,35.24,35.16,34.81
2010-10-12,215800.0,35.2,35.49,34.96,34.69
2010-10-13,380900.0,36.18,36.3,35.6,35.16
2010-10-14,179700.0,35.83,36.43,36.19,35.62
2010-10-15,562500.0,35.54,36.35,36.11,35.47
2010-10-18,265100.0,35.68,35.73,35.56,35.35
2010-10-19,204400.0,35.31,35.95,35.21,35.1
2010-10-20,232700.0,36.04,36.34,35.46,35.35
2010-10-21,222100.0,35.71,36.34,36.25,35.36
2010-10-22,177900.0,35.43,35.92,35.85,35.28
2010-10-25,192900.0,35.59,35.9,35.72,35.49
2010-10-26,289400.0,35.01,35.57,35.29,35.0
2010-10-27,295900.0,34.44,34.96,34.81,34.28
2010-10-28,357500.0,33.8,34.76,34.76,33.11
2010-10-29,227700.0,34.05,34.4,33.61,33.58
2010-11-01,322000.0,33.78,34.5,34.21,33.54
2010-11-02,316000.0,34.31,34.41,34.09,33.85
2010-11-03,262200.0,34.29,34.61,34.34,34.09
2010-11-04,338700.0,35.28,35.32,34.89,34.59
2010-11-05,303600.0,35.9,35.99,35.38,35.32
2010-11-08,239300.0,35.37,36.0,35.71,35.33
2010-11-09,372400.0,34.25,35.4,35.4,34.02
2010-11-10,273900.0,34.63,34.75,34.39,34.32
2010-11-11,150800.0,34.58,34.82,34.31,34.3
2010-11-12,241100.0,33.9,34.72,34.36,33.88
2010-11-15,475800.0,33.31,34.27,33.99,33.25
2010-11-16,556600.0,32.08,33.12,33.08,31.88
2010-11-17,247700.0,32.02,32.33,32.2,31.8
2010-11-18,465000.0,32.02,32.55,32.44,31.9
2010-11-19,348300.0,31.86,32.07,31.91,31.8
2010-11-22,214000.0,31.85,31.92,31.81,31.53
2010-11-23,240600.0,31.56,31.67,31.52,31.33
2010-11-24,186900.0,32.17,32.34,31.87,31.84
2010-11-26,56500.0,32.06,32.17,31.95,31.9
2010-11-29,233100.0,32.27,32.32,31.84,31.57
2010-11-30,612000.0,31.68,32.09,32.05,31.55
2010-12-01,464800.0,32.54,32.63,32.18,31.72
2010-12-02,345500.0,32.6,32.86,32.62,32.42
2010-12-03,319100.0,32.6,32.71,32.47,32.4
2010-12-06,187700.0,32.56,32.75,32.65,32.28
2010-12-07,324800.0,32.56,32.92,32.85,32.48
2010-12-08,276400.0,32.56,32.56,32.56,32.56
2010-12-09,315400.0,31.66,32.12,32.12,31.63
2010-12-10,334100.0,32.1,32.18,31.78,31.66
2010-12-13,322600.0,32.01,32.24,32.24,31.96
2010-12-14,371500.0,32.12,32.2425,32.18,31.97
2010-12-15,408200.0,32.0,32.3,32.15,31.95
2010-12-16,224900.0,32.16,32.365,32.09,31.92
2010-12-17,760800.0,32.36,32.4186,32.32,32.03
2010-12-20,672700.0,32.45,32.77,32.48,32.2266
2010-12-21,366300.0,32.52,32.77,32.71,32.44
2010-12-22,320700.0,32.5,32.7,32.6,32.45
2010-12-23,233400.0,32.6,32.85,32.5,32.5
2010-12-27,216300.0,32.75,32.94,32.6,32.6
2010-12-28,119100.0,32.9,33.07,32.74,32.66
2010-12-29,142900.0,32.66,33.14,32.83,32.64
2010-12-30,113800.0,32.74,32.96,32.58,32.55
2010-12-31,187400.0,32.55,32.9,32.61,32.55
2011-01-03,231900.0,32.98,33.28,32.94,32.72
2011-01-04,362700.0,32.62,33.27,33.2,32.53
2011-01-05,325300.0,33.02,33.31,32.63,32.53
2011-01-06,334300.0,33.25,33.68,32.98,32.97
2011-01-07,335700.0,33.33,33.64,33.42,32.57
2011-01-10,266500.0,33.37,33.72,33.26,32.76
2011-01-11,177400.0,33.61,34.04,33.59,33.4
2011-01-12,518400.0,33.81,34.04,34.0,33.52
2011-01-13,361700.0,33.81,34.0,33.87,33.53
2011-01-14,279400.0,34.1,34.32,33.9,33.63
2011-01-18,418600.0,34.68,34.74,34.33,33.8803
2011-01-19,344000.0,34.18,34.55,34.3,33.93
2011-01-20,379400.0,34.36,34.98,33.95,33.95
2011-01-21,347500.0,34.51,34.75,34.75,34.25
2011-01-24,445200.0,35.85,35.88,34.63,34.51
2011-01-25,285100.0,36.21,36.21,35.89,35.7
2011-01-26,342300.0,37.22,37.277,36.32,36.218
2011-01-27,262300.0,37.48,37.64,37.13,37.0
2011-01-28,350500.0,36.75,37.71,37.6,36.6
2011-01-31,216500.0,37.15,37.45,36.91,36.81
2011-02-01,231500.0,37.75,37.89,37.32,36.84
2011-02-02,119800.0,37.46,38.01,37.77,37.34
2011-02-03,205900.0,36.74,37.38,37.37,36.54
2011-02-04,239300.0,36.58,37.19,36.88,36.2
2011-02-07,297700.0,36.98,37.08,36.5,36.25
2011-02-08,241000.0,37.82,38.01,36.97,36.83
2011-02-09,347200.0,37.61,37.93,37.25,37.25
2011-02-10,313800.0,38.2,38.43,37.43,37.29
2011-02-11,164900.0,38.44,38.5,38.23,37.8899
2011-02-14,213400.0,38.12,38.59,38.45,37.99
2011-02-15,280900.0,38.45,38.49,38.05,38.0
2011-02-16,161000.0,38.58,38.74,38.56,38.3
2011-02-17,190900.0,39.09,39.22,38.61,38.52
2011-02-18,254100.0,39.0,39.34,39.29,38.7101
2011-02-22,312500.0,37.77,38.98,38.61,37.65
2011-02-23,305400.0,37.0,38.02,37.85,36.98
2011-02-24,374400.0,37.34,37.53,37.1,36.65
2011-02-25,248300.0,38.54,38.54,37.45,37.2201
2011-02-28,274300.0,38.4,38.88,38.6,38.12
2011-03-01,278900.0,37.38,38.6,38.6,37.31
2011-03-02,229100.0,37.2,37.42,36.94,36.74
2011-03-03,155300.0,37.77,37.95,37.59,37.55
2011-03-04,196500.0,37.37,37.72,37.66,36.8
2011-03-07,188200.0,36.9,37.59,37.39,36.56
2011-03-08,186100.0,37.79,38.2,36.95,36.55
2011-03-09,129200.0,37.67,38.0,37.79,37.26
2011-03-10,284600.0,36.68,37.5159,37.11,36.32
2011-03-11,205000.0,37.88,38.0,36.65,36.65
2011-03-14,326100.0,38.33,38.49,37.66,37.46
2011-03-15,606100.0,38.22,38.98,37.5,37.5
2011-03-16,320900.0,37.46,38.3,38.3,37.27
2011-03-17,231800.0,37.44,38.13,38.13,37.35
2011-03-18,603900.0,37.64,38.28,37.98,37.4401
2011-03-21,296200.0,38.22,38.55,38.54,37.7601
2011-03-22,171800.0,37.81,38.47,38.37,37.75
2011-03-23,212000.0,37.88,38.1,37.68,37.36
2011-03-24,293000.0,38.72,38.98,38.08,37.78
2011-03-25,214500.0,38.62,39.57,39.0,38.3601
2011-03-28,146200.0,39.08,39.26,38.66,38.65
2011-03-29,227600.0,39.55,39.7,39.02,38.78
2011-03-30,336900.0,39.7,39.96,39.71,39.5501
2011-03-31,372900.0,40.2,40.36,39.78,39.78
2011-04-01,256000.0,40.55,40.93,40.52,40.31
2011-04-04,208500.0,40.55,40.92,40.79,40.45
2011-04-05,210500.0,40.52,40.749,40.61,40.3401
2011-04-06,189600.0,40.49,40.92,40.63,40.415
2011-04-07,253600.0,40.52,40.73,40.6,40.24
2011-04-08,246500.0,39.55,40.69,40.52,39.285
2011-04-11,180000.0,39.73,40.07,39.45,39.01
2011-04-12,197200.0,38.77,39.79,39.38,38.76
2011-04-13,219300.0,38.54,39.24,39.14,38.08
2011-04-14,166300.0,38.77,38.96,38.36,37.8
2011-04-15,305500.0,39.01,39.01,38.65,38.54
2011-04-18,185200.0,38.45,38.5399,38.51,38.0
2011-04-19,109900.0,38.64,39.03,38.55,38.24
2011-04-20,164800.0,38.92,39.3501,39.28,38.7
2011-04-21,140200.0,38.97,39.7299,39.3,38.74
2011-04-25,126300.0,39.0,39.0,39.0,38.53
2011-04-26,306600.0,39.76,39.95,39.0,38.79
2011-04-27,411700.0,38.95,39.6,39.6,38.51
2011-04-28,233000.0,38.78,39.13,38.86,38.56
2011-04-29,205000.0,38.66,39.15,38.97,38.26
2011-05-02,167000.0,38.05,38.92,38.88,37.85
2011-05-03,191000.0,37.77,38.3899,37.86,37.38
2011-05-04,224800.0,36.97,37.95,37.8,36.92
2011-05-05,204900.0,37.02,37.44,36.82,36.4
2011-05-06,142000.0,36.77,37.58,37.58,36.51
2011-05-09,123000.0,37.15,37.2,36.8,36.46
2011-05-10,335200.0,38.17,38.31,37.3,37.3
2011-05-11,212500.0,37.54,38.23,38.23,37.11
2011-05-12,161600.0,37.86,37.94,37.44,37.09
2011-05-13,98000.0,37.07,37.89,37.89,36.87
2011-05-16,144300.0,36.75,37.24,36.84,36.52
2011-05-17,110700.0,36.62,36.96,36.45,36.3062
2011-05-18,186400.0,36.95,37.25,36.68,36.3499
2011-05-19,200500.0,36.84,37.2499,37.21,36.55
2011-05-20,206100.0,36.09,36.611,36.56,36.08
2011-05-23,183000.0,35.67,36.08,35.9,35.51
2011-05-24,231300.0,35.7,35.99,35.85,35.12
2011-05-25,151300.0,35.475,35.86,35.65,35.11
2011-05-26,231000.0,35.4,35.7699,35.45,35.12
2011-05-27,199700.0,35.92,36.02,35.69,35.36
2011-05-31,485300.0,36.0,36.5,36.34,35.7
2011-06-01,396200.0,34.2,35.509,35.49,34.08
2011-06-02,868000.0,33.06,34.4899,34.38,32.73
2011-06-03,905100.0,34.67,34.98,33.0,32.89
2011-06-06,394900.0,34.38,34.7782,34.47,34.18
2011-06-07,536000.0,35.2,35.57,34.9,34.47
2011-06-08,406400.0,35.21,35.83,35.14,35.0101
2011-06-09,256300.0,35.08,35.59,35.52,34.91
2011-06-10,413300.0,33.84,35.04,34.89,33.75
2011-06-13,306500.0,34.15,34.47,34.09,33.75
2011-06-14,276200.0,34.99,35.12,34.7,34.4
2011-06-15,259500.0,34.16,34.84,34.57,33.93
2011-06-16,224800.0,34.62,35.06,34.25,33.8201
2011-06-17,549800.0,34.17,35.14,34.9,34.03
2011-06-20,228600.0,34.92,35.23,34.21,33.8401
2011-06-21,304600.0,35.54,35.59,35.23,34.7901
2011-06-22,215000.0,35.37,36.0,35.49,35.1915
2011-06-23,197400.0,34.88,35.16,34.99,34.34
2011-06-24,220100.0,34.89,35.34,35.02,34.6
2011-06-27,153700.0,35.11,35.49,34.85,34.72
2011-06-28,137400.0,35.4,35.56,35.22,35.02
2011-06-29,185300.0,35.23,35.58,35.42,34.83
2011-06-30,217000.0,35.27,35.59,35.34,35.14
2011-07-01,332400.0,36.13,36.21,35.42,35.3
2011-07-05,166100.0,36.14,36.42,36.25,36.01
2011-07-06,266600.0,36.79,37.03,36.02,36.02
2011-07-07,251700.0,36.98,37.3,36.97,36.78
2011-07-08,160500.0,36.74,36.9,36.49,36.42
2011-07-11,161400.0,36.13,36.51,36.29,36.02
2011-07-12,133800.0,36.32,37.02,36.07,36.02
2011-07-13,202200.0,36.14,36.92,36.57,36.07
2011-07-14,329000.0,34.98,36.35,36.3,34.7
2011-07-15,143200.0,35.32,35.5,35.05,35.01
2011-07-18,139800.0,34.89,35.51,35.21,34.78
2011-07-19,157400.0,35.53,35.56,35.17,34.94
2011-07-20,174000.0,35.44,35.7,35.7,35.09
2011-07-21,126400.0,35.7,35.97,35.63,35.41
2011-07-22,180400.0,35.37,35.77,35.77,34.97
2011-07-25,177600.0,34.95,36.18,34.5,34.34
2011-07-26,323600.0,34.42,35.15,35.07,34.28
2011-07-27,350700.0,33.3,34.76,34.38,33.26
2011-07-28,237100.0,33.48,33.97,33.4,33.11
2011-07-29,297800.0,33.22,33.92,33.01,32.97
2011-08-01,328100.0,32.74,33.94,33.65,32.65
2011-08-02,506200.0,32.7,33.39,32.75,32.64
2011-08-03,308800.0,32.86,33.11,32.81,31.85
2011-08-04,513900.0,31.95,32.93,32.57,31.95
2011-08-05,570300.0,31.91,34.3275,32.25,31.65
2011-08-08,684300.0,29.12,32.0,31.09,29.1
2011-08-09,664700.0,32.89,33.05,30.13,28.01
2011-08-10,591000.0,31.41,33.03,31.85,29.941
2011-08-11,484200.0,33.43,34.05,31.43,31.41
2011-08-12,220300.0,33.23,34.35,33.61,32.76
2011-08-15,247800.0,34.09,34.1,33.37,33.08
2011-08-16,214100.0,33.5,33.88,33.6,33.04
2011-08-17,117500.0,33.62,33.93,33.79,32.84
2011-08-18,429600.0,31.87,32.87,32.52,31.02
2011-08-19,254000.0,31.24,32.38,31.53,31.2
2011-08-22,222300.0,31.31,32.57,31.99,30.85
2011-08-23,241700.0,32.57,32.61,31.54,31.13
2011-08-24,243500.0,33.38,33.4704,32.5,32.31
2011-08-25,271800.0,32.3,33.79,33.58,32.03
2011-08-26,144300.0,32.99,33.22,31.93,31.46
2011-08-29,210100.0,34.2,34.25,33.36,33.25
2011-08-30,303300.0,33.55,34.04,34.04,33.18
2011-08-31,293600.0,33.56,33.96,33.85,33.22
2011-09-01,264900.0,32.74,33.92,33.51,32.61
2011-09-02,306000.0,31.4,32.62,31.94,31.36
2011-09-06,303000.0,31.31,31.6,30.5,30.5
2011-09-07,261300.0,32.22,32.31,31.76,31.23
2011-09-08,206100.0,31.73,32.3392,31.87,31.53
2011-09-09,358000.0,30.64,31.55,31.37,30.31
2011-09-12,302500.0,30.47,30.7893,30.39,29.8
2011-09-13,388800.0,30.94,31.04,30.53,30.0
2011-09-14,339300.0,31.92,32.42,31.27,30.96
2011-09-15,200500.0,32.12,32.16,31.63,31.41
2011-09-16,492000.0,32.88,32.95,32.29,32.19
2011-09-19,337500.0,32.48,32.87,32.2,31.8547
2011-09-20,467100.0,33.01,33.33,32.65,32.4
2011-09-21,339700.0,31.67,33.18,32.98,31.58
2011-09-22,388000.0,30.87,31.89,30.68,30.33
2011-09-23,535200.0,30.86,31.05,30.83,30.28
2011-09-26,220700.0,31.07,31.27,31.15,30.38
2011-09-27,220500.0,31.96,32.48,32.04,31.38
2011-09-28,270600.0,31.09,32.65,32.07,31.08
2011-09-29,257600.0,32.45,32.46,32.02,31.46
2011-09-30,303700.0,31.52,32.66,31.77,31.47
2011-10-03,423700.0,29.8,31.89,31.17,29.75
2011-10-04,390700.0,31.95,32.05,29.44,29.32
2011-10-05,289000.0,32.19,32.46,32.02,30.92
2011-10-06,422900.0,33.51,33.59,32.17,31.955
2011-10-07,327300.0,32.53,33.72,33.63,32.44
2011-10-10,378700.0,34.14,34.15,33.15,32.78
2011-10-11,252700.0,33.3,34.23,33.9,33.13
2011-10-12,317600.0,34.12,34.41,33.48,33.2
2011-10-13,217000.0,33.71,34.09,33.9,33.2
2011-10-14,314100.0,34.48,34.78,34.04,33.76
2011-10-17,391400.0,33.36,34.2,34.11,33.19
2011-10-18,328000.0,34.74,34.89,33.54,33.28
2011-10-19,335900.0,34.02,35.0,34.61,33.89
2011-10-20,440400.0,33.42,34.2,34.14,32.8626
2011-10-21,487300.0,33.94,34.44,34.09,33.52
2011-10-24,733700.0,33.73,35.48,34.25,33.5
2011-10-25,705200.0,32.16,32.9,32.41,32.02
2011-10-26,467000.0,31.74,33.35,32.65,31.35
2011-10-27,534100.0,34.19,34.48,32.9,32.76
2011-10-28,308500.0,33.57,34.25,33.99,33.34
2011-10-31,359800.0,32.48,33.2,32.7,32.39
2011-11-01,486300.0,30.87,32.18,31.57,30.8
2011-11-02,362100.0,31.33,31.8,31.49,30.63
2011-11-03,300400.0,32.11,32.22,31.76,30.77
2011-11-04,220800.0,32.21,32.34,31.9,31.62
2011-11-07,149300.0,32.22,32.46,32.26,31.47
2011-11-08,209100.0,33.01,33.09,32.54,31.78
2011-11-09,336900.0,31.57,32.5499,32.08,31.5
2011-11-10,187700.0,31.51,32.1278,32.05,31.3
2011-11-11,202600.0,32.47,32.55,31.95,31.731
2011-11-14,197000.0,31.62,32.47,32.23,31.37
2011-11-15,180100.0,32.12,32.33,31.31,31.29
2011-11-16,180700.0,31.73,32.47,31.73,31.24
2011-11-17,268700.0,31.15,31.94,31.61,31.05
2011-11-18,153900.0,31.42,31.48,31.18,31.0
2011-11-21,222600.0,30.62,31.21,31.0,30.5
2011-11-22,172100.0,30.26,31.45,30.67,30.14
2011-11-23,312600.0,29.86,30.23,30.0,29.758
2011-11-25,140000.0,29.86,30.47,29.85,29.85
2011-11-28,236200.0,30.66,31.0158,30.95,30.21
2011-11-29,128700.0,30.58,30.89,30.64,30.31
2011-11-30,426700.0,32.16,32.171,31.65,30.872
2011-12-01,174900.0,31.49,32.08,31.96,31.49
2011-12-02,161800.0,31.26,32.04,31.95,31.16
2011-12-05,1452900.0,30.25,31.17,31.11,29.61
2011-12-06,479900.0,30.58,30.69,30.09,30.05
2011-12-07,337400.0,30.74,30.9,30.27,30.17
2011-12-08,346700.0,30.06,30.77,30.45,29.9
2011-12-09,347100.0,30.72,30.79,30.09,30.09
2011-12-12,378700.0,30.35,30.37,30.14,29.97
2011-12-13,365300.0,30.1,30.7,30.26,29.95
2011-12-14,377300.0,29.85,30.34,29.78,29.78
2011-12-15,308100.0,30.39,30.42,30.13,29.8
2011-12-16,515800.0,29.89,30.95,30.56,29.74
2011-12-19,341100.0,29.44,30.134,29.98,29.35
2011-12-20,347900.0,30.73,30.79,29.98,29.6
2011-12-21,257400.0,30.85,31.0,30.58,30.42
2011-12-22,136700.0,31.29,31.55,31.01,31.01
2011-12-23,98300.0,31.3,31.49,31.49,31.156
2011-12-27,243300.0,31.42,31.535,31.14,30.91
2011-12-28,293700.0,31.0,31.46,31.45,30.98
2011-12-29,158500.0,31.39,31.56,31.22,30.82
2011-12-30,253700.0,31.11,31.62,31.3,30.9
2012-01-03,212500.0,31.46,31.93,31.68,31.23
2012-01-04,230500.0,31.09,31.38,31.17,30.77
2012-01-05,253300.0,31.25,31.52,31.04,30.84
2012-01-06,236800.0,31.48,31.58,31.27,30.94
2012-01-09,228000.0,31.17,31.7,31.55,31.09
2012-01-10,207700.0,31.58,31.7399,31.72,31.39
2012-01-11,209500.0,32.1,32.18,31.36,31.36
2012-01-12,349100.0,32.79,32.82,32.17,31.91
2012-01-13,307900.0,33.25,33.32,32.35,32.22
2012-01-17,350500.0,33.18,33.65,33.4,32.89
2012-01-18,288400.0,33.18,33.52,33.18,32.93
2012-01-19,211200.0,33.71,33.75,33.21,33.08
2012-01-20,372000.0,34.42,34.45,33.58,33.4
2012-01-23,249300.0,33.58,34.42,34.3,33.39
2012-01-24,146300.0,33.5,33.6,33.31,33.13
2012-01-25,207400.0,33.57,33.61,33.35,33.1
2012-01-26,339800.0,33.5,34.04,33.7,33.41
2012-01-27,235900.0,33.07,33.5,33.37,32.84
2012-01-30,233600.0,33.0,33.21,32.75,32.53
2012-01-31,834900.0,30.55,33.03,33.03,30.13
2012-02-01,767900.0,30.42,30.99,30.28,29.725
2012-02-02,343400.0,30.49,30.83,30.43,30.34
2012-02-03,312600.0,31.07,31.22,30.93,30.68
2012-02-06,276500.0,31.145,31.23,30.85,30.81
2012-02-07,256000.0,31.16,31.36,30.98,30.81
2012-02-08,163600.0,31.35,31.41,31.39,31.0
2012-02-09,235900.0,31.31,31.4873,31.36,31.01
2012-02-10,368700.0,31.045,31.28,31.12,30.95
2012-02-13,163800.0,31.37,31.52,31.44,31.19
2012-02-14,143800.0,31.1,31.3,31.17,30.85
2012-02-15,275000.0,30.61,31.13,31.13,30.51
2012-02-16,195700.0,31.2,31.33,30.7,30.7
2012-02-17,144800.0,31.11,31.4091,31.32,30.82
2012-02-21,205800.0,31.04,31.11,31.11,30.67
2012-02-22,290900.0,30.37,30.94,30.84,30.31
2012-02-23,175800.0,31.01,31.02,30.35,30.3
2012-02-24,240800.0,30.82,31.08,30.95,30.6695
2012-02-27,456600.0,31.14,31.2,30.53,30.32
2012-02-28,174100.0,30.63,31.22,31.06,30.51
2012-02-29,321400.0,30.82,31.11,30.69,30.4
2012-03-01,215400.0,30.92,31.16,30.88,30.72
2012-03-02,264800.0,30.9,31.28,30.79,30.74
2012-03-05,154400.0,30.97,31.04,30.72,30.71
2012-03-06,230500.0,30.34,31.04,30.66,30.26
2012-03-07,257400.0,30.07,30.4,30.05,29.8
2012-03-08,262800.0,30.4,30.55,30.21,29.94
2012-03-09,228600.0,31.02,31.05,30.44,30.26
2012-03-12,189500.0,30.99,31.12,30.92,30.8
2012-03-13,313200.0,31.89,31.95,31.14,30.9347
2012-03-14,227800.0,31.32,31.83,31.8,31.15
2012-03-15,218600.0,31.22,31.56,31.32,30.841
2012-03-16,297000.0,31.35,31.39,31.19,31.11
2012-03-19,144600.0,31.51,31.71,31.28,31.01
2012-03-20,126900.0,31.19,31.42,31.33,31.03
2012-03-21,222200.0,31.25,31.35,31.19,30.88
2012-03-22,226300.0,31.22,31.29,30.91,30.84
2012-03-23,108200.0,31.35,31.44,31.29,31.0129
2012-03-26,163600.0,31.59,31.85,31.58,31.3145
2012-03-27,120900.0,31.56,31.79,31.65,31.41
2012-03-28,75200.0,31.54,31.55,31.49,31.2
2012-03-29,107600.0,31.37,31.46,31.37,31.1
2012-03-30,185000.0,31.34,31.69,31.52,31.28
2012-04-02,132000.0,31.46,31.59,31.21,31.03
2012-04-03,142200.0,31.23,31.58,31.29,31.05
2012-04-04,105900.0,30.9,31.01,30.94,30.64
2012-04-05,155800.0,30.51,30.83,30.53,30.45
2012-04-09,137500.0,30.19,30.39,30.01,30.01
2012-04-10,295200.0,29.73,30.36,30.07,29.69
2012-04-11,186200.0,30.0,30.2182,29.97,29.69
2012-04-12,135700.0,30.35,30.38,29.94,29.92
2012-04-13,182400.0,29.99,30.4101,30.18,29.96
2012-04-16,141600.0,30.42,30.72,30.04,29.925
2012-04-17,132200.0,30.69,31.05,30.61,30.44
2012-04-18,162600.0,30.78,30.98,30.56,30.32
2012-04-19,139500.0,30.52,30.99,30.75,30.35
2012-04-20,209900.0,31.09,31.45,31.2,30.8
2012-04-23,203700.0,30.5,30.76,30.76,30.01
2012-04-24,144000.0,31.08,31.36,30.59,30.44
2012-04-25,186700.0,31.48,31.84,31.47,31.24
2012-04-26,189700.0,31.58,31.76,31.65,31.32
2012-04-27,179100.0,31.6,31.84,31.67,31.18
2012-04-30,189000.0,31.3,31.53,31.48,31.19
2012-05-01,423200.0,31.08,31.73,31.21,31.03
2012-05-02,239100.0,31.0,31.2,30.79,30.75
2012-05-03,271600.0,30.91,31.48,30.94,30.83
2012-05-04,229200.0,30.77,31.24,30.78,30.51
2012-05-07,112000.0,30.87,31.01,30.62,30.11
2012-05-08,142200.0,30.84,30.99,30.64,30.64
2012-05-09,188000.0,30.5,30.83,30.55,30.47
2012-05-10,173000.0,30.47,30.74,30.74,30.1
2012-05-11,105300.0,30.33,30.59,30.14,30.12
2012-05-14,227100.0,30.25,30.35,30.04,29.85
2012-05-15,143000.0,30.2,30.34,30.15,29.97
2012-05-16,133900.0,29.96,30.4679,30.25,29.95
2012-05-17,222200.0,29.53,30.06,29.97,29.5
2012-05-18,384600.0,28.93,29.7092,29.51,28.9
2012-05-21,163900.0,29.58,29.58,28.91,28.73
2012-05-22,173000.0,29.66,29.84,29.55,29.37
2012-05-23,127000.0,29.49,29.5677,29.37,29.07
2012-05-24,151700.0,29.31,29.75,29.51,28.95
2012-05-25,107500.0,28.97,29.35,29.25,28.88
2012-05-29,131700.0,29.24,29.3085,29.22,28.81
2012-05-30,129800.0,28.39,29.14,29.0,28.37
2012-05-31,173800.0,28.66,28.85,28.35,28.13
2012-06-01,213300.0,28.48,28.64,28.02,28.02
2012-06-04,287500.0,28.66,28.68,28.43,28.21
2012-06-05,139300.0,28.87,28.97,28.53,28.53
2012-06-06,153100.0,29.15,29.16,28.72,28.64
2012-06-07,187400.0,28.98,29.76,29.43,28.92
2012-06-08,106700.0,29.33,29.37,28.94,28.88
2012-06-11,188500.0,28.81,29.56,29.56,28.79
2012-06-12,125500.0,29.22,29.22,28.91,28.71
2012-06-13,156300.0,28.69,29.41,29.05,28.59
2012-06-14,198600.0,29.03,29.1,28.64,28.64
2012-06-15,311900.0,29.05,29.25,29.08,28.86
2012-06-18,136200.0,29.3,29.38,28.91,28.84
2012-06-19,155300.0,29.93,29.99,29.37,29.22
2012-06-20,126300.0,29.89,30.085,29.93,29.72
2012-06-21,166300.0,29.63,30.04,29.97,29.58
2012-06-22,322300.0,29.88,29.99,29.72,29.6099
2012-06-25,120300.0,29.58,29.68,29.46,29.4
2012-06-26,103100.0,29.5,29.78,29.6,29.26
2012-06-27,203600.0,30.79,30.79,29.51,29.5
2012-06-28,217600.0,30.94,30.94,30.51,30.3611
2012-06-29,435700.0,31.94,32.13,31.46,31.12
2012-07-02,187300.0,32.51,32.51,31.9,31.75
2012-07-03,161400.0,33.2,33.2,32.47,32.47
2012-07-05,332200.0,33.54,33.725,33.07,32.84
2012-07-06,109400.0,33.5,33.66,33.14,33.0428
2012-07-09,152100.0,33.81,33.81,33.44,33.36
2012-07-10,206900.0,33.72,33.95,33.8,33.55
2012-07-11,253600.0,34.13,34.15,33.74,33.74
2012-07-12,182200.0,34.11,34.1899,33.79,33.79
2012-07-13,329300.0,34.64,34.93,34.17,34.13
2012-07-16,143300.0,34.91,35.02,34.66,34.61
2012-07-17,289000.0,35.05,35.33,35.0,34.94
2012-07-18,182200.0,35.17,35.32,34.95,34.95
2012-07-19,176700.0,35.02,35.35,35.23,34.84
2012-07-20,218200.0,35.06,35.15,34.75,34.49
2012-07-23,191800.0,35.06,35.18,34.53,34.53
2012-07-24,225600.0,35.39,35.61,35.16,35.03
2012-07-25,236100.0,35.75,35.75,35.62,35.1001
2012-07-26,338200.0,35.64,36.06,36.0,35.3939
2012-07-27,390700.0,35.42,36.03,35.67,35.39
2012-07-30,163200.0,35.0,35.59,35.5,34.99
2012-07-31,259300.0,34.61,35.09,34.97,34.56
2012-08-01,209400.0,34.31,35.07,34.8,34.29
2012-08-02,158900.0,34.08,34.28,34.12,33.83
2012-08-03,131600.0,34.41,34.69,34.41,34.26
2012-08-06,116200.0,34.09,34.76,34.52,33.97
2012-08-07,127800.0,34.1,34.31,34.19,33.81
2012-08-08,100000.0,33.78,34.44,34.02,33.61
2012-08-09,110900.0,33.43,33.79,33.67,33.29
2012-08-10,99900.0,33.44,33.52,33.42,33.22
2012-08-13,100400.0,33.47,33.83,33.37,33.1
2012-08-14,156000.0,33.9,34.0,33.6,33.6
2012-08-15,235600.0,34.7,34.71,33.93,33.72
2012-08-16,365000.0,35.52,35.62,34.6,34.55
2012-08-17,130600.0,35.56,35.64,35.5,35.46
2012-08-20,121400.0,35.54,35.54,35.5,35.2
2012-08-21,169400.0,35.77,36.04,35.58,35.52
2012-08-22,96100.0,35.71,35.82,35.82,35.43
2012-08-23,191700.0,35.34,35.69,35.57,35.07
2012-08-24,111700.0,35.28,35.45,35.18,35.02
2012-08-27,187700.0,35.36,35.44,35.3,35.17
2012-08-28,124400.0,35.89,35.95,35.23,35.23
2012-08-29,81100.0,36.01,36.2,35.86,35.63
2012-08-30,123500.0,36.06,36.12,35.81,35.76
2012-08-31,139400.0,36.06,36.33,36.29,35.9
2012-09-04,185000.0,36.52,36.56,36.12,35.75
2012-09-05,201100.0,36.77,36.88,36.46,36.43
2012-09-06,216800.0,36.82,37.124,36.93,36.51
2012-09-07,111200.0,37.15,37.25,36.94,36.8
2012-09-10,144100.0,37.45,37.62,37.09,36.0001
2012-09-11,120200.0,37.41,37.71,37.45,37.17
2012-09-12,119300.0,37.49,37.55,37.43,37.2432
2012-09-13,275000.0,37.77,37.89,37.27,37.2
2012-09-14,364000.0,38.27,38.49,37.99,37.96
2012-09-17,327100.0,37.6,38.32,38.23,37.46
2012-09-18,347500.0,37.675,38.0194,37.64,37.16
2012-09-19,117600.0,37.88,38.03,37.7,37.4
2012-09-20,127500.0,37.64,37.88,37.77,37.55
2012-09-21,431400.0,38.0,38.0999,38.02,37.81
2012-09-24,165200.0,38.04,38.18,37.97,37.7328
2012-09-25,276700.0,38.0,38.46,38.23,37.87
2012-09-26,183200.0,37.86,38.13,38.08,37.68
2012-09-27,182900.0,37.92,38.02,37.89,37.694
2012-09-28,319600.0,37.37,38.09,37.69,37.33
2012-10-01,260800.0,37.265,37.63,37.63,36.65
2012-10-02,226100.0,37.51,37.55,37.44,36.7801
2012-10-03,268800.0,37.81,38.04,37.67,37.41
2012-10-04,133400.0,37.93,38.08,38.0,37.52
2012-10-05,187400.0,38.12,38.37,38.11,37.94
2012-10-08,113300.0,37.93,38.01,37.94,37.86
2012-10-09,157400.0,37.6,38.34,37.85,37.57
2012-10-10,115800.0,37.82,37.96,37.6,37.57
2012-10-11,107000.0,38.05,38.22,38.22,37.97
2012-10-12,112300.0,37.92,38.2,37.83,37.83
2012-10-15,174100.0,38.15,38.23,37.91,37.68
2012-10-16,257200.0,38.37,38.5,38.34,38.15
2012-10-17,144600.0,38.36,38.55,38.35,38.1501
2012-10-18,213500.0,38.3,38.51,38.25,38.2
2012-10-19,142900.0,37.98,38.58,38.07,37.77
2012-10-22,192700.0,38.8,38.87,38.01,37.95
2012-10-23,423700.0,38.59,38.89,38.59,38.3501
2012-10-24,231000.0,38.78,38.86,38.65,38.34
2012-10-25,212100.0,38.53,38.9,38.9,38.28
2012-10-26,136300.0,38.57,38.74,38.58,38.16
2012-10-31,336600.0,38.48,38.81,38.48,38.0
2012-11-01,433800.0,38.74,38.81,38.39,38.02
2012-11-02,354900.0,38.35,38.8,38.8,38.29
2012-11-05,185200.0,38.67,38.86,38.27,38.0
2012-11-06,129700.0,38.86,38.995,38.72,38.46
2012-11-07,304500.0,38.34,38.74,38.43,38.3
2012-11-08,205800.0,38.09,38.54,38.42,38.07
2012-11-09,148200.0,38.0,38.33,37.88,37.734
2012-11-12,119000.0,38.19,38.26,38.05,37.7
2012-11-13,129900.0,38.26,38.48,37.96,37.69
2012-11-14,258000.0,37.55,38.44,38.44,37.49
2012-11-15,294100.0,37.65,37.88,37.45,36.96
2012-11-16,175100.0,37.7,37.82,37.52,37.23
2012-11-19,143700.0,38.22,38.27,38.0,37.97
2012-11-20,377800.0,38.92,38.94,38.05,37.9
2012-11-21,155100.0,38.91,39.06,38.88,38.58
2012-11-23,58100.0,39.005,39.01,38.96,38.73
2012-11-26,103600.0,38.66,39.11,38.9,38.37
2012-11-27,106900.0,38.4076,38.75,38.69,38.34
2012-11-28,103900.0,38.8,38.82,38.13,37.93
2012-11-29,292500.0,38.98,39.12,39.0,36.0401
2012-11-30,206700.0,38.95,39.11,38.91,38.7401
2012-12-03,201500.0,39.01,39.1175,39.06,38.56
2012-12-04,111200.0,38.83,39.124,38.94,38.64
2012-12-05,177200.0,38.26,38.93,38.89,38.23
2012-12-06,162300.0,38.4,38.4,38.12,38.12
2012-12-07,616500.0,38.94,39.21,38.5,38.18
2012-12-10,147100.0,39.0,39.0,38.86,38.8
2012-12-11,318900.0,38.99,39.04,39.0,38.88
2012-12-12,333000.0,38.95,39.19,39.17,38.9001
2012-12-13,105800.0,38.41,38.81,38.65,38.3284
2012-12-14,87700.0,38.12,38.73,38.27,38.02
2012-12-17,170800.0,38.47,38.61,38.35,38.035
2012-12-18,210400.0,38.99,39.02,38.59,38.46
2012-12-19,554600.0,38.55,39.09,38.99,38.53
2012-12-20,268600.0,39.07,39.14,38.6,38.6
2012-12-21,642500.0,38.75,38.96,38.96,38.48
2012-12-24,76400.0,38.72,38.95,38.66,38.46
2012-12-26,143400.0,38.41,38.737,38.71,38.32
2012-12-27,161900.0,38.84,38.97,38.51,38.32
2012-12-28,112100.0,38.52,38.89,38.59,38.45
2012-12-31,358300.0,39.1491,39.21,38.35,38.29
2013-01-02,363900.0,39.9,39.95,39.88,39.43
2013-01-03,515400.0,40.05,40.138,39.99,39.82
2013-01-04,340500.0,40.22,40.37,40.26,39.81
2013-01-07,376100.0,40.04,40.21,39.96,39.96
2013-01-08,236800.0,40.015,40.14,40.02,39.91
2013-01-09,351300.0,40.53,40.61,40.2,39.99
2013-01-10,252700.0,40.57,40.68,40.56,40.39
2013-01-11,213600.0,40.72,40.8,40.68,40.45
2013-01-14,304100.0,40.77,40.89,40.59,40.5
2013-01-15,339400.0,41.14,41.22,40.58,40.16
2013-01-16,279100.0,41.66,41.69,41.15,40.935
2013-01-17,399200.0,42.64,42.8,41.83,41.76
2013-01-18,269700.0,42.56,42.64,42.59,42.3
2013-01-22,310900.0,43.36,43.36,42.63,42.595
2013-01-23,440900.0,44.16,44.2,43.41,43.3
2013-01-24,346500.0,44.04,44.505,44.24,43.77
2013-01-25,274500.0,44.22,44.22,44.05,43.56
2013-01-28,365700.0,43.72,44.46,44.26,43.622
2013-01-29,428600.0,44.44,44.47,43.48,43.4
2013-01-30,579200.0,43.4,43.63,43.17,42.11
2013-01-31,639200.0,43.39,43.55,43.3,42.912
2013-02-01,258000.0,43.77,43.91,43.39,42.96
2013-02-04,310800.0,43.63,43.72,43.59,43.4113
2013-02-05,384200.0,43.73,43.88,43.88,43.54
2013-02-06,264900.0,44.1,44.16,43.53,43.53
2013-02-07,196400.0,44.03,44.1475,44.03,43.6301
2013-02-08,185200.0,44.53,44.54,44.02,43.96
2013-02-11,157400.0,44.58,44.64,44.635,44.28
2013-02-12,196100.0,44.95,45.0,44.68,44.54
2013-02-13,210400.0,45.19,45.19,44.93,44.66
2013-02-14,229000.0,45.31,45.5654,45.04,45.04
2013-02-15,283100.0,45.2,45.69,45.57,45.12
2013-02-19,391900.0,45.5,45.51,45.18,45.005
2013-02-20,238500.0,44.74,45.82,45.46,44.73
2013-02-21,257000.0,44.13,44.76,44.76,43.84
2013-02-22,138800.0,44.83,44.84,44.41,44.4
2013-02-25,251200.0,43.71,44.9,44.89,43.7
2013-02-26,151100.0,44.2,44.38,43.74,43.69
2013-02-27,158400.0,44.77,45.09,44.16,44.1101
2013-02-28,286600.0,44.01,44.827,44.7,44.01
2013-03-01,282100.0,44.24,44.44,43.62,43.4
2013-03-04,215600.0,44.75,45.47,44.25,44.25
2013-03-05,176900.0,45.41,45.62,44.98,44.86
2013-03-06,211900.0,44.17,45.3885,45.16,44.115
2013-03-07,145700.0,44.58,44.59,44.12,44.03
2013-03-08,152100.0,44.6,44.92,44.92,44.31
2013-03-11,101400.0,44.83,44.9,44.54,44.375
2013-03-12,93900.0,44.48,44.81,44.77,44.351
2013-03-13,120300.0,44.52,44.94,44.59,44.35
2013-03-14,132400.0,44.8,44.88,44.53,44.4
2013-03-15,472700.0,44.55,44.89,44.8,44.52
2013-03-18,156700.0,44.43,44.55,44.21,44.21
2013-03-19,140500.0,44.52,44.74,44.36,44.28
2013-03-20,97800.0,45.04,45.05,44.67,44.64
2013-03-21,120900.0,44.84,45.34,44.71,44.44
2013-03-22,78400.0,45.05,45.36,44.83,44.83
2013-03-25,133200.0,45.25,45.82,45.22,45.02
2013-03-26,78600.0,45.65,45.8,45.44,45.2605
2013-03-27,151700.0,45.44,45.54,45.54,45.07
2013-03-28,179200.0,45.86,46.01,45.63,45.44
2013-04-01,207800.0,45.48,46.63,45.79,44.9906
2013-04-02,173700.0,45.91,46.2,45.73,45.35
2013-04-03,162500.0,44.88,45.93,45.93,44.81
2013-04-04,147000.0,45.24,45.2699,44.84,44.8
2013-04-05,225000.0,45.78,45.78,44.57,44.55
2013-04-08,121500.0,46.3,46.43,45.94,45.5
2013-04-09,164000.0,45.93,46.51,46.51,45.89
2013-04-10,222100.0,46.31,46.5,46.05,45.99
2013-04-11,139000.0,46.43,46.82,46.25,46.19
2013-04-12,110700.0,46.21,46.72,46.3,46.01
2013-04-15,319800.0,45.08,47.165,46.25,44.94
2013-04-16,226600.0,45.98,46.04,45.33,45.3
2013-04-17,220600.0,44.88,45.885,45.81,44.69
2013-04-18,199000.0,44.79,45.24,45.03,44.48
2013-04-19,169500.0,45.44,45.63,44.79,44.53
2013-04-22,222800.0,45.84,45.96,45.61,45.28
2013-04-23,290300.0,47.605,48.08,46.53,46.53
2013-04-24,256500.0,47.41,48.48,46.93,46.93
2013-04-25,320100.0,48.12,49.46,48.83,47.91
2013-04-26,189400.0,47.72,48.35,48.06,47.54
2013-04-29,195600.0,47.52,47.98,47.98,47.35
2013-04-30,310700.0,47.35,47.63,47.59,47.11
2013-05-01,296700.0,46.38,47.58,47.25,46.31
2013-05-02,291300.0,47.14,47.47,46.43,46.28
2013-05-03,201300.0,47.29,47.9999,47.75,47.2
2013-05-06,310700.0,47.58,47.94,47.41,47.1
2013-05-07,236600.0,48.32,48.32,47.51,47.51
2013-05-08,210100.0,48.22,48.669,48.32,47.735
2013-05-09,317000.0,49.25,49.445,48.25,48.12
2013-05-10,241500.0,49.34,49.85,49.51,48.94
2013-05-13,295600.0,49.54,49.56,49.43,49.19
2013-05-14,335000.0,49.78,50.0,49.65,49.49
2013-05-15,426000.0,50.47,50.47,49.71,49.49
2013-05-16,180400.0,50.5,50.65,50.5,50.25
2013-05-17,181300.0,51.04,51.13,50.81,50.56
2013-05-20,260900.0,50.96,51.24,51.07,50.69
2013-05-21,175200.0,50.99,51.23,51.12,50.815
2013-05-22,251500.0,49.96,51.48,51.06,49.76
2013-05-23,305900.0,49.65,49.91,49.7,48.81
2013-05-24,204700.0,49.54,49.77,49.55,49.13
2013-05-28,203800.0,49.14,50.42,50.32,48.77
2013-05-29,415000.0,46.99,48.84,48.8,46.8
2013-05-30,369700.0,45.26,47.27,46.99,45.07
2013-05-31,327900.0,45.43,45.94,45.01,44.58
2013-06-03,626100.0,45.36,46.23,45.4,44.72
2013-06-04,395600.0,44.44,45.6,45.28,44.19
2013-06-05,280600.0,43.99,44.3299,44.16,43.41
2013-06-06,321500.0,44.94,44.94,43.87,43.82
2013-06-07,201800.0,44.48,45.25,45.25,43.95
2013-06-10,163200.0,43.68,44.54,44.54,43.53
2013-06-11,272500.0,43.22,43.54,43.36,42.7
2013-06-12,220800.0,42.0,44.03,43.59,41.9
2013-06-13,198400.0,42.82,42.98,42.08,41.52
2013-06-14,238400.0,42.54,43.14,42.72,42.32
2013-06-17,290100.0,41.96,43.33,42.84,41.68
2013-06-18,190800.0,42.41,42.71,42.06,41.89
2013-06-19,292300.0,40.5,42.6,42.47,40.43
2013-06-20,342100.0,39.93,40.52,40.18,39.66
2013-06-21,672100.0,40.9,41.12,40.02,39.78
2013-06-24,321900.0,40.76,41.59,40.57,39.91
2013-06-25,406800.0,41.54,41.73,40.99,40.08
2013-06-26,572800.0,40.61,41.64,41.44,40.23
2013-06-27,335700.0,41.09,41.3,40.86,40.531
2013-06-28,942100.0,40.44,41.315,41.12,40.2601
2013-07-01,300100.0,40.39,41.22,40.88,40.25
2013-07-02,259500.0,40.62,41.29,40.44,40.4
2013-07-03,289400.0,40.52,40.8425,40.58,40.25
2013-07-05,208200.0,40.31,41.22,41.22,39.43
2013-07-08,320700.0,40.31,40.71,40.4,40.24
2013-07-09,271700.0,41.06,41.28,40.46,40.3225
2013-07-10,232800.0,40.7,41.3,40.99,40.68
2013-07-11,188100.0,41.52,41.8,41.15,40.93
2013-07-12,162300.0,41.55,41.8,41.49,41.075
2013-07-15,201100.0,41.25,41.46,41.43,41.05
2013-07-16,221100.0,41.55,41.66,41.2,41.05
2013-07-17,294700.0,41.44,41.84,41.64,41.35
2013-07-18,386800.0,42.6,42.61,41.52,41.305
2013-07-19,261000.0,42.68,42.82,42.56,41.87
2013-07-22,226000.0,42.26,42.9393,42.22,42.22
2013-07-23,263700.0,42.02,42.38,42.27,41.52
2013-07-24,364000.0,43.41,44.05,43.5,42.66
2013-07-25,308900.0,44.26,44.27,43.39,42.93
2013-07-26,187300.0,44.05,44.49,43.95,43.49
2013-07-29,200300.0,43.73,44.34,44.01,43.62
2013-07-30,202400.0,43.7,44.41,43.82,43.36
2013-07-31,369100.0,44.03,44.53,43.76,43.26
2013-08-01,378000.0,44.19,44.93,44.31,43.96
2013-08-02,206100.0,44.01,44.28,44.09,43.77
2013-08-05,136600.0,44.0,44.06,43.89,43.695
2013-08-06,239000.0,43.58,43.97,43.97,43.3
2013-08-07,205500.0,43.27,43.68,43.55,43.0
2013-08-08,137600.0,43.28,43.48,43.45,43.11
2013-08-09,131200.0,43.91,44.04,43.18,43.04
2013-08-12,203800.0,43.57,43.85,43.59,43.42
2013-08-13,155400.0,42.43,43.865,43.5,42.29
2013-08-14,144200.0,42.47,42.87,42.39,42.0
2013-08-15,200600.0,40.91,42.04,42.0,40.84
2013-08-16,274600.0,39.98,40.95,40.74,39.72
2013-08-19,183000.0,39.26,40.07,39.95,39.25
2013-08-20,280600.0,40.24,40.41,39.4,39.2001
2013-08-21,214600.0,40.59,41.3246,40.32,39.7
2013-08-22,121000.0,40.5,41.08,40.61,40.22
2013-08-23,112300.0,40.52,40.675,40.48,40.2
2013-08-26,240000.0,40.12,40.66,40.63,40.08
2013-08-27,278400.0,39.81,40.095,39.83,39.38
2013-08-28,153400.0,39.59,39.79,39.79,39.37
2013-08-29,158700.0,40.01,40.01,39.5,39.38
2013-08-30,209900.0,38.56,40.1,39.96,38.52
2013-09-03,411800.0,38.0,39.46,38.94,37.59
2013-09-04,236600.0,38.445,38.58,38.04,37.9
2013-09-05,102100.0,38.35,38.92,38.51,38.21
2013-09-06,303000.0,38.48,38.98,38.4,38.005
2013-09-09,236100.0,38.9,38.91,38.5,38.5
2013-09-10,303500.0,39.28,39.37,39.0,38.85
2013-09-11,219000.0,39.25,39.31,39.31,38.882
2013-09-12,381400.0,39.13,39.56,39.11,39.02
2013-09-13,315500.0,39.4,39.51,38.99,38.9
2013-09-16,161700.0,39.595,40.05,39.94,39.5
2013-09-17,232700.0,39.36,39.59,39.55,39.08
2013-09-18,265300.0,40.32,40.41,39.32,38.78
2013-09-19,210100.0,40.8,41.104,40.34,40.001
2013-09-20,646600.0,40.69,41.13,41.13,40.58
2013-09-23,213800.0,40.09,40.68,40.59,40.04
2013-09-24,142600.0,40.06,40.46,40.04,39.63
2013-09-25,137300.0,39.55,40.5211,40.15,39.54
2013-09-26,101500.0,39.99,40.06,39.52,39.52
2013-09-27,144300.0,39.73,39.9699,39.69,39.24
2013-09-30,248100.0,39.68,39.94,39.48,39.18
2013-10-01,302400.0,40.34,40.95,39.55,39.35
2013-10-02,177300.0,39.79,40.3525,40.17,39.546
2013-10-03,173200.0,39.23,39.7,39.66,38.83
2013-10-04,136800.0,38.84,39.42,39.12,38.61
2013-10-07,161800.0,38.28,38.93,38.5,38.27
2013-10-08,136500.0,38.18,38.41,38.34,38.01
2013-10-09,129800.0,38.17,38.62,38.3,38.01
2013-10-10,206500.0,39.98,39.98,39.27,38.89
2013-10-11,216700.0,41.25,41.26,39.97,39.49
2013-10-14,202900.0,41.71,41.8,41.18,40.97
2013-10-15,211100.0,41.77,41.88,41.68,41.39
2013-10-16,279900.0,42.68,42.81,42.0,41.78
2013-10-17,179100.0,43.31,43.42,42.4,42.4
2013-10-18,278500.0,43.62,43.78,43.6,43.27
2013-10-21,262700.0,43.02,43.84,43.54,42.8
2013-10-22,260300.0,42.91,43.14,42.75,41.86
2013-10-23,208500.0,42.18,42.81,42.81,41.94
2013-10-24,187100.0,42.48,42.595,42.43,42.146
2013-10-25,127500.0,42.58,42.64,42.64,42.17
2013-10-28,151100.0,42.54,42.68,42.68,42.02
2013-10-29,175800.0,41.88,42.62,42.62,41.7
2013-10-30,196800.0,40.94,41.93,41.8,40.86
2013-10-31,219600.0,40.83,41.445,40.88,40.72
2013-11-01,404200.0,41.24,41.33,40.71,40.44
2013-11-04,258800.0,40.9,41.69,41.31,40.85
2013-11-05,183800.0,40.14,40.79,40.61,40.13
2013-11-06,109000.0,40.23,40.55,40.43,40.13
2013-11-07,211400.0,39.68,40.44,40.44,39.44
2013-11-08,241200.0,40.0,40.03,39.59,39.28
2013-11-11,153600.0,40.02,40.33,39.89,39.72
2013-11-12,144000.0,40.08,40.13,40.05,39.85
2013-11-13,179100.0,39.73,40.19,39.69,39.34
2013-11-14,245200.0,39.1,39.715,39.71,38.95
2013-11-15,187200.0,39.23,39.325,39.11,38.86
2013-11-18,408300.0,38.95,39.33,39.33,38.81
2013-11-19,150200.0,38.69,39.08,39.03,38.6
2013-11-20,268200.0,38.66,39.28,38.95,38.49
2013-11-21,546000.0,39.37,39.37,38.89,38.4701
2013-11-22,258300.0,39.34,39.49,39.31,38.84
2013-11-25,133900.0,38.76,39.37,39.37,38.59
2013-11-26,155600.0,39.23,39.35,38.8,38.57
2013-11-27,121800.0,40.2,40.22,39.36,38.98
2013-11-29,112900.0,39.85,40.37,40.37,39.73
2013-12-02,182900.0,39.91,40.0799,39.95,39.52
2013-12-03,237900.0,39.83,40.49,39.84,39.78
2013-12-04,99200.0,39.63,40.3,39.69,39.39
2013-12-05,212400.0,39.75,40.006,39.62,39.3
2013-12-06,242100.0,40.48,40.57,40.07,39.95
2013-12-09,220100.0,40.3,41.13,40.63,40.1
2013-12-10,248000.0,39.83,40.48,40.13,39.75
2013-12-11,235100.0,39.5,40.006,39.96,39.1944
2013-12-12,172200.0,39.18,39.51,39.48,39.05
2013-12-13,204200.0,39.61,39.69,39.09,38.805
2013-12-16,264900.0,40.55,40.77,39.71,39.61
2013-12-17,213800.0,40.71,40.79,40.48,39.94
2013-12-18,369400.0,41.54,41.75,40.79,40.54
2013-12-19,179400.0,40.78,41.37,41.37,40.6
2013-12-20,448400.0,41.46,41.54,40.98,40.361
2013-12-23,118400.0,41.48,42.0,41.57,41.3
2013-12-24,107700.0,42.08,42.15,41.61,41.5
2013-12-26,155100.0,41.39,42.45,42.16,41.27
2013-12-27,134100.0,41.69,41.7,41.52,41.23
2013-12-30,123500.0,41.86,41.97,41.74,41.2701
2013-12-31,202000.0,41.74,42.28,41.93,41.6
2014-01-02,201300.0,41.43,41.59,41.55,40.83
2014-01-03,194600.0,41.61,41.81,41.44,41.16
2014-01-06,290000.0,41.62,41.97,41.68,41.3
2014-01-07,306300.0,41.89,42.44,41.9,41.074
2014-01-08,203200.0,41.47,41.84,41.74,40.93
2014-01-09,184500.0,41.13,42.07,41.54,40.8052
2014-01-10,181400.0,41.38,41.57,41.16,40.98
2014-01-13,248900.0,40.84,41.61,41.25,40.535
2014-01-14,322800.0,40.84,41.05,41.05,40.6
2014-01-15,342700.0,40.69,41.57,40.98,40.67
2014-01-16,231100.0,40.56,41.09,40.6,40.23
2014-01-17,174900.0,40.55,40.94,40.54,40.33
2014-01-21,194800.0,40.86,41.06,40.89,40.47
2014-01-22,277400.0,41.56,41.63,40.97,40.89
2014-01-23,231000.0,41.3,41.74,41.35,41.1
2014-01-24,236300.0,40.72,40.96,40.96,40.23
2014-01-27,282700.0,40.69,41.27,40.91,40.3107
2014-01-28,283800.0,40.71,41.84,40.3,40.3
2014-01-29,197600.0,39.56,40.86,40.52,39.45
2014-01-30,315500.0,40.45,41.82,40.51,40.3
2014-01-31,257200.0,40.0,40.86,39.9,39.87
2014-02-03,512100.0,38.37,40.7,39.88,38.24
2014-02-04,330000.0,38.39,38.9,38.59,38.1
2014-02-05,280400.0,37.92,38.25,38.15,37.59
2014-02-06,140500.0,38.23,38.47,37.94,37.92
2014-02-07,174600.0,38.15,38.59,38.23,37.93
2014-02-10,187700.0,38.55,38.62,38.06,37.76
2014-02-11,190400.0,39.17,39.38,38.72,38.53
2014-02-12,112500.0,39.06,39.45,39.14,38.8
2014-02-13,175600.0,39.76,39.99,38.83,38.83
2014-02-14,113000.0,39.91,39.93,39.77,39.41
2014-02-18,214700.0,39.88,40.21,40.0,39.485
2014-02-19,193900.0,40.03,40.52,39.63,39.63
2014-02-20,179000.0,40.42,40.5,40.0,40.0
2014-02-21,180900.0,40.09,40.63,40.63,40.04
2014-02-24,246300.0,40.24,40.776,40.21,40.19
2014-02-25,204600.0,39.88,40.303,40.16,39.72
2014-02-26,171900.0,40.11,40.46,40.02,39.565
2014-02-27,201600.0,39.52,40.46,40.01,39.33
2014-02-28,350400.0,39.64,40.24,39.67,39.28
2014-03-03,409900.0,39.34,39.53,39.37,38.34
2014-03-04,285600.0,40.14,40.34,39.71,39.46
2014-03-05,170100.0,39.72,40.29,39.88,39.42
2014-03-06,107400.0,40.02,40.16,39.76,39.49
2014-03-07,124700.0,39.67,40.27,40.27,39.52
2014-03-10,111300.0,39.31,39.64,39.64,39.16
2014-03-11,227700.0,38.95,39.52,39.34,38.75
2014-03-12,167000.0,38.56,39.13,38.84,38.44
2014-03-13,131300.0,38.32,38.74,38.69,38.19
2014-03-14,153300.0,38.44,38.67,38.21,38.1
2014-03-17,190900.0,38.35,38.79,38.6,38.18
2014-03-18,147300.0,38.88,39.07,38.48,38.12
2014-03-19,186700.0,37.79,39.12,38.91,37.67
2014-03-20,100200.0,38.14,38.21,37.82,37.52
2014-03-21,402300.0,38.17,38.86,38.19,38.04
2014-03-24,150400.0,37.96,38.51,38.36,37.73
2014-03-25,143300.0,38.25,38.5,38.13,37.82
2014-03-26,178100.0,37.8,38.849,38.47,37.77
2014-03-27,286600.0,37.7,38.05,37.82,37.63
2014-03-28,285600.0,37.805,38.09,37.73,37.6
2014-03-31,241200.0,38.69,38.85,38.07,37.89
2014-04-01,145200.0,39.03,39.07,38.64,38.38
2014-04-02,129900.0,39.43,39.53,39.07,38.72
2014-04-03,129500.0,39.11,39.86,39.45,39.02
2014-04-04,154600.0,38.43,39.43,39.42,38.42
2014-04-07,206900.0,38.63,38.93,38.39,38.1
2014-04-08,126900.0,38.62,38.8,38.63,38.23
2014-04-09,103600.0,38.47,38.67,38.67,38.15
2014-04-10,242800.0,37.61,38.57,38.33,37.33
2014-04-11,160300.0,37.27,37.81,37.32,37.04
2014-04-14,152500.0,37.84,37.91,37.65,37.38
2014-04-15,125800.0,37.65,37.97,37.93,37.16
2014-04-16,131300.0,37.55,37.84,37.83,37.44
2014-04-17,155100.0,37.64,37.82,37.43,37.4
2014-04-21,101100.0,37.92,38.02,37.7,37.61
2014-04-22,270400.0,38.74,39.104,38.83,37.95
2014-04-23,149700.0,38.26,39.12,38.77,38.23
2014-04-24,223900.0,38.48,38.69,38.36,38.19
2014-04-25,220200.0,38.38,38.709,38.29,38.11
2014-04-28,177000.0,38.46,38.78,38.61,38.34
2014-04-29,151600.0,38.28,38.99,38.58,38.25
2014-04-30,258900.0,38.23,38.38,38.21,37.891
2014-05-01,361200.0,38.19,38.28,38.28,37.63
2014-05-02,176800.0,38.65,38.75,38.2,38.02
2014-05-05,158300.0,38.96,39.25,38.53,38.28
2014-05-06,130200.0,38.29,39.26,38.8,38.21
2014-05-07,141500.0,39.05,39.1,38.35,38.23
2014-05-08,135600.0,38.55,39.51,39.06,38.49
2014-05-09,96200.0,38.76,38.78,38.29,38.18
2014-05-12,190900.0,39.24,39.39,39.01,38.7517
2014-05-13,145600.0,38.65,39.56,39.25,38.64
2014-05-14,142100.0,38.38,38.83,38.64,38.26
2014-05-15,192300.0,38.27,38.454,38.17,37.62
2014-05-16,135600.0,38.64,38.68,38.19,38.0
2014-05-19,93800.0,38.63,38.77,38.55,38.33
2014-05-20,198700.0,38.05,39.135,38.54,37.74
2014-05-21,96300.0,37.81,38.24,38.13,37.72
2014-05-22,76000.0,37.84,38.1675,37.86,37.742
2014-05-23,283800.0,38.88,38.93,37.94,37.74
2014-05-27,242900.0,40.03,40.03,39.01,38.88
2014-05-28,194500.0,40.22,40.52,40.13,39.78
2014-05-29,94800.0,40.15,40.29,40.27,39.85
2014-05-30,159400.0,40.16,40.62,40.24,40.01
2014-06-02,132500.0,40.04,40.3,40.29,39.88
2014-06-03,407700.0,40.13,40.3,39.82,39.82
2014-06-04,240100.0,40.15,40.17,39.7,39.7
2014-06-05,163000.0,40.72,40.92,40.16,40.05
2014-06-06,158900.0,40.5,41.02,40.95,40.4
2014-06-09,95200.0,40.3,40.68,40.39,40.21
2014-06-10,130400.0,40.42,40.67,40.19,39.93
2014-06-11,130300.0,40.22,40.57,40.22,39.92
2014-06-12,160700.0,40.37,40.43,40.05,39.9
2014-06-13,152800.0,40.05,40.39,40.38,39.86
2014-06-16,202300.0,40.09,40.37,39.95,39.8
2014-06-17,192100.0,40.19,40.67,40.04,39.814
2014-06-18,150100.0,40.5,40.65,40.16,39.94
2014-06-19,80000.0,40.48,40.7699,40.64,40.3
2014-06-20,364900.0,40.64,40.9,40.64,40.396
2014-06-23,154000.0,40.34,40.88,40.65,40.26
2014-06-24,246000.0,41.02,41.16,40.15,40.065
2014-06-25,163400.0,41.36,41.395,40.87,40.382
2014-06-26,194900.0,41.37,41.55,41.4,40.861
2014-06-27,273800.0,41.7,41.8,41.12,41.12
2014-06-30,173600.0,41.4,41.68,41.68,41.27
2014-07-01,480000.0,41.9,42.09,41.54,41.3401
2014-07-02,204700.0,41.86,42.12,41.75,41.56
2014-07-03,99400.0,41.82,41.99,41.92,41.6
2014-07-07,164300.0,41.48,41.8,41.61,41.27
2014-07-08,327100.0,41.69,41.87,41.35,41.3
2014-07-09,178800.0,41.62,42.0,41.76,41.375
2014-07-10,344200.0,41.48,41.69,41.25,41.25
2014-07-11,113500.0,41.53,41.77,41.48,41.36
2014-07-14,109100.0,41.69,41.86,41.81,41.45
2014-07-15,170100.0,41.57,41.85,41.67,41.42
2014-07-16,282100.0,41.65,41.78,41.78,41.35
2014-07-17,237700.0,41.5,41.85,41.36,41.3
2014-07-18,204600.0,41.95,42.0,41.36,41.36
2014-07-21,121700.0,41.57,41.88,41.7,41.46
2014-07-22,113800.0,41.7,42.095,41.8,41.63
2014-07-23,404400.0,40.79,42.5,41.19,40.22
2014-07-24,237400.0,41.71,41.75,40.93,40.93
2014-07-25,223700.0,41.37,41.57,41.49,41.08
2014-07-28,175100.0,41.51,41.61,41.41,41.27
2014-07-29,205600.0,41.54,41.73,41.42,41.17
2014-07-30,234300.0,41.55,41.77,41.75,41.28
2014-07-31,332800.0,41.3,41.57,41.2,41.2
2014-08-01,339000.0,41.22,41.55,41.37,41.12
2014-08-04,181200.0,41.22,41.42,41.42,40.625
2014-08-05,284600.0,40.81,41.25,40.98,40.42
2014-08-06,139900.0,41.3,41.43,40.68,40.625
2014-08-07,107200.0,41.4,41.6,41.35,41.15
2014-08-08,146100.0,41.68,41.88,41.38,41.335
2014-08-11,177800.0,42.28,42.36,41.84,41.77
2014-08-12,151100.0,41.87,42.45,42.1,41.59
2014-08-13,104700.0,42.005,42.29,41.93,41.7425
2014-08-14,73700.0,42.16,42.37,41.98,41.92
2014-08-15,183400.0,42.3,42.52,42.52,42.03
2014-08-18,174300.0,42.57,42.63,42.33,42.213
2014-08-19,157200.0,43.04,43.09,42.73,42.61
2014-08-20,103000.0,42.82,42.97,42.88,42.44
2014-08-21,97600.0,42.92,43.05,42.74,42.59
2014-08-22,93300.0,42.72,43.02,42.81,42.59
2014-08-25,85300.0,42.81,43.04,42.84,42.51
2014-08-26,127500.0,42.83,43.11,42.83,42.78
2014-08-27,121500.0,42.8,43.0002,42.76,42.58
2014-08-28,96500.0,42.58,43.0,42.75,42.4858
2014-08-29,149800.0,42.68,43.02,42.58,42.28
2014-09-02,234000.0,42.93,43.06,42.76,42.61
2014-09-03,336800.0,42.57,43.11,43.04,42.49
2014-09-04,150600.0,42.44,42.8,42.63,42.225
2014-09-05,237500.0,42.93,43.2,42.3,42.24
2014-09-08,157000.0,42.76,43.01,42.91,42.51
2014-09-09,109400.0,42.3,42.7,42.61,42.23
2014-09-10,118200.0,41.92,42.39,42.31,41.75
2014-09-11,211400.0,41.7,42.17,41.74,41.57
2014-09-12,274500.0,40.59,41.68,41.34,40.2
2014-09-15,263100.0,40.78,40.92,40.61,40.45
2014-09-16,247200.0,41.27,41.49,40.73,40.73
2014-09-17,201500.0,41.06,41.48,41.22,40.85
2014-09-18,155800.0,40.94,41.41,41.09,40.9
2014-09-19,408200.0,41.09,41.46,40.98,40.77
2014-09-22,269600.0,40.82,41.33,40.89,40.7
2014-09-23,395100.0,40.23,40.98,40.65,40.09
2014-09-24,125122.0,40.56,40.745,40.31,39.833
2014-09-25,145937.0,40.2,40.53,40.4,40.07
2014-09-26,115393.0,40.55,40.67,40.22,40.09
2014-09-29,151990.0,40.82,40.84,40.32,40.07
2014-09-30,291524.0,40.21,40.99,40.88,40.2
2014-10-01,267734.0,40.26,40.62,40.35,40.02
2014-10-02,124562.0,40.3,40.75,40.25,40.04
2014-10-03,90337.0,40.51,40.82,40.62,40.37
2014-10-06,184000.0,40.49,40.89,40.57,40.29
2014-10-07,159726.0,40.17,40.59,40.29,40.09
2014-10-08,237779.0,40.83,40.89,40.09,39.89
2014-10-09,335301.0,40.75,41.27,40.72,40.72
2014-10-10,243256.0,41.27,41.71,40.95,40.95
2014-10-13,287529.0,41.88,42.29,41.26,41.26
2014-10-14,326570.0,41.92,42.76,42.23,41.82
2014-10-15,293521.0,42.05,42.41,41.54,41.33
2014-10-16,281205.0,42.26,42.39,41.59,41.59
2014-10-17,146002.0,42.33,42.82,42.82,42.22
2014-10-20,144573.0,42.97,43.0,42.17,42.13
2014-10-21,257875.0,42.6,42.95,42.01,41.78
2014-10-22,232071.0,42.23,42.85,42.52,42.1603
2014-10-23,238212.0,42.87,42.92,42.46,41.868
2014-10-24,185307.0,42.45,42.94,42.94,42.41
2014-10-27,225730.0,42.81,42.82,42.43,42.24
2014-10-28,249439.0,43.41,43.51,42.93,42.66
2014-10-29,180410.0,43.17,43.65,43.35,42.97
2014-10-30,155163.0,43.75,43.92,43.03,43.03
2014-10-31,262765.0,43.99,44.2,44.19,43.1901
2014-11-03,190044.0,44.07,44.2,44.01,43.8204
2014-11-04,158585.0,43.65,44.14,43.19,42.972
2014-11-05,143430.0,43.63,43.99,43.86,43.34
2014-11-06,86592.0,43.61,43.86,43.69,43.45
2014-11-07,135699.0,43.85,43.99,43.56,43.43
2014-11-10,183398.0,43.855,43.98,43.86,43.39
2014-11-11,202696.0,43.32,43.93,43.83,43.18
2014-11-12,165350.0,42.83,43.67,43.15,42.79
2014-11-13,158007.0,42.64,43.14,42.97,42.5
2014-11-14,203949.0,42.04,42.79,42.58,41.87
2014-11-17,160861.0,42.21,42.44,42.09,42.0
2014-11-18,197826.0,42.01,42.27,42.25,41.83
2014-11-19,121241.0,41.54,41.865,41.86,41.41
2014-11-20,196492.0,41.5,41.7,41.34,41.29
2014-11-21,218791.0,41.69,41.89,41.89,41.54
2014-11-24,189243.0,41.91,42.09,41.75,41.72
2014-11-25,158073.0,42.07,42.1,41.89,41.6
2014-11-26,163930.0,41.8,42.41,42.11,41.69
2014-11-28,129225.0,41.55,42.38,41.85,41.52
2014-12-01,210948.0,41.32,41.71,41.57,41.26
2014-12-02,130368.0,41.62,41.8,41.3,40.98
2014-12-03,175070.0,41.72,41.91,41.62,41.375
2014-12-04,142972.0,41.64,41.99,41.68,41.41
2014-12-05,139330.0,41.61,41.84,41.53,41.34
2014-12-08,244076.0,41.5,42.04,41.63,41.43
2014-12-09,392865.0,41.4,41.48,41.17,41.15
2014-12-10,297757.0,41.25,41.73,41.29,41.14
2014-12-11,162396.0,41.76,41.99,41.44,41.41
2014-12-12,213915.0,41.2,41.85,41.02,41.02
2014-12-15,197196.0,40.8,41.57,41.27,40.6
2014-12-16,225307.0,40.64,41.03,40.81,40.48
2014-12-17,250008.0,41.25,41.38,40.54,40.33
2014-12-18,152984.0,42.06,42.06,41.69,41.3908
2014-12-19,421545.0,42.1,42.11,41.97,41.26
2014-12-22,206607.0,42.59,42.62,42.18,41.77
2014-12-23,115792.0,42.58,42.91,42.58,42.31
2014-12-24,68914.0,42.62,42.92,42.73,42.47
2014-12-26,84671.0,42.55,42.91,42.77,42.47
2014-12-29,130324.0,42.98,43.06,42.53,42.37
2014-12-30,102411.0,42.53,43.28,42.81,42.43
2014-12-31,128954.0,41.87,42.89,42.72,41.81
2015-01-02,127546.0,42.16,42.29,41.98,41.8
2015-01-05,161913.0,42.11,42.555,41.92,41.91
2015-01-06,220375.0,42.14,42.605,42.25,41.86
2015-01-07,180446.0,42.57,42.58,42.2,41.73
2015-01-08,286936.0,42.64,43.34,42.83,42.46
2015-01-09,224161.0,42.03,42.63,42.63,42.01
2015-01-12,188274.0,41.96,42.4,42.14,41.82
2015-01-13,156092.0,41.96,42.47,42.27,41.55
2015-01-14,129424.0,42.13,42.13,41.63,41.18
2015-01-15,205490.0,41.13,42.5,42.24,40.97
2015-01-16,189335.0,42.29,42.36,40.98,40.93
2015-01-20,144671.0,41.8,42.385,42.28,41.71
2015-01-21,121267.0,41.98,42.02,41.81,41.52
2015-01-22,208828.0,43.17,43.19,42.18,41.69
2015-01-23,292174.0,42.2,43.48,43.3,42.15
2015-01-26,192880.0,42.79,42.885,42.32,41.88
2015-01-27,140014.0,42.68,43.02,42.5,42.28
2015-01-28,200481.0,42.51,43.55,42.88,42.08
2015-01-29,667941.0,40.46,42.67,42.67,39.66
2015-01-30,429460.0,39.86,40.47,40.1,39.4
2015-02-02,570541.0,39.93,40.2,39.9,39.14
2015-02-03,386618.0,39.99,40.36,40.05,39.68
2015-02-04,341892.0,39.85,40.1825,39.77,39.4901
2015-02-05,224943.0,40.51,40.65,39.87,39.87
2015-02-06,235915.0,40.01,40.5,40.5,39.76
2015-02-09,278165.0,39.86,40.24,39.9,39.71
2015-02-10,195698.0,39.91,40.06,40.06,39.66
2015-02-11,285346.0,39.68,40.18,39.77,39.57
2015-02-12,214465.0,40.0,40.25,39.91,39.78
2015-02-13,247383.0,39.96,40.21,39.96,39.749
2015-02-17,259979.0,39.69,40.31,39.88,39.62
2015-02-18,408870.0,39.91,40.07,39.51,39.32
2015-02-19,231645.0,39.82,40.11,39.83,39.66
2015-02-20,196119.0,40.02,40.23,39.91,39.73
2015-02-23,153846.0,40.24,40.46,40.04,39.85
2015-02-24,160483.0,39.83,40.38,40.12,39.77
2015-02-25,396892.0,39.93,40.22,39.75,39.75
2015-02-26,119488.0,40.05,40.16,39.81,39.775
2015-02-27,168148.0,39.93,40.39,40.13,39.9
2015-03-02,169424.0,40.13,40.44,39.85,39.826
2015-03-03,512883.0,39.71,40.16,40.11,39.5
2015-03-04,281966.0,39.46,39.764,39.42,39.38
2015-03-05,378949.0,39.39,39.81,39.46,39.37
2015-03-06,379300.0,38.76,39.42,39.05,38.57
2015-03-09,242958.0,38.82,39.13,38.76,38.7
2015-03-10,197039.0,38.54,38.83,38.58,38.485
2015-03-11,323184.0,38.14,38.84,38.53,37.95
2015-03-12,319857.0,38.52,38.57,38.24,38.09
2015-03-13,316729.0,38.88,39.5,39.37,38.66
2015-03-16,184248.0,39.44,39.58,39.0,38.81
2015-03-17,237348.0,39.52,39.61,39.44,39.19
2015-03-18,289338.0,39.97,40.2012,39.5,39.24
2015-03-19,233957.0,39.98,40.41,39.81,39.76
2015-03-20,431077.0,40.36,40.49,40.09,39.5
2015-03-23,151983.0,40.26,40.4,40.23,39.96
2015-03-24,169661.0,40.6,40.7901,40.17,40.14
2015-03-25,179658.0,39.86,40.66,40.61,39.8
2015-03-26,250240.0,39.67,39.81,39.59,39.3
2015-03-27,120845.0,39.82,39.93,39.71,39.56
2015-03-30,109364.0,40.06,40.394,39.92,39.785
2015-03-31,206523.0,40.04,40.29,39.86,39.83
2015-04-01,146921.0,39.75,40.11,39.79,39.29
2015-04-02,111365.0,39.7,40.0,39.83,39.62
2015-04-06,281431.0,39.6,39.83,39.47,39.17
2015-04-07,128028.0,39.06,39.51,39.51,39.01
2015-04-08,155029.0,39.23,39.33,39.05,38.925
2015-04-09,238920.0,38.79,39.18,39.16,38.3
2015-04-10,171949.0,39.14,39.35,38.92,38.87
2015-04-13,174406.0,39.37,39.74,39.17,39.005
2015-04-14,144979.0,39.07,39.58,39.4,39.03
2015-04-15,117238.0,39.04,39.36,39.22,39.02
2015-04-16,152552.0,38.8,39.0,38.92,38.58
2015-04-17,169408.0,38.1,38.768,38.59,38.03
2015-04-20,146472.0,38.25,38.52,38.23,38.17
2015-04-21,147504.0,38.12,38.61,38.35,38.04
2015-04-22,304038.0,37.47,38.23,37.51,36.9356
2015-04-23,373106.0,37.16,37.41,37.27,36.9
2015-04-24,232475.0,37.62,37.67,37.29,37.09
2015-04-27,227097.0,37.44,37.9091,37.79,37.1501
2015-04-28,207974.0,38.1,38.2,37.37,37.2601
2015-04-29,172272.0,37.55,38.09,37.93,37.5
2015-04-30,311723.0,36.91,37.87,37.32,36.89
2015-05-01,269681.0,37.03,38.46,36.81,36.57
2015-05-04,115271.0,36.68,37.48,37.02,36.64
2015-05-05,216183.0,35.9,36.98,36.68,35.83
2015-05-06,131859.0,36.01,36.37,36.04,35.78
2015-05-07,178945.0,36.1,36.46,35.95,35.82
2015-05-08,216170.0,36.54,36.86,36.53,36.4
2015-05-11,161249.0,36.01,36.76,36.56,35.96
2015-05-12,175646.0,35.51,36.11,35.9,35.1
2015-05-13,143534.0,35.04,35.99,35.76,35.0
2015-05-14,149126.0,35.55,35.73,35.22,35.13
2015-05-15,105759.0,35.63,35.84,35.64,35.43
2015-05-18,249172.0,35.56,35.69,35.44,35.32
2015-05-19,237612.0,36.13,36.24,35.53,35.28
2015-05-20,272242.0,36.23,36.55,36.25,36.0
2015-05-21,217175.0,36.1,36.52,36.27,35.69
2015-05-22,167490.0,36.13,36.41,36.0,35.74
2015-05-26,204364.0,36.1,36.36,36.07,36.02
2015-05-27,199541.0,36.52,36.54,36.16,36.05
2015-05-28,204948.0,36.45,36.65,36.36,36.15
2015-05-29,227324.0,36.28,36.54,36.36,36.08
2015-06-01,201348.0,36.22,36.498,36.37,36.05
2015-06-02,237822.0,36.51,36.55,36.1,36.06
2015-06-03,278734.0,36.66,36.75,36.46,36.31
2015-06-04,212167.0,36.13,36.46,36.28,36.1
2015-06-05,271715.0,36.13,36.28,36.1,36.01
2015-06-08,278907.0,35.96,36.12,36.1,35.69
2015-06-09,239622.0,35.77,36.05,35.92,35.75
2015-06-10,257410.0,35.67,36.221,35.95,35.65
2015-06-11,273150.0,35.74,35.86,35.8,35.6
2015-06-12,104948.0,35.79,35.83,35.74,35.62
2015-06-15,180120.0,35.42,35.77,35.58,35.29
2015-06-16,202495.0,35.92,36.12,35.45,35.45
2015-06-17,199582.0,36.14,36.2606,36.04,35.81
2015-06-18,212772.0,36.76,36.77,36.25,36.15
2015-06-19,282460.0,36.58,36.94,36.84,36.39
2015-06-22,140486.0,36.43,36.66,36.63,36.29
2015-06-23,151210.0,36.42,36.49,36.34,36.03
2015-06-24,193521.0,36.2,36.51,36.39,36.18
2015-06-25,119175.0,36.08,36.32,36.28,35.9128
2015-06-26,537489.0,36.46,36.51,36.04,35.98
2015-06-29,168134.0,35.74,36.59,36.42,35.72
2015-06-30,201827.0,35.32,35.95,35.95,35.25
2015-07-01,149002.0,35.51,35.68,35.41,35.25
2015-07-02,122786.0,35.64,36.11,35.61,35.47
2015-07-06,166245.0,35.7,35.8465,35.54,35.37
2015-07-07,177042.0,35.9,36.15,35.82,35.52
2015-07-08,183481.0,35.8,35.99,35.82,35.59
2015-07-09,123243.0,35.45,36.34,36.1,35.31
2015-07-10,197132.0,35.04,35.856,35.65,35.03
2015-07-13,136525.0,35.14,35.364,35.1,34.9
2015-07-14,110318.0,34.84,35.251,35.1,34.82
2015-07-15,106309.0,34.91,35.19,34.84,34.66
2015-07-16,114440.0,35.0,35.18,35.18,34.825
2015-07-17,185984.0,34.36,34.93,34.93,34.31
2015-07-20,121704.0,34.39,34.55,34.37,34.09
2015-07-21,157206.0,34.08,34.61,34.32,33.95
2015-07-22,176327.0,34.04,34.31,33.89,33.87
2015-07-23,158618.0,33.55,34.36,34.1,33.38
2015-07-24,210621.0,33.6,33.73,33.44,33.37
2015-07-27,173326.0,33.74,33.82,33.48,33.48
2015-07-28,225720.0,34.47,34.7,34.03,33.74
2015-07-29,258010.0,34.54,34.84,34.34,34.075
2015-07-30,218167.0,34.6,34.73,34.41,34.17
2015-07-31,180749.0,35.01,35.24,34.86,34.86
2015-08-03,285617.0,35.07,35.34,34.98,34.85
2015-08-04,203322.0,35.06,35.2,35.12,34.96
2015-08-05,136543.0,35.11,35.28,35.28,34.88
2015-08-06,244430.0,35.0,35.35,35.04,34.81
2015-08-07,171417.0,35.0,35.18,34.88,34.71
2015-08-10,165618.0,35.14,35.2553,35.17,34.95
2015-08-11,99362.0,35.13,35.34,34.96,34.96
2015-08-12,164663.0,35.25,35.28,34.88,34.86
2015-08-13,164374.0,35.64,35.89,35.25,35.08
2015-08-14,116941.0,35.87,35.87,35.55,35.44
2015-08-17,164929.0,35.96,35.97,35.76,35.473
2015-08-18,159018.0,36.1,36.12,35.89,35.6
2015-08-19,161591.0,35.8,36.14,35.94,35.52
2015-08-20,135786.0,35.34,36.04,35.58,35.3
2015-08-21,178269.0,34.52,35.2,34.88,34.46
2015-08-24,564282.0,33.41,34.28,33.36,33.09
2015-08-25,364965.0,32.66,34.19,34.19,32.62
2015-08-26,321512.0,33.02,33.24,33.24,32.65
2015-08-27,486500.0,33.38,33.74,33.16,32.82
2015-08-28,196244.0,33.59,33.78,33.29,33.24
2015-08-31,235003.0,33.02,33.78,33.43,33.0
2015-09-01,294033.0,32.82,33.04,32.54,32.54
2015-09-02,161674.0,33.13,33.15,33.01,32.675
2015-09-03,177576.0,32.83,33.235,33.11,32.8
2015-09-04,85446.0,32.25,32.91,32.51,32.1
2015-09-08,279532.0,32.3,32.62,32.55,32.15
2015-09-09,211181.0,31.72,32.81,32.51,31.63
2015-09-10,233781.0,31.9,32.18,31.69,31.57
2015-09-11,288915.0,31.86,31.94,31.76,31.52
2015-09-14,199766.0,31.24,31.57,31.57,31.07
2015-09-15,324839.0,30.78,31.2,31.18,30.7
2015-09-16,278047.0,31.15,31.24,30.69,30.68
2015-09-17,465118.0,31.18,31.78,31.18,31.08
2015-09-18,356448.0,30.79,31.2,30.83,30.7
2015-09-21,186701.0,30.88,31.09,31.02,30.75
2015-09-22,206314.0,30.42,31.02,30.7,30.39
2015-09-23,118522.0,30.13,30.6,30.49,30.06
2015-09-24,209837.0,29.62,30.102,30.0,29.4001
2015-09-25,272659.0,29.23,29.91,29.82,29.18
2015-09-28,180593.0,28.8,29.34,29.14,28.74
2015-09-29,216517.0,28.54,29.09,28.8,28.4
2015-09-30,268286.0,28.79,29.01,28.94,28.43
2015-10-01,262982.0,28.28,28.88,28.73,28.12
2015-10-02,229877.0,28.68,28.68,28.09,28.0
2015-10-05,226417.0,29.72,29.75,28.98,28.98
2015-10-06,154469.0,29.49,29.85,29.66,29.4
2015-10-07,460092.0,30.12,30.14,29.61,29.39
2015-10-08,265317.0,30.07,30.2299,30.04,29.68
2015-10-09,323581.0,30.06,32.02,30.64,29.885
2015-10-12,224211.0,30.02,30.14,30.06,29.82
2015-10-13,156362.0,29.77,30.14,29.86,29.4
2015-10-14,129717.0,29.64,29.97,29.71,29.57
2015-10-15,113686.0,29.71,29.75,29.7,29.27
2015-10-16,132951.0,29.49,30.04,29.76,29.47
2015-10-19,107028.0,29.6,29.605,29.36,29.27
2015-10-20,156737.0,29.56,29.69,29.53,29.42
2015-10-21,114351.0,29.24,29.6516,29.53,29.21
2015-10-22,140531.0,29.78,29.94,29.26,29.26
2015-10-23,154424.0,29.58,30.0,29.95,29.24
2015-10-26,151079.0,29.31,32.01,29.59,29.15
2015-10-27,382232.0,29.09,29.54,29.12,28.72
2015-10-28,465077.0,30.74,30.75,29.0,28.88
2015-10-29,307962.0,31.31,31.39,30.67,30.37
2015-10-30,307609.0,31.24,31.615,31.4,31.18
2015-11-02,335393.0,32.63,32.68,31.2,31.1201
2015-11-03,278520.0,32.79,33.06,32.51,32.48
2015-11-04,267643.0,32.38,32.93,32.83,32.3
2015-11-05,208963.0,33.19,33.27,32.49,32.21
2015-11-06,452500.0,32.69,32.985,32.91,32.3475
2015-11-09,285184.0,33.08,33.15,32.9,32.31
2015-11-10,218780.0,33.04,33.12,33.05,32.6
2015-11-11,159698.0,33.08,33.21,33.08,32.69
2015-11-12,159415.0,32.04,33.04,32.84,32.0
2015-11-13,152180.0,32.05,32.32,32.0,31.69
2015-11-16,109696.0,32.4,32.4,32.0,31.96
2015-11-17,142848.0,32.55,32.84,32.27,32.2346
2015-11-18,231091.0,32.68,32.7599,32.67,32.21
2015-11-19,158368.0,32.54,32.8,32.63,32.22
2015-11-20,159143.0,32.99,33.17,32.75,32.615
2015-11-23,118116.0,33.04,33.7235,32.91,32.91
2015-11-24,175409.0,33.44,33.62,32.87,32.87
2015-11-25,104224.0,33.7,33.85,33.43,33.26
2015-11-27,66943.0,34.08,34.14,33.66,33.51
2015-11-30,249300.0,33.42,34.24,34.11,33.39
2015-12-01,134323.0,33.73,33.7799,33.51,33.32
2015-12-02,114994.0,33.12,33.83,33.74,33.05
2015-12-03,152117.0,32.34,33.38,33.19,32.32
2015-12-04,127306.0,32.65,32.84,32.33,32.31
2015-12-07,143177.0,32.18,32.64,32.64,31.79
2015-12-08,102978.0,31.98,32.24,31.95,31.74
2015-12-09,137948.0,31.67,32.33,31.88,31.62
2015-12-10,238714.0,31.23,31.95,31.59,30.76
2015-12-11,208311.0,30.69,31.095,30.78,30.55
2015-12-14,253859.0,30.29,30.59,30.39,30.02
2015-12-15,207709.0,30.56,30.73,30.48,30.28
2015-12-16,267325.0,31.05,31.17,30.73,30.33
2015-12-17,206571.0,31.28,31.44,31.18,30.86
2015-12-18,589596.0,30.35,31.28,31.1,30.22
2015-12-21,230087.0,30.12,31.22,30.49,29.84
2015-12-22,198550.0,30.52,30.695,30.14,30.04
2015-12-23,134875.0,30.99,31.02,30.68,30.47
2015-12-24,69484.0,31.29,31.47,31.04,30.88
2015-12-28,113758.0,31.3,31.55,31.21,30.94
2015-12-29,139651.0,31.56,31.72,31.48,31.3
2015-12-30,166854.0,30.98,31.78,31.47,30.94
2015-12-31,295568.0,30.24,30.94,30.94,30.22
2016-01-04,316928.0,29.39,30.03,29.86,29.24
2016-01-05,204552.0,29.72,29.9,29.43,29.255
2016-01-06,212094.0,29.1,29.5899,29.37,28.87
2016-01-07,366605.0,27.81,28.73,28.64,27.59
2016-01-08,286414.0,27.24,27.9,27.84,27.13
2016-01-11,246674.0,26.87,27.485,27.26,26.76
2016-01-12,498180.0,26.46,27.03,27.03,25.56
2016-01-13,209867.0,25.99,26.9,26.47,25.84
2016-01-14,189243.0,26.2,26.43,26.15,25.72
2016-01-15,212603.0,25.71,26.841,25.63,25.16
2016-01-19,287443.0,25.32,26.44,26.07,24.99
2016-01-20,250272.0,25.14,25.47,25.03,24.0101
2016-01-21,218027.0,25.41,26.01,25.16,25.15
2016-01-22,274003.0,25.89,26.2,25.71,25.13
2016-01-25,179468.0,24.54,25.77,25.73,24.47
2016-01-26,707918.0,26.34,27.45,26.53,25.64
2016-01-27,600331.0,27.48,27.67,26.33,26.1
2016-01-28,394666.0,27.27,27.75,27.59,27.0
2016-01-29,559290.0,28.84,28.84,27.18,27.17
2016-02-01,301415.0,28.4,28.87,28.52,28.3
2016-02-02,298444.0,28.28,28.63,28.39,27.905
2016-02-03,242971.0,28.78,29.36,28.57,27.83
2016-02-04,227397.0,28.98,29.58,28.82,28.82
2016-02-05,462029.0,28.34,28.95,28.95,28.115
2016-02-08,521394.0,27.9,28.4577,28.22,27.61
2016-02-09,387712.0,27.02,27.76,27.67,26.79
2016-02-10,271027.0,26.76,27.69,27.06,26.68
2016-02-11,479839.0,25.92,26.76,26.49,25.79
2016-02-12,392037.0,25.83,26.41,26.19,25.49
2016-02-16,391050.0,26.54,26.83,26.18,26.01
2016-02-17,467790.0,26.64,27.17,26.84,26.49
2016-02-18,533077.0,26.6,27.09,26.76,26.24
2016-02-19,669330.0,26.14,26.64,26.48,25.95
2016-02-22,242079.0,26.53,26.9,26.38,26.38
2016-02-23,581188.0,26.07,26.82,26.42,25.98
2016-02-24,677658.0,26.17,26.54,25.87,25.25
2016-02-25,601103.0,26.29,26.69,26.3,26.11
2016-02-26,494105.0,26.52,26.835,26.53,26.33
2016-02-29,432372.0,26.44,26.82,26.52,26.11
2016-03-01,495988.0,26.67,27.95,26.54,26.26
2016-03-02,501996.0,27.2,27.32,26.28,25.96
2016-03-03,430883.0,27.37,27.56,27.21,27.2
2016-03-04,511258.0,28.07,28.147,27.39,27.29
2016-03-07,339262.0,28.52,28.74,28.01,28.01
2016-03-08,260426.0,28.25,28.55,28.3,28.12
2016-03-09,407538.0,29.39,29.41,28.38,28.34
2016-03-10,398389.0,29.62,29.64,29.36,29.21
2016-03-11,466452.0,30.4,30.53,29.8,29.6431
2016-03-14,430177.0,29.34,30.39,30.2,29.12
2016-03-15,255097.0,29.06,29.29,29.21,28.7234
2016-03-16,436906.0,29.02,29.1996,28.93,28.64
2016-03-17,418239.0,29.84,29.9599,29.07,28.81
2016-03-18,639053.0,30.81,30.85,29.95,29.71
2016-03-21,242326.0,30.52,30.74,30.68,30.2
2016-03-22,276843.0,30.94,31.17,30.33,30.26
2016-03-23,363190.0,30.13,31.05,30.89,30.0
2016-03-24,270276.0,29.85,30.12,30.04,29.46
2016-03-28,159678.0,30.05,30.19,29.96,29.64
2016-03-29,312253.0,31.32,31.52,30.0,30.0
2016-03-30,320209.0,31.51,31.8,31.52,31.21
2016-03-31,462285.0,31.5,32.0,31.57,31.08
2016-04-01,182860.0,32.04,32.1,31.45,31.055
2016-04-04,191238.0,32.11,32.29,32.07,31.84
2016-04-05,245986.0,31.69,32.05,31.89,31.63
2016-04-06,217294.0,31.89,32.04,31.66,31.35
2016-04-07,280424.0,31.71,32.12,31.78,31.61
2016-04-08,216983.0,32.22,32.42,31.89,31.77
2016-04-11,154561.0,32.42,32.64,32.31,31.94
2016-04-12,193852.0,32.84,33.01,32.49,32.367
2016-04-13,245933.0,33.19,33.3,32.91,32.59
2016-04-14,137527.0,33.41,33.5,33.22,33.07
2016-04-15,157070.0,33.69,33.91,33.27,32.85
2016-04-18,119242.0,33.92,34.04,33.52,33.485
2016-04-19,161466.0,34.15,34.33,34.06,33.8001
2016-04-20,172447.0,33.88,34.29,34.21,33.692
2016-04-21,235693.0,33.95,34.12,33.97,33.67
2016-04-22,187101.0,34.24,34.39,33.92,33.9
2016-04-25,189796.0,33.84,34.16,34.16,33.64
2016-04-26,275823.0,35.17,35.28,34.99,34.02
2016-04-27,204462.0,35.52,35.84,35.05,34.02
2016-04-28,217967.0,35.31,35.94,35.45,35.25
2016-04-29,174511.0,35.22,35.6,35.24,35.01
2016-05-02,236521.0,34.89,35.54,35.38,34.87
2016-05-03,157979.0,34.25,34.94,34.69,33.92
2016-05-04,212051.0,34.36,34.54,34.09,34.05
2016-05-05,127034.0,34.33,34.64,34.4,34.21
2016-05-06,192218.0,34.28,34.6,34.2,33.94
2016-05-09,133772.0,34.31,34.66,34.17,33.87
2016-05-10,204292.0,34.72,34.76,34.34,34.12
2016-05-11,249392.0,34.36,34.8,34.7,34.2501
2016-05-12,162832.0,34.53,34.84,34.5,34.24
2016-05-13,224131.0,34.49,34.575,34.37,33.98
2016-05-16,301252.0,35.0,35.15,34.52,34.52
2016-05-17,284369.0,35.01,35.15,34.81,34.48
2016-05-18,224386.0,34.46,35.25,34.98,34.255
2016-05-19,191244.0,33.66,34.47,34.16,33.62
2016-05-20,200216.0,34.06,34.08,33.82,33.55
2016-05-23,127525.0,33.71,34.29,34.0,33.68
2016-05-24,151919.0,34.29,34.33,33.79,33.79
2016-05-25,171990.0,34.68,34.77,34.27,34.17
2016-05-26,123721.0,34.29,34.81,34.69,34.2001
2016-05-27,151605.0,34.28,34.665,34.26,34.11
2016-05-31,152856.0,34.18,34.33,34.23,34.06
2016-06-01,264200.0,34.41,34.41,34.01,33.87
2016-06-02,215567.0,34.53,34.54,34.31,33.92
2016-06-03,113904.0,34.69,34.72,34.56,34.24
2016-06-06,238624.0,34.18,34.81,34.33,34.13
2016-06-07,187384.0,34.58,34.82,34.24,34.24
2016-06-08,76978.0,34.63,34.75,34.58,34.41
2016-06-09,117306.0,34.82,34.86,34.48,34.3076
2016-06-10,124986.0,34.4,34.84,34.56,34.28
2016-06-13,106552.0,34.1,34.735,34.32,34.0
2016-06-14,240645.0,33.29,34.01,33.97,32.97
2016-06-15,156318.0,32.93,33.76,33.4,32.91
2016-06-16,159633.0,33.04,33.09,32.8,32.51
2016-06-17,500173.0,33.66,34.66,33.15,33.15
2016-06-20,152147.0,33.8,34.11,34.02,33.62
2016-06-21,87894.0,33.55,34.06,33.76,33.54
2016-06-22,110913.0,33.33,33.68,33.62,33.3
2016-06-23,201326.0,33.97,34.03,33.59,33.59
2016-06-24,598212.0,32.35,33.62,32.92,32.33
2016-06-27,294188.0,31.32,32.09,32.09,31.29
2016-06-28,342165.0,32.46,32.52,31.48,31.48
2016-06-29,185878.0,32.86,33.1,32.8,32.465
2016-06-30,346068.0,34.1,34.13,32.99,32.525
2016-07-01,245305.0,34.38,34.63,34.26,34.13
2016-07-05,193070.0,33.86,34.37,34.21,33.69
2016-07-06,187829.0,34.55,34.66,33.63,33.53
2016-07-07,87943.0,33.96,34.655,34.56,33.8
2016-07-08,178756.0,35.19,35.25,34.29,34.005
2016-07-11,233281.0,36.24,36.26,35.37,35.19
2016-07-12,345547.0,37.06,37.23,36.36,33.01
2016-07-13,191938.0,37.06,37.4,37.25,36.77
2016-07-14,288200.0,36.64,37.38,37.21,36.61
2016-07-15,176294.0,36.87,37.23,36.91,36.55
2016-07-18,110466.0,36.66,37.11,36.77,36.5
2016-07-19,244028.0,36.61,36.81,36.68,36.19
2016-07-20,98379.0,36.68,36.82,36.61,36.34
2016-07-21,186394.0,36.9,36.98,36.52,36.4
2016-07-22,100294.0,37.43,37.55,36.78,34.221
2016-07-25,99940.0,36.97,37.54,37.45,36.88
2016-07-26,210678.0,37.42,37.79,37.68,37.174
2016-07-27,205699.0,37.02,37.07,36.5,36.32
2016-07-28,247975.0,38.0,38.2,37.02,37.02
2016-07-29,308103.0,38.25,38.85,38.03,38.03
2016-08-01,188403.0,38.5,38.53,38.32,37.99
2016-08-02,226694.0,37.81,38.85,38.48,37.64
2016-08-03,203453.0,37.85,38.14,37.84,37.62
2016-08-04,149985.0,37.76,38.69,38.58,37.74
2016-08-05,222690.0,38.11,38.43,37.88,37.86
2016-08-08,159892.0,37.93,38.41,38.12,37.76
2016-08-09,151303.0,37.52,38.09,37.7,37.33
2016-08-10,122489.0,37.71,37.99,37.53,37.53
2016-08-11,228560.0,37.94,37.97,37.87,37.43
2016-08-12,134882.0,37.81,37.99,37.86,37.3
2016-08-15,150678.0,38.44,38.55,37.81,37.81
2016-08-16,277937.0,38.34,38.49,38.27,38.07
2016-08-17,139934.0,38.56,38.76,38.32,38.1994
2016-08-18,286297.0,38.57,38.85,38.45,38.17
2016-08-19,223311.0,38.92,38.94,38.56,38.43
2016-08-22,145332.0,38.76,38.95,38.89,38.42
2016-08-23,191637.0,39.68,39.9,39.03,38.76
2016-08-24,250915.0,38.87,39.91,39.65,38.86
2016-08-25,197529.0,38.61,39.38,38.91,38.49
2016-08-26,208229.0,37.78,39.09,38.67,37.57
2016-08-29,207553.0,38.18,38.3099,37.89,37.89
2016-08-30,133905.0,38.01,38.42,38.08,37.84
2016-08-31,244034.0,37.87,38.4,37.93,37.48
2016-09-01,190394.0,38.68,38.73,37.85,37.68
2016-09-02,184258.0,38.94,39.25,38.79,38.65
2016-09-06,120644.0,39.1,39.51,39.12,38.8
2016-09-07,390040.0,39.12,39.68,39.12,38.625
2016-09-08,120260.0,38.8,39.08,38.93,38.67
2016-09-09,321952.0,37.91,38.44,38.44,37.49
2016-09-12,309329.0,37.92,38.16,37.74,37.54
2016-09-13,171662.0,36.2,37.95,37.55,36.087
2016-09-14,135772.0,36.02,36.38,36.36,35.376
2016-09-15,159321.0,36.66,36.71,36.01,35.45
2016-09-16,292270.0,36.1,36.42,36.31,35.892
2016-09-19,91484.0,36.51,36.68,36.27,36.07
2016-09-20,106500.0,36.43,36.78,36.69,36.4
2016-09-21,263852.0,37.13,37.15,36.52,35.925
2016-09-22,236299.0,37.93,38.28,37.42,36.95
2016-09-23,213721.0,38.42,38.48,37.66,37.54
2016-09-26,289548.0,38.55,39.08,38.15,38.12
2016-09-27,264222.0,38.85,39.25,38.57,38.45
2016-09-28,295203.0,39.15,39.56,38.88,38.88
2016-09-29,175382.0,38.24,39.14,38.97,38.12
2016-09-30,484317.0,38.89,39.28,38.61,38.2
2016-10-03,470322.0,38.59,39.59,39.59,38.115
2016-10-04,200524.0,37.69,38.66,38.59,37.64
2016-10-05,258391.0,37.02,38.62,37.87,37.0
2016-10-06,214961.0,37.46,37.79,36.96,36.61
2016-10-07,299481.0,37.94,38.39,37.68,37.52
2016-10-10,245116.0,38.97,39.02,38.03,37.75
2016-10-11,263879.0,38.34,39.11,38.75,38.26
2016-10-12,112655.0,38.96,39.46,38.38,37.75
2016-10-13,269146.0,38.63,38.83,38.49,38.365
2016-10-14,296949.0,39.29,39.74,38.69,38.3
2016-10-17,270933.0,39.05,39.2,37.9,36.65
2016-10-18,132998.0,38.8,39.275,39.2,38.8
2016-10-19,113815.0,39.4,39.5,38.75,38.7
2016-10-20,193983.0,39.35,39.45,39.2,38.6
2016-10-21,357809.0,39.05,39.2,38.15,37.1
2016-10-24,282432.0,39.1,39.85,39.45,38.7
2016-10-25,515242.0,39.95,40.35,39.2,38.95
2016-10-26,360409.0,39.35,40.2,39.8,39.25
2016-10-27,312975.0,38.9,39.5,39.5,38.7
2016-10-28,214408.0,39.35,39.4,38.75,38.75
2016-10-31,306773.0,38.4,39.75,39.45,38.4
2016-11-01,218342.0,37.6,38.65,38.6,37.3
2016-11-02,160864.0,36.95,37.7,37.7,36.95
2016-11-03,316983.0,37.7,38.15,37.15,36.35
2016-11-04,358649.0,37.55,38.65,37.95,37.55
2016-11-07,356582.0,37.85,38.8,38.25,37.5
2016-11-08,227590.0,37.8,38.25,37.9,37.65
2016-11-09,459698.0,39.45,39.95,37.3,36.95
2016-11-10,464765.0,39.25,40.55,39.8,39.1
2016-11-11,369845.0,39.95,40.5,39.4,39.15
2016-11-14,425452.0,40.35,40.55,40.0,39.85
2016-11-15,318938.0,40.6,40.8,40.4,39.25
2016-11-16,466503.0,41.0,41.7,40.15,39.85
2016-11-17,491969.0,41.65,41.825,41.0,38.35
2016-11-18,460596.0,42.65,42.75,41.85,41.5
2016-11-21,325130.0,43.3,43.6,43.0,42.65
2016-11-22,419205.0,43.45,43.6,42.15,40.4
2016-11-23,284137.0,42.65,43.7,43.45,42.45
2016-11-25,152523.0,42.65,43.0,42.7,42.3
2016-11-28,329319.0,42.15,42.95,42.6,41.75
2016-11-29,226434.0,41.95,42.55,42.25,41.6
2016-11-30,283247.0,41.075,42.05,42.05,40.8
2016-12-01,226291.0,40.55,41.4336,41.15,40.4
2016-12-02,238305.0,41.25,41.5,40.6,40.375
2016-12-05,288396.0,41.45,41.7,41.4,41.2
2016-12-06,401995.0,41.65,41.75,41.5,41.3
2016-12-07,362148.0,42.8,43.075,41.75,41.75
2016-12-08,446736.0,43.35,44.0,42.85,42.55
2016-12-09,216842.0,43.2,43.8,43.15,42.9818
2016-12-12,229801.0,42.85,43.45,43.0,42.2
2016-12-13,185046.0,43.2,43.4,43.2,42.475
2016-12-14,272213.0,41.95,43.0,42.95,41.85
2016-12-15,349257.0,40.875,41.8,41.8,40.65
2016-12-16,624797.0,41.7,42.05,41.1,41.1
2016-12-19,151999.0,41.85,42.25,41.75,41.35
2016-12-20,185114.0,41.95,42.65,41.95,41.35
2016-12-21,143404.0,41.75,42.9,41.95,41.6
2016-12-22,129334.0,41.5,41.75,41.55,41.1
2016-12-23,59342.0,41.9,41.9,41.5,41.35
2016-12-27,54337.0,42.05,42.55,42.0,41.8
2016-12-28,156194.0,41.05,42.55,42.0,40.7
2016-12-29,90731.0,41.95,42.0,41.25,41.05
2016-12-30,163800.0,41.65,42.2,42.2,41.35
2017-01-03,242571.0,41.95,42.65,42.15,41.15
2017-01-04,330230.0,42.2,42.9,42.2,41.95
2017-01-05,231030.0,41.9,42.6,42.2,41.8
2017-01-06,171563.0,41.35,42.25,41.95,41.35
2017-01-09,169455.0,40.9,41.7,41.35,40.9
2017-01-10,177082.0,41.9,41.95,40.95,40.8
2017-01-11,191407.0,42.3,42.55,41.85,41.4
2017-01-12,231819.0,41.25,42.15,42.15,40.75
2017-01-13,276283.0,41.45,41.9,41.4,40.95
2017-01-17,239059.0,41.2,41.75,41.5,40.8
2017-01-18,203220.0,40.85,41.75,41.3,40.65
2017-01-19,180874.0,39.95,40.9,40.75,39.95
2017-01-20,218680.0,39.95,40.52,40.15,39.7
2017-01-23,199389.0,40.1,40.2,39.9,39.65
2017-01-24,215320.0,40.925,41.05,40.15,40.05
2017-01-25,139328.0,41.1,41.45,40.85,40.85
2017-01-26,155624.0,40.75,41.3,41.0,40.6
2017-01-27,150596.0,40.0,40.85,40.85,39.75
2017-01-30,176614.0,39.75,39.9,39.75,39.05
2017-01-31,382472.0,41.2,41.35,39.85,39.85
2017-02-01,360406.0,41.45,41.65,41.0,40.4
2017-02-02,540818.0,42.6,42.85,41.55,40.75
2017-02-03,342754.0,43.55,43.65,42.5,42.1
2017-02-06,363078.0,43.05,43.7,43.4,42.25
2017-02-07,293839.0,43.0,43.3,43.0,42.7
2017-02-08,245008.0,43.55,43.85,42.9,42.9
2017-02-09,375295.0,45.15,45.2,43.65,43.65
2017-02-10,292030.0,44.75,45.5,45.25,44.65
2017-02-13,315381.0,44.2,45.05,44.8,43.85
2017-02-14,125819.0,44.05,44.4,43.95,43.65
2017-02-15,147222.0,44.1,44.25,43.8,43.4
2017-02-16,169539.0,43.6,44.35,44.1,43.45
2017-02-17,227889.0,44.15,44.15,43.75,43.3
2017-02-21,189529.0,44.65,44.85,44.25,43.85
2017-02-22,202930.0,44.4,44.6,44.45,44.05
2017-02-23,215434.0,44.8,44.825,44.7,43.9
2017-02-24,179403.0,44.1,44.575,44.55,43.9
2017-02-27,299523.0,44.8,44.9,44.1,44.0
2017-02-28,221873.0,44.25,44.9,44.7,44.2
2017-03-01,232933.0,44.9,45.0,44.65,44.05
2017-03-02,188232.0,44.45,44.7,44.7,44.3
2017-03-03,215403.0,44.25,44.25,43.85,43.6
2017-03-06,234100.0,44.05,44.175,43.9,43.3
2017-03-07,299666.0,44.0,44.05,43.95,43.5
2017-03-08,261366.0,43.35,44.05,44.05,43.3
2017-03-09,316669.0,43.25,43.6,43.4,42.8
2017-03-10,235612.0,43.05,43.75,43.6,42.85
2017-03-13,204067.0,43.65,43.85,43.05,42.975
2017-03-14,294737.0,43.95,44.5,43.45,43.0
2017-03-15,345167.0,44.65,44.8,44.2,43.6
2017-03-16,271439.0,44.75,44.8,44.8,44.2
2017-03-17,439028.0,44.7,45.0,44.5,44.45
2017-03-20,336760.0,44.3,45.15,44.6,44.25
2017-03-21,164646.0,44.0,44.65,44.55,43.925
2017-03-22,168064.0,44.2,44.4,43.9,43.5
2017-03-23,177668.0,44.75,44.9,44.2,43.6
2017-03-24,262262.0,44.75,45.1,44.85,44.525
2017-03-27,147387.0,44.65,44.85,44.35,43.6
2017-03-28,153689.0,44.85,45.1,44.5,44.35
2017-03-29,437216.0,45.45,45.8,44.9,44.6
2017-03-30,325232.0,45.55,45.8,45.4,45.25
2017-03-31,510350.0,45.7,46.0,45.4,45.2
2017-04-03,427891.0,46.0,46.05,45.75,45.5
2017-04-04,378609.0,46.05,46.4,45.9,45.65
2017-04-05,475046.0,45.3,46.3,46.3,45.225
2017-04-06,585600.0,46.75,46.85,45.35,44.65
2017-04-07,550212.0,47.85,48.0,46.75,46.45
2017-04-10,376742.0,47.75,48.8481,47.85,47.7
2017-04-11,377281.0,46.75,47.45,46.7,45.85
2017-04-12,379276.0,46.25,46.7,46.5,46.0
2017-04-13,355815.0,46.9,47.9,46.2,46.2
2017-04-17,273835.0,47.65,47.65,47.05,46.9
2017-04-18,293293.0,47.15,47.9,47.55,46.95
2017-04-19,529731.0,46.35,47.5401,46.95,46.05
2017-04-20,268186.0,46.95,47.05,46.55,46.45
2017-04-21,216118.0,46.8,47.1,46.8,46.35
2017-04-24,484455.0,47.05,47.6,47.4,46.6
2017-04-25,824805.0,45.25,47.35,47.35,45.0
2017-04-26,527905.0,46.5,46.825,45.25,44.95
2017-04-27,391469.0,46.95,48.05,46.75,46.45
2017-04-28,456119.0,45.05,47.25,47.0,44.95
2017-05-01,381483.0,45.95,45.95,45.2,44.505
2017-05-02,455392.0,45.65,46.1,45.9,45.5
2017-05-03,312202.0,45.15,46.2,45.7,44.8
2017-05-04,451581.0,44.7,46.25,46.25,44.6
2017-05-05,450296.0,45.35,45.475,44.95,44.525
2017-05-08,184156.0,45.35,45.7,45.35,44.95
2017-05-09,173371.0,45.15,45.5,45.25,44.8
2017-05-10,361647.0,45.1,45.65,45.05,44.95
2017-05-11,407523.0,44.4,45.0,44.95,44.15
2017-05-12,176125.0,44.55,44.7,44.35,43.9
2017-05-15,231149.0,45.3,45.65,44.75,44.35
2017-05-16,165664.0,45.4,45.625,45.35,44.425
2017-05-17,502932.0,43.75,45.35,44.95,43.65
2017-05-18,303786.0,43.5,44.1,43.7,43.15
2017-05-19,215628.0,44.35,44.45,43.5,43.3
2017-05-22,114475.0,44.45,44.9,44.55,44.05
2017-05-23,105473.0,44.75,45.0,44.6,44.15
2017-05-24,181335.0,45.05,45.5,44.85,44.625
2017-05-25,109025.0,45.05,45.45,45.2,45.0
2017-05-26,78135.0,44.7,45.2,45.2,44.65
2017-05-30,634332.0,44.6,45.15,44.7,44.473
2017-05-31,336135.0,45.75,45.8,44.8,44.35
2017-06-01,263547.0,46.45,46.5,45.85,45.0
2017-06-02,266890.0,46.1,47.1,46.55,46.05
2017-06-05,316420.0,45.15,45.9,45.8,44.9
2017-06-06,207013.0,45.1,45.4,44.9,44.2245
2017-06-07,148646.0,45.0,45.25,45.0,44.075
2017-06-08,174512.0,45.45,45.45,45.0,44.55
2017-06-09,290123.0,46.65,46.65,45.6,44.925
2017-06-12,331483.0,46.7,47.2,46.7,46.4
2017-06-13,180204.0,47.4,47.45,46.9,46.5
2017-06-14,205402.0,47.05,47.7,47.5,45.975
2017-06-15,201632.0,47.0,47.35,46.6,46.6
2017-06-16,425721.0,47.25,47.35,46.7,46.45
2017-06-19,252238.0,47.75,47.975,47.3,46.775
2017-06-20,320563.0,47.2,47.85,47.75,46.9
2017-06-21,124400.0,46.95,47.55,47.2,46.85
2017-06-22,117800.0,47.35,47.45,47.0,46.75
2017-06-23,461011.0,48.2,48.3,47.45,47.1
2017-06-26,385209.0,48.25,48.55,48.5,47.9966
2017-06-27,646566.0,45.5,48.3,47.6,45.45
2017-06-28,229103.0,45.75,46.0,45.85,45.255
2017-06-29,202785.0,45.35,45.7,45.7,44.85
2017-06-30,250760.0,45.7,45.95,45.6,45.3591
2017-07-03,146745.0,45.95,46.3,45.85,45.6
2017-07-05,168923.0,45.75,46.2,45.9,45.5
2017-07-06,307527.0,45.05,45.6,45.55,44.875
2017-07-07,297842.0,45.65,45.8,45.1,45.05
2017-07-10,431111.0,45.35,45.8,45.65,45.275
2017-07-11,192600.0,45.7,45.775,45.3,45.15
2017-07-12,194913.0,46.65,46.95,46.05,46.05
2017-07-13,179923.0,45.9,46.95,46.75,45.85
2017-07-14,328866.0,46.1,46.25,45.85,45.4
2017-07-17,383052.0,46.25,46.3,46.05,45.45
2017-07-18,196488.0,46.45,46.95,46.1,46.05
2017-07-19,255795.0,47.45,47.6,46.55,46.55
2017-07-20,188062.0,47.7,48.05,47.45,47.05
2017-07-21,401298.0,48.1,48.375,48.0,47.4
2017-07-24,247402.0,47.55,48.2,48.2,47.2
2017-07-25,489470.0,48.55,49.0,48.75,47.5
2017-07-26,366574.0,48.4,49.0,48.9,48.3
2017-07-27,503234.0,48.55,48.95,48.7,48.05
2017-07-28,284249.0,47.55,48.55,48.5,47.05
2017-07-31,240149.0,47.85,47.95,47.75,46.925
2017-08-01,166171.0,48.8,48.8,48.15,47.875
2017-08-02,167117.0,47.6,48.8,48.8,47.45
2017-08-03,349804.0,48.15,48.35,47.65,47.55
2017-08-04,159653.0,48.45,48.7,48.25,48.15
2017-08-07,259617.0,48.5,48.625,48.5,48.05
2017-08-08,237725.0,47.8,48.75,48.5,47.6
2017-08-09,170918.0,47.15,48.0,47.6,47.1
2017-08-10,120100.0,46.75,47.4,47.05,46.75
2017-08-11,234448.0,46.7,47.1,46.85,46.45
2017-08-14,176529.0,47.35,47.55,46.65,46.65
2017-08-15,140927.0,46.9,47.35,47.35,46.65
2017-08-16,138851.0,46.3,47.25,47.05,46.225
2017-08-17,398994.0,44.35,46.45,46.3,44.25
2017-08-18,221746.0,44.4,44.55,44.0,43.85
2017-08-21,189313.0,44.5,44.75,44.2,44.2
2017-08-22,156007.0,44.1,44.85,44.7,44.1
2017-08-23,263461.0,44.25,44.65,43.9,43.85
2017-08-24,262978.0,44.6,44.9,44.45,44.2
2017-08-25,128326.0,45.35,45.55,45.0,44.7824
2017-08-28,372408.0,45.35,45.7,45.55,44.85
2017-08-29,124200.0,45.3,45.55,45.0,45.0
2017-08-30,194313.0,46.05,46.1,45.15,45.15
2017-08-31,303900.0,47.8,47.85,46.1,45.8
2017-09-01,322505.0,47.05,48.0,47.9,46.9
2017-09-05,231098.0,47.55,47.725,47.0,46.4
2017-09-06,235990.0,48.1,48.35,47.8,47.642
2017-09-07,210141.0,47.8,48.3,48.3,47.8
2017-09-08,308290.0,48.75,48.75,47.95,47.65
2017-09-11,258602.0,48.55,49.35,49.0,48.5
2017-09-12,253887.0,48.6,48.9,48.7,48.15
2017-09-13,268603.0,48.2,48.95,48.5,48.1
2017-09-14,342305.0,48.0,48.55,47.85,47.6
2017-09-15,545660.0,47.85,48.2,47.85,47.45
2017-09-18,312896.0,47.8,48.05,47.9,47.55
2017-09-19,315192.0,49.0,49.0,48.0,47.8
2017-09-20,265226.0,48.6,49.05,48.95,48.5
2017-09-21,236094.0,48.9,48.95,48.55,48.25
2017-09-22,611437.0,50.0,50.275,49.0,48.4
2017-09-25,511002.0,50.65,51.25,50.15,49.65
2017-09-26,334822.0,50.75,51.3,50.8,50.65
2017-09-27,314636.0,51.35,51.4,50.9,50.4
2017-09-28,237304.0,51.25,51.4,51.3,50.65
2017-09-29,272969.0,51.0,51.3,51.3,50.55
2017-10-02,343175.0,51.75,52.25,51.25,51.1
2017-10-03,317392.0,52.35,52.45,51.8,51.75
2017-10-04,300401.0,51.5,52.15,51.85,51.5
2017-10-05,374966.0,50.9,52.2,51.45,50.8
2017-10-06,653501.0,50.7,51.3759,50.85,50.2
2017-10-09,165757.0,50.75,51.05,51.05,50.35
2017-10-10,195196.0,51.2,51.7,50.85,50.7
2017-10-11,248687.0,51.6,52.05,51.15,51.07
2017-10-12,170320.0,51.6,52.15,51.55,51.475
2017-10-13,201756.0,52.3,52.55,51.7,51.5
2017-10-16,155208.0,52.45,52.6,52.4,51.8
2017-10-17,178476.0,52.25,52.818,52.3,51.95
2017-10-18,266029.0,53.0,53.1,52.2,51.9
2017-10-19,314311.0,53.35,53.6,52.85,52.4
2017-10-20,279803.0,53.0,53.8,53.6,52.85
2017-10-23,1609541.0,52.5,56.35,55.8,52.4
2017-10-24,924102.0,51.25,53.1,52.35,50.4
2017-10-25,523414.0,50.65,51.9,51.35,50.45
2017-10-26,618459.0,51.9,52.55,51.25,50.9
2017-10-27,487322.0,51.8,52.4,51.75,51.55
2017-10-30,418034.0,51.45,52.1,51.65,50.9
2017-10-31,440486.0,51.8,52.05,51.6,51.2
2017-11-01,546274.0,52.5,52.85,52.05,51.9
2017-11-02,452645.0,51.9,53.2,52.6,51.85
2017-11-03,327611.0,51.85,52.2202,51.65,51.23
2017-11-06,341889.0,51.3,52.15,51.75,51.15
2017-11-07,486365.0,51.9,52.05,51.3,51.2
2017-11-08,290221.0,52.25,52.6,51.9,51.65
2017-11-09,427275.0,52.1,52.5,51.95,51.75
2017-11-10,602074.0,52.6,52.9,52.1,52.05
2017-11-13,519813.0,52.55,54.05,52.4,52.4
2017-11-14,575635.0,53.15,53.7,52.6,52.3
2017-11-15,428204.0,53.45,53.8,53.0,52.5
2017-11-16,646425.0,53.85,53.95,53.55,52.95
2017-11-17,460142.0,53.5,53.75,53.55,53.2
2017-11-20,344473.0,52.65,53.65,53.4,52.45
2017-11-21,252382.0,52.65,53.05,52.75,52.4
2017-11-22,181618.0,52.55,52.8,52.7,52.3
2017-11-24,188895.0,52.175,52.75,52.75,51.85
2017-11-27,410049.0,51.95,52.4,52.1,51.45
2017-11-28,403186.0,52.25,52.75,52.1,51.85
2017-11-29,452300.0,51.3,52.4,52.1,51.05
2017-11-30,567177.0,51.6,51.75,51.35,51.25
2017-12-01,538687.0,51.7,51.9,51.5,50.95
2017-12-04,411128.0,50.75,52.15,51.9,50.5
2017-12-05,288570.0,51.2,51.65,50.95,50.6
2017-12-06,189908.0,51.15,51.5,51.15,50.725
2017-12-07,452141.0,51.25,51.55,50.95,50.5
2017-12-08,448038.0,50.55,51.5,51.3,50.5
2017-12-11,388469.0,50.95,51.25,50.65,50.2
2017-12-12,981723.0,51.55,51.95,51.1,51.0
2017-12-13,617357.0,50.85,51.95,51.7,50.75
2017-12-14,663211.0,51.0,51.25,51.0,50.6
2017-12-15,657473.0,51.25,51.7,51.0,50.85
2017-12-18,414573.0,51.15,51.65,51.15,50.95
2017-12-19,298757.0,50.8,51.7,51.0,50.75
2017-12-20,272755.0,50.55,51.2,50.9,50.525
2017-12-21,452528.0,49.55,50.85,50.55,49.5
2017-12-22,690741.0,48.75,50.05,49.5,48.7
2017-12-26,585512.0,49.45,49.95,48.5,47.8
2017-12-27,610512.0,49.45,50.35,49.6,49.45
2017-12-28,326274.0,49.6,49.95,49.45,49.15
2017-12-29,400202.0,49.9,50.45,49.65,49.1
2018-01-02,426644.0,50.6,50.7,50.4,50.0
2018-01-03,504075.0,51.75,51.85,50.75,50.75
2018-01-04,627820.0,50.05,51.95,51.85,49.95
2018-01-05,476012.0,50.1,50.55,50.35,49.8
2018-01-08,694650.0,51.55,51.8,51.1,50.4
2018-01-09,503962.0,50.35,51.95,51.75,50.2
2018-01-10,679914.0,50.7,50.8,50.15,49.45
2018-01-11,608169.0,51.85,52.0,50.6,50.4
2018-01-12,332169.0,51.55,52.2,51.85,51.45
2018-01-16,469788.0,51.25,52.05,51.75,51.2
2018-01-17,291498.0,52.45,52.75,51.3,51.25
2018-01-18,389898.0,51.85,52.6,52.15,51.775
2018-01-19,440118.0,51.95,52.3,51.6,51.6
2018-01-22,374861.0,51.9,52.25,52.0,51.6
2018-01-23,401122.0,52.5,52.6,51.75,51.4
2018-01-24,708258.0,54.5,54.8,52.55,52.5
2018-01-25,512706.0,55.35,55.4,54.5,53.95
2018-01-26,371457.0,55.5,55.75,55.6,54.75
2018-01-29,692407.0,55.0,55.7,55.5,54.6
2018-01-30,438712.0,54.05,55.55,53.75,53.75
2018-01-31,732027.0,52.9,54.7,54.3,52.55
2018-02-01,594743.0,52.9,53.1,53.05,52.25
2018-02-02,557867.0,52.1,52.9,52.45,51.55
2018-02-05,517750.0,50.7,52.1,51.75,50.55
2018-02-06,741771.0,50.8,51.15,50.1,49.4
2018-02-07,652941.0,50.0,50.75,50.5,49.75
2018-02-08,588248.0,49.1,50.25,50.05,49.05
2018-02-09,530985.0,49.45,50.1,49.5,48.4
2018-02-12,481250.0,50.8,50.85,49.6,49.15
2018-02-13,584458.0,51.9,52.05,50.85,50.4
2018-02-14,803942.0,54.3,54.5,51.4,51.25
2018-02-15,630816.0,54.0,54.575,54.4,53.45
2018-02-16,431808.0,54.75,54.9,53.95,53.35
2018-02-20,3808463.0,51.95,54.85,54.65,51.75
2018-02-21,1343750.0,52.0,52.8,51.75,51.275
2018-02-22,678228.0,51.25,52.55,52.45,51.15
2018-02-23,586070.0,52.25,52.35,51.6,51.3
2018-02-26,621634.0,53.35,53.45,52.35,52.2
2018-02-27,658366.0,52.65,53.6,53.45,52.35
2018-02-28,750729.0,51.15,52.95,52.95,51.1
2018-03-01,859517.0,50.25,51.65,51.2,49.85
2018-03-02,773574.0,51.9,52.0,50.05,49.75
2018-03-05,602626.0,51.1,52.05,51.8,51.1
2018-03-06,658870.0,51.75,51.8,51.0,50.4
2018-03-07,701017.0,50.9,51.85,51.45,50.6
2018-03-08,790663.0,50.95,51.2,51.0,50.45
2018-03-09,625160.0,50.55,51.5,51.1,50.05
2018-03-12,628385.0,51.45,51.65,50.45,50.45
2018-03-13,620075.0,51.85,52.25,51.75,51.6
2018-03-14,297391.0,51.7,52.2,52.0,51.4
2018-03-15,743123.0,52.5,52.5,51.75,51.7
2018-03-16,835188.0,53.45,53.55,52.35,52.1
2018-03-19,439185.0,52.45,53.25,53.2,52.05
2018-03-20,423029.0,51.95,52.95,52.5,51.725
2018-03-21,339744.0,52.25,53.0,52.05,51.75
2018-03-22,638788.0,53.05,53.65,51.8,51.65
2018-03-23,462243.0,50.45,53.25,52.95,50.45
2018-03-26,679679.0,52.2,52.4,51.0,50.9
2018-03-27,634230.0,52.75,53.45,52.35,51.55
2018-03-28,696345.0,52.75,53.75,52.7,52.7
2018-03-29,811841.0,52.05,53.35,53.1,51.875
2018-04-02,791571.0,52.0,52.3,51.85,51.3
2018-04-03,852147.0,51.25,52.5,52.2,50.75
2018-04-04,757235.0,52.9,53.05,50.8,50.8
2018-04-05,583781.0,52.75,53.45,53.0,52.5
2018-04-06,571664.0,52.65,53.25,52.5,52.05
2018-04-09,392142.0,52.35,53.05,52.85,52.25
2018-04-10,446300.0,52.55,53.05,52.85,52.4
2018-04-11,363080.0,52.55,53.025,52.35,52.25
2018-04-12,303863.0,52.45,53.0,52.7,52.05
2018-04-13,574336.0,52.8,53.075,52.45,52.45
2018-04-16,702962.0,52.65,52.9,52.7,52.45
2018-04-17,492671.0,53.1,53.4,52.6,52.6
2018-04-18,425246.0,53.2,53.6,53.25,53.1
2018-04-19,419407.0,52.85,53.1,53.05,52.55
2018-04-20,530932.0,52.4,53.0,52.6,52.25
2018-04-23,217052.0,52.5,52.85,52.5,52.25
2018-04-24,374179.0,52.15,52.95,52.5,52.0
2018-04-25,377020.0,52.3,52.55,52.2,51.95
2018-04-26,288488.0,52.05,52.4,52.3,51.65
2018-04-27,369493.0,52.65,52.9,51.95,51.9
2018-04-30,590804.0,51.85,52.9,52.85,51.85
2018-05-01,504609.0,51.8,52.1,51.9,51.25
2018-05-02,500044.0,51.85,52.2,51.85,51.45
2018-05-03,544394.0,51.55,52.8,52.0,51.4
2018-05-04,790557.0,48.75,52.55,52.55,48.65
2018-05-07,870885.0,49.3,49.85,49.3,48.8
2018-05-08,956203.0,48.4,49.35,49.3,47.6
2018-05-09,675292.0,48.05,48.6,48.25,47.85
2018-05-10,581782.0,48.45,48.7,48.3,48.05
2018-05-11,511215.0,47.7,50.075,48.45,47.3
2018-05-14,1133152.0,47.0,48.0,47.6,46.5
2018-05-15,634804.0,46.45,46.95,46.95,46.2
2018-05-16,384831.0,46.6,47.1,46.55,46.5
2018-05-17,367411.0,47.2,47.275,46.8,46.45
2018-05-18,662971.0,48.3,48.45,47.4,47.3
2018-05-21,629012.0,48.95,49.05,48.55,48.25
2018-05-22,700475.0,49.9,49.9,49.05,48.9
2018-05-23,696450.0,49.85,50.5,49.85,49.5
2018-05-24,501911.0,49.3,49.825,49.7,48.75
2018-05-25,457571.0,50.05,50.4,49.35,49.35
2018-05-29,397826.0,49.85,50.15,49.9,49.7
2018-05-30,464735.0,50.45,50.55,49.95,49.95
2018-05-31,591285.0,50.5,50.8,50.35,49.95
2018-06-01,369681.0,51.15,51.25,50.7,50.1
2018-06-04,372679.0,51.55,51.7,51.15,51.0
2018-06-05,667061.0,52.0,52.05,51.55,51.45
2018-06-06,416026.0,51.5,51.75,51.6,51.05
2018-06-07,424607.0,51.65,51.75,51.4,51.25
2018-06-08,554701.0,51.85,51.95,51.45,50.975
